topic_id,word,reln,arg2,source,source_category,example_sentence,example_status
0,good,amod.dep,people,reddit,coronavirus,"this is disinformation when times are [[[good]]] [[[people]]] will make up imaginary social issues and exaggerate small problems, we have no time for that now being in the midst of a global pandemic.",parser
0,good,nsubj.gov,thats,reddit,coronavirus,[[[thats]]] not [[[good]]] for the body.,parser
0,good,advmod.gov,really,reddit,coronavirus,"the trials showed [[[really]]] [[[good]]] results, so they had to stop the trials to give the drug to even the placebo group how about they do the trial properly just to be sure, yeah?",parser
0,good,advmod.gov,still,reddit,coronavirus,"[[[still]]], these numbers are not as [[[good]]] as youd hope for, given that this is for symptomatic infection.",parser
0,coronavirus,nn.dep,trials,reddit,coronavirus,"fauci says [[[coronavirus]]] vaccine [[[trials]]] could be stopped early if they produce good results stopped is not the right word, modify the trial parameter so that the placebo group also receives the vaccine.",parser
0,coronavirus,amod.gov,new,reddit,coronavirus,"korea reports 104 more cases of [[[new]]] [[[coronavirus]]], total now at 9,241 | yonhap news agency 30/104 cases imported from other countries9,241 total cases (+104)4,144 total recovered (+414) 364,942 total tests 30+a imported from other countries 30 tested positive at the airport (mostly from europe) 74 locally transmitted cases not really.",parser
0,coronavirus,nsubj.gov,study,reddit,coronavirus,"the best thing in that news article is:>a [[[study]]] from chinese researchers on healthcare workers who recovered from the sars [[[coronavirus]]] in 2002 found that the number of sars antibodies peaked in patients bloodstreams in 2004, and declined afterward until the study ended in 2015.",parser
0,coronavirus,nn.dep,protein,reddit,coronavirus,"researchers have designed a molecule that sticks tightly to the [[[coronavirus]]] spike [[[protein]]], preventing the virus from infecting cells.",parser
0,coronavirus,amod.gov,new,news,Morning Call,"researchers around the globe are investigating whether vitamin d, known as the sunshine vitamin, can help reduce peoples risk of catching the [[[new]]] [[[coronavirus]]] and even aid in treating patients with covid-19.",parser
0,dont,advmod.gov,even,reddit,coronavirus,[[[even]]] though many countries [[[dont]]] have them.,parser
0,dont,rcmod.dep,people,reddit,coronavirus,"i was wearing one lastnight along with my spouse and [[[people]]] here thought we were aliens and shit talked us the whole time most people [[[dont]]] graduate past the 8th grade and those who do, still only have an 8th grade education.",weak_match
0,dont,nsubj.gov,people,reddit,coronavirus,"i was wearing one lastnight along with my spouse and [[[people]]] here thought we were aliens and shit talked us the whole time most people [[[dont]]] graduate past the 8th grade and those who do, still only have an 8th grade education.",parser
0,dont,dobj.gov,people,reddit,coronavirus,"i was wearing one lastnight along with my spouse and [[[people]]] here thought we were aliens and shit talked us the whole time most people [[[dont]]] graduate past the 8th grade and those who do, still only have an 8th grade education.",weak_match
0,dont,advmod.gov,really,reddit,coronavirus,"now i get that youre trolling, but i [[[really]]] [[[dont]]] want to run out of toilet paper.",parser
0,dont,amod.dep,people,reddit,coronavirus,then all well have to worry about are the [[[people]]] who [[[dont]]] want it.,weak_match
0,dont,advmod.gov,people,reddit,coronavirus,of course no one took notice because the majority of [[[people]]] who went very likely didnt bother looking up blm uk and most white people probably [[[dont]]] even follow them.,weak_match
0,dont,conj.gov,people,reddit,coronavirus,of course no one took notice because the majority of [[[people]]] who went very likely didnt bother looking up blm uk and most white people probably [[[dont]]] even follow them.,weak_match
0,dont,advmod.gov,still,reddit,coronavirus,"definitely [[[still]]] [[[dont]]] feel comfortable telling work people about it, but i would probably take if it was offered solely because its free.",parser
0,dont,advmod.gov,even,news,Morning Call,"we are in the process of getting the system going for developing a challenge stock [of coronavirus], [[[even]]] though we really [[[dont]]] consider that something we really will have to operationalize, fauci said.",parser
0,dont,advmod.gov,really,news,Morning Call,"we are in the process of getting the system going for developing a challenge stock [of coronavirus], even though we [[[really]]] [[[dont]]] consider that something we really will have to operationalize, fauci said.",parser
0,dont,advmod.gov,still,news,Morning Call,"more than a year later, we [[[still]]] [[[dont]]] know exactly what happened.",parser
0,get,nsubj.gov,people,reddit,coronavirus,when rich [[[people]]] [[[get]]] it too then its for reals.,parser
0,get,advmod.gov,even,reddit,coronavirus,i refuse to [[[even]]] [[[get]]] the mail     lol alright ill start doing that.,parser
0,get,advmod.gov,people,reddit,coronavirus,id say hundreds of thousands i want to know why some [[[people]]] [[[get]]] barely any symptoms and others die damnit!,weak_match
0,get,dobj.gov,people,reddit,coronavirus,id say hundreds of thousands i want to know why some [[[people]]] [[[get]]] barely any symptoms and others die damnit!,weak_match
0,get,advmod.gov,well,reddit,coronavirus,"as a tasmanian, i am still hoping our little state with its isolation and low population density can [[[get]]] through this relatively [[[well]]] off.",parser
0,get,advmod.gov,still,reddit,coronavirus,"no shit they [[[still]]] [[[get]]] by, that wasnt the discussion.",parser
0,get,aux.gov,might,reddit,coronavirus,")bad actors [[[might]]] still [[[get]]] around this, of course, but it will not be nearly as easy or as tempting.",parser
0,get,advmod.gov,really,reddit,coronavirus,"around 20% of global population under coronavirus lockdown >britons told to stay at home while trump goes against tide, saying economy will reopen in weeks, not monthsi dont [[[really]]] [[[get]]] whats the point on trying to give false expectations.",parser
0,get,nsubj.gov,people,news,Morning Call,"susan lanham-new, a professor of human nutrition at surrey university in england, says most [[[people]]] will [[[get]]] about three micrograms a day through their diet, the other natural source being summer sunlight.",parser
0,get,dobj.gov,people,news,Morning Call,"a lack of vitamin d also is linked in many studies with a host of conditions such as hypertension and diabetes that increase [[[people]]]s chances of catching covid-19 and, if they [[[get]]] it, of suffering more serious symptoms and death.",weak_match
0,get,prep.of.gov,people,news,Morning Call,"a lack of vitamin d also is linked in many studies with a host of conditions such as hypertension and diabetes that increase [[[people]]]s chances of catching covid-19 and, if they [[[get]]] it, of suffering more serious symptoms and death.",weak_match
0,people,dobj.dep,get,reddit,coronavirus,when rich [[[people]]] [[[get]]] it too then its for reals.,weak_match
0,people,amod.gov,good,reddit,coronavirus,"this is disinformation when times are [[[good]]] [[[people]]] will make up imaginary social issues and exaggerate small problems, we have no time for that now being in the midst of a global pandemic.",parser
0,people,prep.of.gov,people,reddit,coronavirus,now they think theyre validated in their view because the only [[[[[[people]]]]]] that see/interact are people that share the opinion.,weak_match
0,people,dobj.dep,using,reddit,coronavirus,"if [[[people]]] [[[using]]] their benefits that theyve earned for working just like everyone else puts a strain on staff then management needs to hire more people, simple as that.",weak_match
0,people,amod.gov,people,reddit,coronavirus,"most [[[[[[people]]]]]] were laughing along when he did it, right?",weak_match
0,people,conj.gov,people,reddit,coronavirus,"if one superspreader gives it to 20 or more [[[[[[people]]]]]] and most people give it to no one else or maybe 1 person each, then it really matters if a superspreading event or person makes it into your sample.",parser
0,people,amod.gov,risk,reddit,coronavirus,the [[[people]]] at greatest [[[risk]]] from covid are the elderly and those with underlying medical conditions.,weak_match
0,thats,advmod.gov,people,reddit,coronavirus,"[[[thats]]] very hard, as [[[people]]] are not willing and it would cause problems for a lot of workers.",weak_match
0,thats,advmod.gov,well,reddit,coronavirus,[[[well]]] [[[thats]]] the worst news of the day thats the problem.,parser
0,thats,nsubj.gov,thats,reddit,coronavirus,well [[[[[[thats]]]]]] the worst news of the day thats the problem.,weak_match
0,thats,amod.gov,good,reddit,coronavirus,oh no [[[thats]]] not [[[good]]] tell them they are dying for the economy and they should be proud -popular crazy radio host -ruling administration im thinking about these places.,parser
0,virus,amod.gov,new,reddit,coronavirus,we must not let the united states attach a [[[new]]] [[[virus]]] to the coronavirus by stopping our social activities through tremendous fear.,parser
0,virus,advmod.gov,even,reddit,coronavirus,another study speculated that [[[even]]] this [[[virus]]] had a previous entry in human population.,parser
0,virus,dobj.dep,get,reddit,coronavirus,"variolation for the win!for what its worth, more health authorities are already starting to consider how to [[[get]]] this [[[virus]]] to the *right* people the *right* way.",parser
0,virus,nn.dep,protein,news,Morning Call,this allows scientists to study the properties of the spike [[[protein]]] within the context of a well-understood system and make direct comparisons about virulence with a known [[[virus]]].,weak_match
0,well,advmod.gov,really,reddit,coronavirus,they have played this [[[really]]] [[[well]]].,parser
0,see,nsubj.gov,thats,reddit,coronavirus,"[[[thats]]] a bold move cotton, lets [[[see]]] how it works out.",parser
0,see,advmod.gov,well,reddit,coronavirus,then [[[well]]] [[[see]]] how each nation does.,parser
0,see,nsubj.gov,people,news,Morning Call,"prayer may help [[[people]]] [[[see]]] situations in a new light or from a different perspective, ohio state universitysbushman, coauthor of the 2011 study, said.",parser
0,see,dobj.gov,people,news,Morning Call,"ecological momentary assessment studies, which allow [[[people]]] to virtually record actions in real time, would help when [[[see]]]king associations between prayer and health on a regular basis.",weak_match
1,market,nn.dep,research,news,Morning Call,"youre on the hook to cook this year, said jeanine bassett, general mills vice president of [[[market]]] [[[research]]].",parser
1,economic,amod.dep,times,news,Morning Call,"it is a rare kind of coal, a shiny metallic rock called anthracite that burns relatively cleanly and fetches high prices even in tough [[[economic]]] [[[times]]].",parser
1,business,amod.gov,best,news,Morning Call,"people say the [[[best]]] [[[business]]] is the military, von twickel said.",parser
1,business,amod.gov,american,news,Morning Call,that figure comes from a new oxfam report highlighting the staggering amount of money being made in the top echelons of [[[american]]] [[[business]]] at a time of widespread death and economic devastation.,parser
1,business,conj.gov,top,news,Morning Call,---chinas [[[top]]] [[[business]]] and commerce regulator is investigating luckin coffee.,weak_match
1,markets,amod.gov,financial,news,Morning Call,"[[[financial]]] [[[markets]]] are outperforming the world by the biggest margin in the 21st century, and with good reason: americas economy improved more in joe bidens first 12 months than any president during the past 50 years, notwithstanding the contrary media narrative contributing to dour public opinion.",parser
1,markets,amod.gov,international,news,Morning Call,"valley forges portfolio of stocks isnt tied to the [[[international]]] [[[markets]]], kantesaria said, and our companies in general provide predictable earnings over the next five to 10 years.",parser
1,markets,amod.gov,american,news,Morning Call,cohen coauthored research in 2015 and 2016 that showed that much manufacturing touted as reshored was actually new investment from foreign companies seeking access to [[[american]]] [[[markets]]] and innovation.,parser
1,economy,amod.gov,american,news,Morning Call,"5 million fewer jobs in the [[[american]]] [[[economy]]] than there were before the pandemic hit, and argue that unemployment will keep a lid on inflation.",parser
1,economy,dobj.dep,benefit,news,Morning Call,"this will not only [[[benefit]]] the u. [[[economy]]], but it will fuel global growth, laurence boone, the oecds chief economist, said last month.",parser
1,economy,amod.gov,larger,news,Morning Call,"by the end of next year, global output will be $3 trillion [[[larger]]] than it would have been without the new u. thats akin to adding another france to the global [[[economy]]].",weak_match
1,economy,amod.gov,benefit,news,Morning Call,"it would be good if europe picked up the baton in 2022-23. as foreign investors pile into u. stocks and bonds, seeking to [[[benefit]]] from the roaring [[[economy]]], the dollar is defying its predicted decline.",weak_match
1,companies,amod.gov,american,news,Morning Call,"he and rodon are encouraging other u. manufacturers to evaluate the true costs for producing overseas — including soaring costs and shipping delays — and to bring back some manufacturing to [[[american]]] [[[companies]]] like rodon, which employs 128 people who make precision plastic parts in a hatfield township industrial park.",parser
1,companies,nn.gov,international,news,Morning Call,"as the coronavirus outbreak rattles the global economy and disrupts supply chains, [[[international]]] [[[companies]]] across nearly every industry are confronting a stark reality: business will not go on as usual.",weak_match
1,companies,amod.gov,international,news,Morning Call,"as the coronavirus outbreak rattles the global economy and disrupts supply chains, [[[international]]] [[[companies]]] across nearly every industry are confronting a stark reality: business will not go on as usual.",parser
1,companies,amod.gov,best,news,Morning Call,"by now, it should be abundantly clear that the current shale oil business model does not work -- even for the very [[[best]]] [[[companies]]] in the industry, the investment firm sailingstone capital partners explained in a recent note.",parser
1,companies,amod.gov,larger,news,Morning Call,"until the capital markets began to get suspicious, private equity investors could flip [[[companies]]] they had funded to [[[larger]]], public companies, making a profitable exit regardless of whether or not the underlying business was making money.",parser
1,companies,amod.gov,european,news,Morning Call,some customs records explicitly list [[[european]]] [[[companies]]] as the ultimate destination for ukrainian coal transiting through russia.,parser
1,companies,dobj.dep,spent,news,Morning Call,"from 2010 to 2019, [[[companies]]] listed in the standard & poors 500-stock index [[[spent]]] $9.",weak_match
1,companies,amod.gov,financial,news,Morning Call,"the losses have hit across the u. small-cap market, with shares of [[[financial]]], technology, healthcare and energy [[[companies]]] falling.",parser
2,park,nn.gov,games,news,Morning Call,"(pay-what-you-wish, oct. org)fall festival & concert, tacony creek [[[park]]](music / in-person / free / outdoors / kid-friendly) nature-centric [[[games]]], arts, crafts, and live music inspired specifically by the tacony creek by professor randy j. gibson and his double portion ensemble (at 3 p. ) come together for a nice time.",weak_match
2,play,prep.at.gov,warriors,news,Morning Call,his return will come sunday when the [[[warriors]]] [[[play]]] the cleveland cavaliers in san francisco.,weak_match
2,music,nn.dep,games,news,Morning Call,"(pay-what-you-wish, oct. org)fall festival & concert, tacony creek park([[[music]]] / in-person / free / outdoors / kid-friendly) nature-centric [[[games]]], arts, crafts, and live music inspired specifically by the tacony creek by professor randy j. gibson and his double portion ensemble (at 3 p. ) come together for a nice time.",weak_match
2,games,prep.from.dep,warriors,reddit,coronavirus,fans banned from [[[warriors]]] [[[games]]] at chase center to curb coronavirus spread great news.,weak_match
2,games,nn.gov,warriors,reddit,coronavirus,fans banned from [[[warriors]]] [[[games]]] at chase center to curb coronavirus spread great news.,parser
2,games,nn.gov,center,reddit,coronavirus,fans banned from warriors [[[games]]] at chase [[[center]]] to curb coronavirus spread great news.,weak_match
2,games,prep.at.gov,warriors,reddit,coronavirus,fans banned from [[[warriors]]] [[[games]]] at chase center to curb coronavirus spread great news.,weak_match
2,games,prep.at.gov,center,reddit,coronavirus,fans banned from warriors [[[games]]] at chase [[[center]]] to curb coronavirus spread great news.,weak_match
3,vaccination,dobj.dep,received,gov,Alabama,"cdphe is sending updated guidance regarding additional and booster doses to those who [[[received]]] a [[[vaccination]]] at a dr. moma health & wellness is a monoclonal antibody provider, which is determined at the federal level.",parser
3,vaccination,amod.gov,additional,gov,Alabama,"we are incredibly proud that these health systems have stood up to arm their communities with [[[additional]]] [[[vaccination]]] and treatment efforts in the fight against covid-19, said msdh state health officer thomas dobbs, md, mph.",parser
3,vaccination,conj.gov,johnson,gov,Alabama,"the food and drug administration has approved every adult for a booster dose either six months after completing a pfizer or moderna [[[vaccination]]] series, or two months after a [[[johnson]]] & johnson vaccination.",parser
3,vaccination,nn.dep,johnson,gov,Alabama,"the food and drug administration has approved every adult for a booster dose either six months after completing a pfizer or moderna [[[vaccination]]] series, or two months after a [[[johnson]]] & johnson vaccination.",parser
3,vaccination,conj.dep,johnson,gov,Alabama,"the food and drug administration has approved every adult for a booster dose either six months after completing a pfizer or moderna [[[vaccination]]] series, or two months after a [[[johnson]]] & johnson vaccination.",parser
3,vaccination,dobj.dep,get,gov,Alabama,"ohio lottery (216) 774-5685 daily ohio vax-2-school winners announced thirty $10,000 scholarship winners announced today columbus - ohio vax-2-school is a public outreach campaign consisting of a series of statewide drawings to increase awareness of the availability and efficacy of covid-19 vaccines and provide incentives to younger ohioans to [[[get]]] a covid-19 [[[vaccination]]].",parser
3,vaccination,nn.gov,get,gov,Alabama,a 16- or 17-year-old who received a johnson & johnson [[[vaccination]]] can now [[[get]]] a pfizer booster dose two months later.,weak_match
3,vaccinated,advmod.gov,fully,gov,Alabama,"of illinois total population, more than 77% has received at least one covid-19 vaccine dose, more than 69% of illinois total population is [[[fully]]] [[[vaccinated]]], and more than 54% of the vaccinated population has an initial booster according to data from the centers for disease control and prevention.",parser
3,vaccinated,amod.dep,dose,gov,Alabama,"of illinois total population, more than 77% has received at least one covid-19 vaccine [[[dose]]], more than 69% of illinois total population is fully [[[vaccinated]]], and more than 54% of the vaccinated population has an initial booster according to data from the centers for disease control and prevention.",weak_match
3,vaccinated,dobj.dep,get,gov,Alabama,i strongly recommend all that have not gotten full protection from covid-19 and the flu to [[[get]]] [[[vaccinated]]] right away.,parser
3,vaccinated,conj.gov,vaccine,gov,Alabama,"earlier this week, the agency urged phase 1a healthcare workers to quickly schedule appointments with their local hospitals to be [[[vaccinated]]] as soon as possible and no later than jan. since first receiving the covid-19 [[[vaccine]]] on dec. 14, 2020, south carolina has received a federal allocation of 146,500 pfizer vaccines, which includes 34,125 that were received just this week.",weak_match
3,vaccinated,advmod.gov,fully,news,Morning Call,"8% of the valleys eligible population - are [[[fully]]] [[[vaccinated]]], while another 109,000 are waiting for their follow-up shot.",parser
3,health,prep.of.dep,department,gov,Alabama,"— the colorado [[[department]]] of public [[[health]]] and environment will update vaccine breakthrough visualizations on the to display the effectiveness of the omicron booster on march 15, 2023 as part of its regular 4 p. the new vaccination categories include people who are unvaccinated, people who have been vaccinated without an omicron booster, and people who have been vaccinated with an omicron booster.",weak_match
3,health,amod.gov,public,gov,Alabama,"— the colorado department of [[[public]]] [[[health]]] and environment will update vaccine breakthrough visualizations on the to display the effectiveness of the omicron booster on march 15, 2023 as part of its regular 4 p. the new vaccination categories include people who are unvaccinated, people who have been vaccinated without an omicron booster, and people who have been vaccinated with an omicron booster.",parser
3,health,nn.dep,department,gov,Alabama,"in response to the food and drug administration (fda) and centers for disease control and prevention (cdc) announcement that providers should resume using the johnson & johnson vaccine, the colorado [[[department]]] of public [[[health]]] and environment (cdphe) and the colorado joint vaccine task force are alerting providers they can proceed with using the janssen (johnson & johnson) covid-19 vaccine immediately.",weak_match
3,health,amod.gov,received,gov,Alabama,"cdphe is sending updated guidance regarding additional and booster doses to those who [[[received]]] a vaccination at a dr. moma [[[health]]] & wellness is a monoclonal antibody provider, which is determined at the federal level.",weak_match
3,health,nn.gov,received,gov,Alabama,"cdphe is sending updated guidance regarding additional and booster doses to those who [[[received]]] a vaccination at a dr. moma [[[health]]] & wellness is a monoclonal antibody provider, which is determined at the federal level.",weak_match
3,health,prep.of.gov,health,gov,Alabama,"we are committed to our mission of protecting and improving the [[[[[[health]]]]]] of all kansans and receiving routine immunizations are vital to that effort, dr. lee norman, secretary for the kansas department of health and environment, said.",weak_match
3,health,amod.gov,reported,gov,Alabama,utahs cases were identified by physicians and [[[reported]]] to public [[[health]]].,weak_match
3,health,nn.dep,department,news,Morning Call,"moderna announced tuesday that it has also started vaccinating children from 6 months to 12 years old in a new pediatric trial in the u. the state [[[health]]] [[[department]]] showed 3,004 additional coronavirus cases wednesday.",parser
3,health,prep.of.dep,department,news,Morning Call,vaccinationscombined data from the state and philadelphia [[[health]]] [[[department]]]s show that 10.,weak_match
3,health,amod.gov,public,news,Morning Call,"hospitalizations statistics are known as lagging indicators in [[[public]]] [[[health]]], meaning that they lag behind initial diagnosis, typically by about two weeks.",parser
3,available,conj.gov,vaccine,gov,Alabama,"the pfizer covid-19 [[[vaccine]]] is [[[available]]] for children aged six months through four years old, and the moderna covid-19 vaccine is available for children aged six months through five years old.",weak_match
3,department,nn.gov,health,gov,Alabama,"— the colorado [[[department]]] of public [[[health]]] and environment will update vaccine breakthrough visualizations on the to display the effectiveness of the omicron booster on march 15, 2023 as part of its regular 4 p. the new vaccination categories include people who are unvaccinated, people who have been vaccinated without an omicron booster, and people who have been vaccinated with an omicron booster.",weak_match
3,department,prep.of.gov,health,gov,Alabama,"— the colorado [[[department]]] of public [[[health]]] and environment will update vaccine breakthrough visualizations on the to display the effectiveness of the omicron booster on march 15, 2023 as part of its regular 4 p. the new vaccination categories include people who are unvaccinated, people who have been vaccinated without an omicron booster, and people who have been vaccinated with an omicron booster.",weak_match
3,department,amod.gov,health,gov,Alabama,"denver (october 8, 2021) — colorado [[[department]]] of public [[[health]]] and environment (cdphe) has completed its investigation into the operations of the dr. moma health & wellness clinic related to the clinics participation in centers for disease control and prevention (cdc) covid-19 vaccination program.",weak_match
3,department,amod.gov,reported,gov,Alabama,chicago - the illinois [[[department]]] of public health (idph) [[[reported]]] that more than 1.,weak_match
3,department,amod.gov,new,gov,Alabama,"concord, nh - the [[[new]]] hampshire [[[department]]] of health and human services (dhhs) announces covid-19 vaccines are now available for children as young as six months of age.",parser
3,department,amod.gov,public,gov,Alabama,| [[[public]]] information officer utah [[[department]]] of health (801) 230-5927 (m).,parser
3,department,nn.gov,health,news,Morning Call,"moderna announced tuesday that it has also started vaccinating children from 6 months to 12 years old in a new pediatric trial in the u. the state [[[health]]] [[[department]]] showed 3,004 additional coronavirus cases wednesday.",parser
3,department,prep.of.gov,health,news,Morning Call,vaccinationscombined data from the state and philadelphia [[[health]]] [[[department]]]s show that 10.,weak_match
3,department,amod.gov,health,news,Morning Call,"pennsylvania569 new covid cases reported, most in 6 weeksthe pennsylvania [[[department]]] of [[[health]]] reported 569 additional coronavirus cases tuesday, the highest daily report in six weeks.",weak_match
3,get,dobj.gov,vaccine,gov,Alabama,"today, governor laura kelly encouraged all kansans to [[[get]]] the covid-19 [[[vaccine]]] to protect themselves and their communities from the rapidly spreading delta variant.",parser
3,get,dobj.gov,dose,gov,Alabama,the new guidance also allows for additional updated [[[dose]]]s for certain high-risk groups to help boost protection against the virus: people ages 65 and older who already received an updated covid-19 vaccine at least four months ago can [[[get]]] an additional dose.,parser
3,get,nn.dep,dose,gov,Alabama,"the cdc and the udoh strongly recommend adults 18 and older [[[get]]] booster [[[dose]]]s when they are eligible (6 months after receiving their pfizer or moderna shots, or 2 months after receiving their johnson & johnson shot).",weak_match
3,get,nn.dep,doses,gov,Alabama,"the cdc and the udoh strongly recommend adults 18 and older [[[get]]] booster [[[doses]]] when they are eligible (6 months after receiving their pfizer or moderna shots, or 2 months after receiving their johnson & johnson shot).",parser
3,get,nn.dep,booster,gov,Alabama,"people in these age groups can [[[get]]] their [[[booster]]] dose at least 5 months after receiving their primary vaccine series, the same as older teens and adults.",weak_match
3,get,dobj.gov,vaccine,news,Morning Call,the cdcs guidance states those who [[[get]]] the pfizer [[[vaccine]]] should get their second shot three weeks later; its four weeks later for moderna.,parser
3,get,dobj.gov,dose,news,Morning Call,"mark knause, chief of lehigh valley health networks infectious disease division, said it is a mistake to not [[[get]]] the second [[[dose]]].",parser
3,vaccines,dobj.dep,get,gov,Alabama,"other locations: in addition to the above, several health systems and local health departments will be offering covid-19 [[[vaccines]]] for children ages 5 to 11. for more information on where children and adults can [[[get]]] covid-19 vaccines in connecticut, including a search tool to find the closest available locations, visit ct. it is particularly significant that covid-19 vaccines are available to children ages 5 to 11 because now nearly everyone will have access to this life-saving tool,.",parser
3,vaccines,amod.gov,new,gov,Alabama,these [[[new]]] bivalent [[[vaccines]]] are designed to offer extra protection against the omicron variants which are now the dominant strain of the virus.,parser
3,vaccines,amod.gov,booster,gov,Alabama,"in addition, they should make sure to get up to date on their covid-19 [[[vaccines]]] or get their 2nd [[[booster]]], if eligible.",weak_match
3,vaccines,nn.gov,booster,gov,Alabama,the cdc authorized two new bivalent [[[booster]]] [[[vaccines]]] on september 2 that include an mrna component of the original strain to provide an immune response that is broadly protective against covid-19 and an added mrna component in common between the omicron variant ba.,parser
3,vaccines,dobj.dep,booster,gov,Alabama,"in addition, they should make sure to get up to date on their covid-19 [[[vaccines]]] or get their 2nd [[[booster]]], if eligible.",weak_match
3,vaccines,nn.gov,dose,gov,Alabama,"of illinois total population, more than 78% have received at least one covid-19 vaccine [[[dose]]], more than 70% have completed their primary series of covid-19 [[[vaccines]]], and of the eligible population, more than 11% have received the bivalent booster dose, according to data from the centers for disease control and prevention.",weak_match
3,vaccines,nn.gov,received,gov,Alabama,"in the coming weeks, cdc plans to evaluate available data and make additional recommendations for people who [[[received]]] the moderna or johnson & johnson [[[vaccines]]].",weak_match
3,vaccines,nn.gov,vaccine,gov,Alabama,"[[[vaccine]]] effectiveness [[[vaccines]]] have been shown to be effective in reducing risk of severe disease, hospitalization, and death, including against the delta variant.",parser
3,vaccines,dobj.dep,received,gov,Alabama,"in the coming weeks, cdc plans to evaluate available data and make additional recommendations for people who [[[received]]] the moderna or johnson & johnson [[[vaccines]]].",parser
3,vaccines,dobj.dep,vaccine,gov,Alabama,"cdc and the scientific community continue to monitor the safety and effectiveness of covid-19 [[[[[[vaccine]]]s]]], watch for signs of waning immunity, and assess how well the vaccines protect against new mutations of the virus across age groups and risk factors in order to ensure appropriate recommendations for all populations.",weak_match
3,vaccines,prep.of.dep,department,gov,Alabama,"for immediate release oct. 5, 2021 contact: odh office of communications 614-644-8562 federal report shows life-saving benefits of covid-19 [[[vaccines]]] u. [[[department]]] of health and human services report shows covid-19 vaccines are linked to a reduction of covid-19 cases, hospitalizations, and deaths columbus - the u. department of health and human services (hhs) released a report showing that covid-19 vaccinations in ohio may have helped prevent roughly 13,000 new covid-19 infections, 5,300 hospitalizations, and 1,800 deaths among seniors in ohio during the first five months of 2021. the study, which was conducted by researchers with hhss office of the assistant secretary for planning and evaluation (aspe), reviewed associations between medicare fee-for-service (ffs) beneficiaries and the proportion of the fully vaccinated population at the county level between january and may 2021. the study also found that nationally, vaccinations were linked to a reduction of approximately 265,000 covid-19 infections, 107,000 hospitalizations, and 39,000 deaths among medicare beneficiaries between january and may 2021. this report further puts numbers to something i have long said - vaccines save lives, explained ohio department of health director bruce vanderhoff, md, mba.",weak_match
3,vaccines,nn.dep,doses,gov,Alabama,"for women ages 50 years and older and for men, the risk is approximately 1 in 1 million [[[vaccines]]] [[[doses]]].",parser
3,vaccines,nn.dep,vaccine,gov,Alabama,"women between the ages of 18 and 49 years should weigh the risk of the [[[vaccine]]] with its benefits when deciding to receive the janssen/johnson & johnson vaccine versus the mrna [[[vaccines]]] from pfizer and moderna, which have not been associated with this rare blood clotting disorder.",weak_match
3,vaccines,nn.gov,get,news,Morning Call,"however, experts are encouraging people who [[[get]]] the moderna or pfizer [[[vaccines]]] to get both shots, especially with the highly infectious delta variant of the coronavirus spreading across the united states.",weak_match
3,vaccines,nn.gov,use,news,Morning Call,"the data could provide a road map for the 15 million people who received the johnson & johnson vaccine in the united states, many of whom have felt left out beca[[[use]]] the vast majority of u. vaccine recipients received either the pfizer-biontech or moderna [[[vaccines]]].",weak_match
3,vaccines,nn.gov,received,news,Morning Call,"the data could provide a road map for the 15 million people who [[[received]]] the johnson & johnson vaccine in the united states, many of whom have felt left out because the vast majority of u. vaccine recipients received either the pfizer-biontech or moderna [[[vaccines]]].",weak_match
3,vaccines,dobj.dep,received,news,Morning Call,"the data could provide a road map for the 15 million people who [[[received]]] the johnson & johnson vaccine in the united states, many of whom have felt left out because the vast majority of u. vaccine recipients received either the pfizer-biontech or moderna [[[vaccines]]].",parser
3,vaccines,conj.dep,johnson,news,Morning Call,"modernas and [[[johnson]]] & johnsons [[[vaccines]]] are authorized for use in adults 18 and older, while the vaccine from pfizer inc. and biontech se is cleared for use in people 16 and older.",weak_match
3,doses,amod.gov,booster,gov,Alabama,"anyone aged 6 months and older who has completed a covid-19 primary vaccine series can get an omicron [[[booster]]], including people who have received any number of original booster [[[doses]]].",weak_match
3,doses,nn.gov,booster,gov,Alabama,"anyone aged 6 months and older who has completed a covid-19 primary vaccine series can get an omicron [[[booster]]], including people who have received any number of original booster [[[doses]]].",parser
3,doses,nn.gov,vaccine,gov,Alabama,"in light of todays news, cdphe has decided to proceed by including to patients about the increased risk of very rare but potentially severe tts, particularly among women under the age of 50 (approximately 7 cases of tts per 1,000,000 [[[vaccine]]] [[[doses]]] have been identified in this group to date).",parser
3,doses,amod.gov,additional,gov,Alabama,"cdphe is sending updated guidance regarding [[[additional]]] and booster [[[doses]]] to those who received a vaccination at a dr. moma health & wellness is a monoclonal antibody provider, which is determined at the federal level.",parser
3,doses,dobj.dep,received,gov,Alabama,"vaccinated represents people who have [[[received]]] two [[[doses]]] of pfizer or moderna, or one dose of johnson & johnson but have not received a third (booster) dose.",parser
3,doses,dobj.dep,booster,gov,Alabama,"vaccinated represents people who have received two [[[doses]]] of pfizer or moderna, or one dose of johnson & johnson but have not received a third ([[[booster]]]) dose.",weak_match
3,doses,prep.of.gov,vaccine,gov,Alabama,"since november 4, 148,558 [[[vaccine]]] [[[doses]]] were reported administered in illinois.",weak_match
3,doses,amod.gov,received,gov,Alabama,"5 million people in illinois have [[[received]]] a dose of the new bivalent covid-19 vaccines since they were authorized for use in september, with about 160,000 [[[doses]]] administered in the last week.",weak_match
3,doses,amod.gov,reported,gov,Alabama,"since november 4, 148,558 vaccine [[[doses]]] were [[[reported]]] administered in illinois.",weak_match
3,doses,amod.gov,vaccine,gov,Alabama,"since november 4, 148,558 [[[vaccine]]] [[[doses]]] were reported administered in illinois.",weak_match
3,doses,nn.gov,received,gov,Alabama,"5 million people in illinois have [[[received]]] a dose of the new bivalent covid-19 vaccines since they were authorized for use in september, with about 160,000 [[[doses]]] administered in the last week.",weak_match
3,doses,amod.gov,second,gov,Alabama,"msdh anticipates steady vaccine supply to support scheduled vaccine appointments at drive-through clinics, and [[[second]]] [[[doses]]] will be available for all persons who have already received a first dose.",parser
3,doses,dobj.dep,vaccine,gov,Alabama,children ages 5-11 years will be vaccinated with two 10-microgram [[[doses]]] of the pfizer [[[vaccine]]] administered 21 days apart.,weak_match
3,doses,dobj.dep,get,gov,Alabama,"reiterating their encouragement from earlier this week for all eligible adults to [[[get]]] covid-19 vaccine booster [[[doses]]], and following the announcement from federal health officials today formally expanding eligibility to all fully vaccinated adults, governor dan mckee and the rhode island department of health (ridoh) are urging all fully vaccinated adults who plan to gather with family and friends on thanksgiving to get booster doses as soon as possible.",parser
3,doses,nn.gov,get,gov,Alabama,"reiterating their encouragement from earlier this week for all eligible adults to [[[get]]] covid-19 vaccine booster [[[doses]]], and following the announcement from federal health officials today formally expanding eligibility to all fully vaccinated adults, governor dan mckee and the rhode island department of health (ridoh) are urging all fully vaccinated adults who plan to gather with family and friends on thanksgiving to get booster doses as soon as possible.",weak_match
3,doses,nn.gov,use,gov,Alabama,"(salt lake city, ut) - the centers for disease control and prevention (cdc) and the food and drug administration (fda) today authorized the [[[use]]] of the pfizer covid-19 booster [[[doses]]] for everyone 16 and older.",weak_match
3,doses,prep.of.gov,vaccine,reddit,coronavirus,"7% of individuals older than 60 years old) received the first dose or both [[[doses]]] of the [[[vaccine]]], respectively, or recovered from covid-19.",weak_match
3,doses,amod.gov,additional,news,Morning Call,1 million [[[additional]]] [[[doses]]] have been administered since aug. the term additional dose refers to a third dose needed to bring a person to full immunity who did not have a proper response to initial vaccinations due to an underlying medical condition.,parser
3,doses,nn.gov,vaccine,news,Morning Call,"new york - millions of covid-19 [[[vaccine]]] [[[doses]]] have been ordered for small children in anticipation of possible federal authorization next week, white house officials say.",parser
3,doses,dobj.dep,vaccine,news,Morning Call,pfizer has asked fda to authorize three [[[doses]]] of its covid-19 [[[vaccine]]] for children ages 6 month to 4 years.,weak_match
3,doses,prep.of.gov,vaccine,news,Morning Call,pfizer has asked fda to authorize three [[[doses]]] of its covid-19 [[[vaccine]]] for children ages 6 month to 4 years.,weak_match
3,doses,nn.gov,booster,news,Morning Call,"[[[booster]]] [[[doses]]] of both the moderna and pfizer-biontech coronavirus vaccines are likely to offer a substantial increase in protection against the new and highly transmissible omicron variant, dr. anthony fauci said wednesday, adding that at this point, there is no need for a very specific booster designed especially to fight omicron.",parser
3,doses,amod.gov,booster,news,Morning Call,documents from the fda provided to committee members included an agency review of johnson & johnsons tests of a second dose of its own vaccine and a separate preprint study that tested mixing [[[booster]]] [[[doses]]] from different companies.,weak_match
3,doses,dobj.dep,booster,news,Morning Call,documents from the fda provided to committee members included an agency review of johnson & johnsons tests of a second dose of its own vaccine and a separate preprint study that tested mixing [[[booster]]] [[[doses]]] from different companies.,weak_match
3,doses,amod.gov,second,news,Morning Call,"israel has given the first shot to nearly half of its 9. the authors noted, however, that the findings dont justify changing dose schedules, and that more follow-up to assess long-term effectiveness of a single dose is needed before deciding to delay [[[second]]] [[[doses]]].",parser
3,doses,amod.gov,vaccine,news,Morning Call,researchers also reported two [[[doses]]] of the [[[vaccine]]] were shown to potentially reduce cases by 50% -- a number that scientists said is lower because it included people with and without symptoms.,weak_match
3,doses,dobj.dep,received,news,Morning Call,", company said tuesday that the first children have [[[received]]] [[[doses]]] in the study, which moderna is conducting in collaboration with the national institute of allergy and infectious diseases and a division of the department of health and human services.",parser
3,vaccine,dobj.dep,vaccine,gov,Alabama,"for more information about covid-19 [[[[[[vaccine]]]]]]s, please visit.",weak_match
3,vaccine,dobj.dep,received,gov,Alabama,"health care providers administering the [[[vaccine]]] and vaccine recipients or caregivers should review the (vaccination providers) and , which have been revised to include information about the risk of this syndrome, which has occurred in a very small number of people who have [[[received]]] the janssen covid-19 vaccine.",parser
3,vaccine,dobj.dep,get,gov,Alabama,"the [[[vaccine]]]s will help us [[[get]]] back to work, back to spending time with friends and family, and back to a more normal life.",weak_match
3,vaccine,nn.gov,use,gov,Alabama,"according to a from the fda and cdc, the two agencies have determined the following: [[[use]]] of the janssen covid-19 [[[vaccine]]] should be resumed in the united states.",weak_match
3,vaccine,nn.gov,vaccine,gov,Alabama,"for more information about covid-19 [[[[[[vaccine]]]]]]s, please visit.",weak_match
3,vaccine,nn.gov,received,gov,Alabama,"health care providers administering the [[[vaccine]]] and vaccine recipients or caregivers should review the (vaccination providers) and , which have been revised to include information about the risk of this syndrome, which has occurred in a very small number of people who have [[[received]]] the janssen covid-19 vaccine.",weak_match
3,vaccine,nn.gov,get,gov,Alabama,"the [[[vaccine]]]s will help us [[[get]]] back to work, back to spending time with friends and family, and back to a more normal life.",weak_match
3,vaccine,nn.dep,johnson,gov,Alabama,"in response to the food and drug administration (fda) and centers for disease control and prevention (cdc) announcement that providers should resume using the [[[johnson]]] & johnson [[[vaccine]]], the colorado department of public health and environment (cdphe) and the colorado joint vaccine task force are alerting providers they can proceed with using the janssen (johnson & johnson) covid-19 vaccine immediately.",parser
3,vaccine,nn.dep,doses,gov,Alabama,"in light of todays news, cdphe has decided to proceed by including to patients about the increased risk of very rare but potentially severe tts, particularly among women under the age of 50 (approximately 7 cases of tts per 1,000,000 [[[vaccine]]] [[[doses]]] have been identified in this group to date).",parser
3,vaccine,nn.dep,vaccine,gov,Alabama,"for more information about covid-19 [[[[[[vaccine]]]]]]s, please visit.",weak_match
3,vaccine,amod.gov,vaccine,gov,Alabama,"for more information about covid-19 [[[[[[vaccine]]]]]]s, please visit.",weak_match
3,vaccine,amod.gov,received,gov,Alabama,"health care providers administering the [[[vaccine]]] and vaccine recipients or caregivers should review the (vaccination providers) and , which have been revised to include information about the risk of this syndrome, which has occurred in a very small number of people who have [[[received]]] the janssen covid-19 vaccine.",weak_match
3,vaccine,conj.gov,johnson,gov,Alabama,we appreciate the caution the cdc and fda took to evaluate the [[[johnson]]] & johnson [[[vaccine]]] and are ready to ramp back up distribution as quickly as possible.,weak_match
3,vaccine,conj.gov,vaccine,gov,Alabama,"health care providers administering the [[[[[[vaccine]]]]]] and vaccine recipients or caregivers should review the (vaccination providers) and , which have been revised to include information about the risk of this syndrome, which has occurred in a very small number of people who have received the janssen covid-19 vaccine.",parser
3,vaccine,conj.dep,johnson,gov,Alabama,we appreciate the caution the cdc and fda took to evaluate the [[[johnson]]] & johnson [[[vaccine]]] and are ready to ramp back up distribution as quickly as possible.,weak_match
3,vaccine,amod.dep,dose,gov,Alabama,"in consultation with cdc, cdphe determined that all patients who received at least one [[[dose]]] of covid-19 [[[vaccine]]] at a dr. moma vaccination clinic should be offered due to associated with improper storage and handling.",weak_match
3,vaccine,nn.dep,dose,gov,Alabama,"in consultation with cdc, cdphe determined that all patients who received at least one [[[dose]]] of covid-19 [[[vaccine]]] at a dr. moma vaccination clinic should be offered due to associated with improper storage and handling.",weak_match
3,vaccine,nn.gov,dose,gov,Alabama,"of illinois total population, more than 78% have received at least one covid-19 [[[vaccine]]] [[[dose]]], 71% have completed their primary series of covid-19 vaccines, and of the eligible population, more than 18% have received the bivalent booster dose, according to data from the centers for disease control and prevention.",parser
3,vaccine,amod.gov,additional,gov,Alabama,— today the mississippi state department of health (msdh) announces that [[[additional]]] covid-19 [[[vaccine]]] was allocated to mississippi this week.,parser
3,vaccine,nn.dep,booster,gov,Alabama,the fda has authorized and the cdc recommended the [[[booster]]] shot for people who received the pfizer [[[vaccine]]] in the following categories: the cdc made additional announcements:the state of nebraskas guidance encourages individuals to have a conversation with their doctor about the vaccine booster.,parser
3,vaccine,nn.dep,vaccines,gov,Alabama,"[[[vaccine]]] effectiveness [[[vaccines]]] have been shown to be effective in reducing risk of severe disease, hospitalization, and death, including against the delta variant.",parser
3,vaccine,dobj.gov,vaccine,gov,Alabama,the fda authorization and the cdc guidance will allow many nebraskans who received the pfizer [[[[[[vaccine]]]]]] their initial vaccine early in the vaccination program to benefit from additional protection.,parser
3,vaccine,dobj.gov,dose,gov,Alabama,booster [[[dose]]]s are common for many [[[vaccine]]]s.,weak_match
3,vaccine,dobj.dep,booster,gov,Alabama,[[[booster]]] doses are common for many [[[vaccine]]]s.,weak_match
3,vaccine,amod.gov,booster,gov,Alabama,[[[booster]]] doses are common for many [[[vaccine]]]s.,weak_match
3,vaccine,nn.gov,booster,gov,Alabama,the fda has authorized and the cdc recommended the [[[booster]]] shot for people who received the pfizer [[[vaccine]]] in the following categories: the cdc made additional announcements:the state of nebraskas guidance encourages individuals to have a conversation with their doctor about the vaccine booster.,parser
3,vaccine,amod.dep,cases,gov,Alabama,"while the [[[vaccine]]]s remain highly effective at preventing hospitalizations and deaths, new data suggests that immunity protection can wane over time - leading to more vaccine breakthrough [[[cases]]].",parser
3,vaccine,amod.gov,last,gov,Alabama,"individuals with a compromised immune system may need at least one updated dose two months after their [[[last]]] updated covid-19 [[[vaccine]]], at the discretion of a health care provider.",parser
3,vaccine,amod.dep,days,gov,Alabama,"additionally, rhode island is aligning with cdc guidance and is recommending that children age 5 to 11 who are moderately to severely immunocompromised receive an additional (third) dose of [[[vaccine]]] 28 [[[days]]] after their second dose.",parser
3,vaccine,nn.gov,dose,news,Morning Call,6% of those eligible - have gotten at least one [[[dose]]] of a covid-19 [[[vaccine]]].,weak_match
3,vaccine,dobj.dep,get,news,Morning Call,the cdcs guidance states those who [[[get]]] the pfizer [[[vaccine]]] should get their second shot three weeks later; its four weeks later for moderna.,parser
3,vaccine,nn.gov,get,news,Morning Call,"however, experts are encouraging people who [[[get]]] the moderna or pfizer [[[vaccine]]]s to get both shots, especially with the highly infectious delta variant of the coronavirus spreading across the united states.",weak_match
3,vaccine,nn.dep,booster,news,Morning Call,"downs added that the study is randomized, so some will get the [[[vaccine]]] [[[booster]]], while others will get a placebo shot.",parser
3,vaccine,dobj.dep,received,news,Morning Call,he said the study is only open to those who participated in pfizers earlier [[[vaccine]]] study at lvhn last year and [[[received]]] the covid vaccine as part of the randomized trial.,parser
3,vaccine,dobj.dep,booster,news,Morning Call,officials for pfizer have been suggesting a [[[booster]]] shot may be necessary for their two-dose [[[vaccine]]] since at least april and a booster dose is in development.,weak_match
3,vaccine,amod.gov,received,news,Morning Call,he said the study is only open to those who participated in pfizers earlier [[[vaccine]]] study at lvhn last year and [[[received]]] the covid vaccine as part of the randomized trial.,weak_match
3,vaccine,amod.gov,booster,news,Morning Call,officials for pfizer have been suggesting a [[[booster]]] shot may be necessary for their two-dose [[[vaccine]]] since at least april and a booster dose is in development.,weak_match
3,vaccine,nn.dep,doses,news,Morning Call,"new york - millions of covid-19 [[[vaccine]]] [[[doses]]] have been ordered for small children in anticipation of possible federal authorization next week, white house officials say.",parser
3,vaccine,nn.gov,use,news,Morning Call,"cdc director rochelle walensky signed off on an advisory recommendation, giving the green light for the two-dose [[[vaccine]]] to be [[[use]]]d in 12- to 15-year-olds.",weak_match
3,vaccine,nn.gov,booster,news,Morning Call,moderna announced its request to the fda in a brief statement in which it asked that its [[[booster]]] [[[vaccine]]] be authorized for adults ages 18 and above regardless of occupational risk factors in many international markets.,parser
3,vaccine,nn.dep,dose,news,Morning Call,"what should i tell my [[[vaccine]]] provider?•your name (for your vaccination card)•information about your previous covid-19 vaccines: what vaccines you got, the number of [[[dose]]]s, and the date you received them.",weak_match
3,vaccine,amod.gov,last,news,Morning Call,"if your first [[[vaccine]]] isnt approved by the fda:if you got one dose of a vaccine approved by who, but not authorized by the fda:you should get the pfizer shot, at least 28 days after your [[[last]]] vaccine, according to the cdc.",parser
3,vaccine,nn.dep,johnson,news,Morning Call,a national economist-yougov poll found that public confidence in the [[[johnson]]] & johnson [[[vaccine]]] might already be declining.,parser
3,vaccine,nn.gov,received,news,Morning Call,"in many ways, the scenario playing out in the united states echoes what happened in europe as rare clotting events began to be recognized in early march among younger adults, predominantly women, who had recently [[[received]]] the astrazeneca [[[vaccine]]].",weak_match
3,vaccine,conj.gov,johnson,news,Morning Call,5 million doses of [[[johnson]]] & johnsons [[[vaccine]]] had been administered nationwide as of wednesday.,weak_match
3,vaccine,conj.dep,johnson,news,Morning Call,"[[[johnson]]] & johnsons [[[vaccine]]], which u. regulators are weighing authorizing and which has been shown to safely protect against covid-19, can be kept in normal freezers for up to two years, with at least three months in the fridge.",weak_match
3,vaccine,amod.dep,dose,news,Morning Call,"this groundbreaking research supports the british governments decision to begin inoculating its citizens with a single [[[dose]]] of the [[[vaccine]]], said arnon afek, shebas deputy director general.",weak_match
4,biden,nn.gov,administration,news,Morning Call,"last week, the supreme court blocked the [[[biden]]] [[[administration]]] from enforcing a vaccine-or-testing mandate for large employers, dealing a blow to a key element of the white houses plan to address the pandemic as cases resulting from the omicron variant are on the rise.",weak_match
4,political,amod.dep,science,gov,Alabama,he holds a bachelor of arts in [[[political]]] [[[science]]] from the university of mississippi and a juris doctor from the university of missouri.,parser
4,political,amod.dep,science,news,Morning Call,"hasen, a professor of law and [[[political]]] [[[science]]] at the university of california, irvine, school of law, who follows the battle over voting closely, said that mail was more vulnerable to tampering than in-person voting.",parser
4,administration,nn.gov,university,gov,Alabama,he holds a bachelor of science in business [[[administration]]] and political science from lindenwood [[[university]]] and a juris doctor from washington university in st. he will fill the vacancy created by the resignation of the honorable patrick s.,weak_match
4,administration,prep.from.gov,university,gov,Alabama,he holds a bachelor of science in business [[[administration]]] and political science from lindenwood [[[university]]] and a juris doctor from washington university in st. he will fill the vacancy created by the resignation of the honorable patrick s.,weak_match
4,law,conj.dep,prevention,news,Morning Call,"the 1955 disease [[[prevention]]] and control [[[law]]] (dpcl) has become an impenetrable barrier that shields pennsylvanias department of health and county health departments from public access and accountability, the association said in a written brief.",parser
4,law,nsubj.dep,prevention,news,Morning Call,"the office of open records supported the departments denial of access, citing the disease [[[prevention]]] and control [[[law]]].",weak_match
4,trump,nn.dep,administration,news,Morning Call,"the [[[trump]]] [[[administration]]] has sparred with beijing over the pandemic, saying that china mishandled the outbreak, which is believed to have started in wuhan.",parser
4,trump,nn.gov,office,news,Morning Call,you mean while were still in our term [[[office]]] and president [[[trump]]] is?,weak_match
4,trump,prep.of.dep,administration,news,Morning Call,"the [[[trump]]] [[[administration]]], he said, had demonstrated a continuous, reckless disregard of truth.",weak_match
4,trump,nn.gov,administration,news,Morning Call,"in an editorial signed by 34 editors who are u. citizens (one editor is not) and published wednesday, the journal said the [[[trump]]] [[[administration]]] had responded so poorly to the coronavirus pandemic that it have taken a crisis and turned it into a tragedy.",parser
4,trump,conj.gov,administration,news,Morning Call,but both allies and critics of the [[[trump]]] [[[administration]]] fear the white houses attempts to move on from ill-advised attacks against an epidemiologist during a pandemic could be upended with a presidential tweet.,weak_match
4,trump,amod.gov,administration,news,Morning Call,but both allies and critics of the [[[trump]]] [[[administration]]] fear the white houses attempts to move on from ill-advised attacks against an epidemiologist during a pandemic could be upended with a presidential tweet.,weak_match
5,health,nn.dep,system,gov,Alabama,"after two weeks of growing cases and mounting pressure on the [[[health]]] care [[[system]]], the following counties, in consultation with cdphe, are moving to more restrictive levels: adams county is moving to safer at home 3 tomorrow.",parser
5,new,amod.dep,reports,gov,Alabama,"all data in this report are preliminary, and data for previous dates will be updated as [[[new]]] [[[reports]]] are received and data errors are corrected.",parser
5,new,amod.dep,death,gov,Alabama,"department of health: one (1) [[[death]]] and 95 [[[new]]] cases reported todaydoh has added one new death to its count, involving a man between the ages of 60-69 years old with underlying medical conditions.",parser
5,new,amod.dep,number,gov,Alabama,[[[new]]] covid-19 data graphs now availablenew data diagrams are now posted at  gov/coronavirusdisease2019/what-you-should-know/current-situation-in-hawaii/ the new compiled and posted information includes hawaii covid-19 confirmed cases by age group and hawaii covid-19 cumulative [[[number]]] of reported lab tests.,parser
5,state,amod.gov,confirmed,gov,Alabama,"comassessment reports on veterans home expected to be released soonin total, there are now 15 deaths [[[confirmed]]] by the [[[state]]] among residents of the yukio okutsu state veterans home.",weak_match
5,state,amod.gov,local,gov,Alabama,"[[[local]]], [[[state]]], and federal partners are working to expand testing supplies and the ability to test people experiencing symptoms as quickly as possible.",parser
5,state,nsubj.dep,local,gov,Alabama,"[[[local]]], [[[state]]], and federal partners are working to expand testing supplies and the ability to test people experiencing symptoms as quickly as possible.",weak_match
5,spread,nn.gov,community,gov,Alabama,[[[community]]] surveillance initiative the hawaii department of health is launching a statewide surveillance testing program to identify cases of community [[[spread]]] of the coronavirus.,parser
5,spread,nn.gov,coronavirus,gov,Alabama,community surveillance initiative the hawaii department of health is launching a statewide surveillance testing program to identify cases of community [[[spread]]] of the [[[coronavirus]]].,weak_match
5,spread,dobj.gov,cases,gov,Alabama,community surveillance initiative the hawaii department of health is launching a statewide surveillance testing program to identify [[[cases]]] of community [[[spread]]] of the coronavirus.,weak_match
5,spread,nsubj.dep,community,gov,Alabama,[[[community]]] [[[spread]]] occurs when people contract the virus from an unknown source in their community.,weak_match
5,spread,amod.gov,coronavirus,gov,Alabama,it is one of the most effective strategies to prevent community [[[spread]]] of [[[coronavirus]]].,weak_match
5,spread,nn.gov,community,reddit,coronavirus,"cdc expects [[[community]]] [[[spread]]] of coronavirus, as top official warns disruptions could be severe.",parser
5,spread,nn.gov,coronavirus,reddit,coronavirus,"cdc expects community [[[spread]]] of [[[coronavirus]]], as top official warns disruptions could be severe.",weak_match
5,spread,nsubj.dep,community,reddit,coronavirus,"cdc expects [[[community]]] [[[spread]]] of coronavirus, as top official warns disruptions could be severe.",weak_match
5,department,amod.gov,hawaii,gov,Alabama,state laboratories division testingthe [[[hawaii]]] [[[department]]] of health is capable of conducting in-state testing for up to 250 individuals per week for covid-19.,parser
5,department,amod.dep,death,gov,Alabama,"[[[department]]] of health: one (1) [[[death]]] and 95 new cases reported todaydoh has added one new death to its count, involving a man between the ages of 60-69 years old with underlying medical conditions.",parser
5,department,dep.gov,people,gov,Alabama,[[[department]]] of health:three new cases of covid-19 on oahu doh reports three (3) adults are the latest [[[people]]] to test positive for covid-19.,parser
5,department,nn.gov,deaths,gov,Alabama,"[[[department]]] of health:two additional [[[deaths]]] reported, covid-19 case count reaches record number two oahu men, both over 60-years-old are the latest victims of covid-19.",weak_match
5,department,amod.gov,local,gov,Alabama,quarantine and isolation are determined by the [[[local]]] health [[[department]]] and are used as important tools to prevent the spread of disease.,parser
5,department,nsubj.dep,local,gov,Alabama,"in addition to the state-issued dhm, some [[[local]]] health [[[department]]]s have issued additional restrictions -  gov/pages/covid-19-directed-health-measures.",weak_match
5,information,amod.gov,available,gov,Alabama,[[[information]]] on connecticuts covid-19 vaccination program is [[[available]]] at ct. data updates on variants of concern in connecticutthe following data contains the cumulative number of sars-cov-2 variants of concern that have been reported among connecticut residents as of today:b.,weak_match
5,information,amod.gov,coronavirus,gov,Alabama,"the is updated every thursday afternoon and can be found within the data tracker page of the states [[[coronavirus]]] website at ct. providing [[[information]]] to connecticut residentsfor the most up-to-date information from the state of connecticut on covid-19, residents are encouraged to visit ct. residents can also subscribe to text message alerts from the state by texting the keyword to.",weak_match
5,information,amod.gov,due,gov,Alabama,"these deaths occurred august 15-sept. hawaii covid-19 counts as of 12:00 noon, oct. 4, 2020 saturday, oct. 3, 2020 - eight of 11 covid-19 deaths added [[[due]]] to updated [[[information]]], 133 new cases reportedeleven covid-19 deaths on oahu were reported by the state saturday, with eight of the deaths occurring august 15-sept. eight of the deaths were recently validated and classified as those records became available.",weak_match
5,information,prep.to.dep,due,gov,Alabama,"these deaths occurred august 15-sept. hawaii covid-19 counts as of 12:00 noon, oct. 4, 2020 saturday, oct. 3, 2020 - eight of 11 covid-19 deaths added [[[due]]] to updated [[[information]]], 133 new cases reportedeleven covid-19 deaths on oahu were reported by the state saturday, with eight of the deaths occurring august 15-sept. eight of the deaths were recently validated and classified as those records became available.",weak_match
5,information,prep.of.dep,number,gov,Alabama,"for the full list of domestic trans-pacific, inter-county, international and airline partners or [[[information]]] on how to become a trusted testing partner, go to: com/travel-partners/ safe travels hawaii program:program overview:  com/travel/faqs/ email: [email protected] call center [[[number]]]: 1-800-go-hawaii covid-19 vaccine status in hawaii and faqs: com/vaccine/vaccine call center: 808-586-8332 covid-19 expanded dashboard (tables, charts, and visualizations): hawaiitourismauthority.",weak_match
5,information,nn.gov,available,gov,Alabama,"gov/covid19schools the [[[information]]] above as well as extensive reporting on county-level information, demographics and more is [[[available]]] at scdhec.",weak_match
5,symptoms,prep.in.gov,people,gov,Alabama,"plague [[[symptoms]]] in [[[people]]] can include fever, swollen and tender lymph glands, extreme exhaustion, headache, chills, coughing, difficulty breathing, abdominal pain, vomiting and diarrhea.",weak_match
5,testing,amod.gov,available,gov,Alabama,"john mizuno, chair of the house health committee, and rep. rida cabanilla, a registered nurse, are asking all nursing homes to comply with recent cdc guidelines, and have covid-19 [[[testing]]] [[[available]]] for all their residents.",weak_match
5,testing,tmod.gov,today,gov,Alabama,the maui community correctional center (mccc) began staff [[[testing]]] [[[today]]] with the help of the hing.,parser
5,testing,dep.gov,available,gov,Alabama,[[[testing]]] is [[[available]]] at the waikīkī shell and other various locations on oahu through november.,weak_match
5,testing,rcmod.dep,cases,gov,Alabama,no confirmed [[[cases]]] in the state augusta - the maine center for disease control and prevention (maine cdc) is now [[[testing]]] for 2019 novel coronavirus (covid-19) at the health and environmental testing laboratory (hetl) in augusta.,parser
5,testing,nsubj.gov,cases,gov,Alabama,no confirmed [[[cases]]] in the state augusta - the maine center for disease control and prevention (maine cdc) is now [[[testing]]] for 2019 novel coronavirus (covid-19) at the health and environmental testing laboratory (hetl) in augusta.,weak_match
5,testing,prep.in.gov,cases,gov,Alabama,no confirmed [[[cases]]] in the state augusta - the maine center for disease control and prevention (maine cdc) is now [[[testing]]] for 2019 novel coronavirus (covid-19) at the health and environmental testing laboratory (hetl) in augusta.,weak_match
5,testing,dobj.gov,cases,gov,Alabama,no confirmed [[[cases]]] in the state augusta - the maine center for disease control and prevention (maine cdc) is now [[[testing]]] for 2019 novel coronavirus (covid-19) at the health and environmental testing laboratory (hetl) in augusta.,weak_match
5,testing,nn.gov,coronavirus,gov,Alabama,the governors action today will help to alleviate apprehension among those with private insurance about the financial implications of seeking [[[testing]]] for the 2019 novel [[[coronavirus]]].,weak_match
5,testing,amod.gov,confirmed,gov,Alabama,this includes being among the first states in the nation to conduct universal [[[testing]]] at nursing facilities when an outbreak of covid-19 is [[[confirmed]]].,weak_match
5,testing,dobj.dep,confirmed,gov,Alabama,this includes being among the first states in the nation to conduct universal [[[testing]]] at nursing facilities when an outbreak of covid-19 is [[[confirmed]]].,weak_match
5,testing,dep.dep,available,gov,Alabama,dhec is working with community partners to set up mobile [[[testing]]] clinics and make testing [[[available]]] in communities across the state.,weak_match
5,testing,nn.dep,spread,gov,Alabama,"com/covid19[[[testing]]] in order to turn the dial on safer at home and supercharge the badger bounce back, we must have access to more testing, expand contact tracing, aggressively track the [[[spread]]], continue practicing safe physical distancing, and wear protective masks in public spaces.",weak_match
5,testing,prep.to.dep,spread,gov,Alabama,"com/covid19[[[testing]]] in order to turn the dial on safer at home and supercharge the badger bounce back, we must have access to more testing, expand contact tracing, aggressively track the [[[spread]]], continue practicing safe physical distancing, and wear protective masks in public spaces.",weak_match
5,contact,amod.gov,hawaii,gov,Alabama,"the survey shows [[[hawaii]]] needs an estimated 285 [[[contact]]] tracers, and while the current contact tracing staff level is at 79, there is a reserve of 229 staff members that could be used to help, as needed.",weak_match
5,contact,advmod.gov,spread,gov,Alabama,this helps reduce the risk of [[[spread]]] both by close [[[contact]]] and by airborne transmission.,weak_match
5,contact,dobj.gov,tested,gov,Alabama,"any person who develops new symptoms should stay home, limit their [[[contact]]] with others, immediately contact their healthcare provider and get [[[tested]]] for covid-19.",weak_match
5,contact,dobj.gov,spread,gov,Alabama,this helps reduce the risk of [[[spread]]] both by close [[[contact]]] and by airborne transmission.,weak_match
5,contact,dobj.gov,people,gov,Alabama,"given the increasing spread of covid-19 worldwide and in the united states, all [[[people]]] should take the following precautions to protect themselves and help prevent further community spread: stay home and avoid public places when sick (i. social distancing) cover mouth and nose when coughing and sneezing wash hands frequently avoid being within 6 feet (close [[[contact]]]) of a person who is sick avoid sharing drinks, smoking/vaping devices, or other utensils or objects that may transmit saliva disinfect frequently touched surfaces.",weak_match
5,contact,dep.gov,people,gov,Alabama,"monkeypox can spread during intimate [[[contact]]] between [[[people]]], including during sex, as well as activities like kissing, cuddling, or touching parts of the body with monkeypox sores.",weak_match
5,contact,nn.dep,spread,gov,Alabama,"monkeypox can [[[spread]]] during intimate [[[contact]]] between people, including during sex, as well as activities like kissing, cuddling, or touching parts of the body with monkeypox sores.",weak_match
5,cases,amod.gov,confirmed,gov,Alabama,an outbreak is defined as two or more [[[confirmed]]] [[[cases]]] of covid-19 in a facility with onset in a 14-day period.,parser
5,cases,amod.gov,coronavirus,gov,Alabama,"govdepartment of health:five additional covid-19 [[[cases]]] reportedfive (5) new cases of [[[coronavirus]]], including three (3) on hawaii island, one (1) on maui and one (1) hawaii resident diagnosed outside of hawaii have been reported by doh.",weak_match
5,cases,amod.gov,available,gov,Alabama,"as more information becomes [[[available]]] for these [[[cases]]], they are assigned to the proper county of diagnosis.",weak_match
5,cases,prep.of.dep,number,gov,Alabama,a negative [[[number]]] indicates the number of previously unknown [[[cases]]] that have now been assigned to a county.,weak_match
5,cases,amod.gov,due,gov,Alabama,"the rules go into effect on tuesday, aug. the rollback was first announced thursday, as oahu continues to deal with a surge of covid-19 [[[cases]]] [[[due]]] to large gatherings.",parser
5,cases,dobj.dep,confirmed,gov,Alabama,there are now ten (10) [[[confirmed]]] [[[cases]]] of coronavirus at the hale nani rehabilitation and nursing center in honolulu (2 healthcare workers & 8 residents).,parser
5,cases,nn.gov,deaths,gov,Alabama,"the department reported four (4)additional [[[deaths]]]:oʻahu1 man, 60-69 yrs, underlying conditions, hospitalized1 woman, 90-99 yrs, underlying conditions, hospitalizedmaui1 man, 60-69 yrs, underlying conditions, hospitalized1 woman, 80-89 yrs, underlying conditions, hospitalizedthis report includes [[[cases]]] up until monday at 11:59 p. full data is posted on the state covid-19 dashboard and on the doh disease outbreak & control division website daily: hawaiicovid19.",weak_match
5,cases,nn.gov,coronavirus,gov,Alabama,50 new covid-19 [[[cases]]] and four additional deaths reporteddoh reports 50 new cases of [[[coronavirus]]] today.,weak_match
5,cases,dep.dep,available,gov,Alabama,"as more information becomes [[[available]]] for these [[[cases]]], they are assigned to the proper county of diagnosis.",weak_match
5,cases,dep.gov,available,gov,Alabama,"as more information becomes [[[available]]] for these [[[cases]]], they are assigned to the proper county of diagnosis.",weak_match
5,cases,nn.gov,available,gov,Alabama,"as more information becomes [[[available]]] for these [[[cases]]], they are assigned to the proper county of diagnosis.",weak_match
5,cases,dep.gov,people,gov,Alabama,department of health:three new [[[cases]]] of covid-19 on oahu doh reports three (3) adults are the latest [[[people]]] to test positive for covid-19.,weak_match
5,cases,prep.in.gov,people,gov,Alabama,department of health:three new [[[cases]]] of covid-19 on oahu doh reports three (3) adults are the latest [[[people]]] to test positive for covid-19.,weak_match
5,cases,amod.gov,hawaii,gov,Alabama,department of health:total number of [[[hawaii]]] covid-19 [[[cases]]] rises to 371twenty (20) new cases of covid-19 are all adults.,parser
5,cases,nn.gov,confirmed,gov,Alabama,new covid-19 data graphs now availablenew data diagrams are now posted at  gov/coronavirusdisease2019/what-you-should-know/current-situation-in-hawaii/ the new compiled and posted information includes hawaii covid-19 [[[confirmed]]] [[[cases]]] by age group and hawaii covid-19 cumulative number of reported lab tests.,weak_match
5,cases,dobj.gov,cases,gov,Alabama,confirmed and probable [[[[[[cases]]]]]]: please click here.,weak_match
5,cases,nsubj.dep,community,gov,Alabama,"as the number of [[[cases]]] and [[[community]]] spread expectedly increase in our state, we reiterate the importance of taking daily prevention practices to protect yourself and your community, said dr. jonathan knoche, dhec physician.",weak_match
5,cases,prep.to.dep,due,gov,Alabama,"covid-19 has taken a toll in the classrooms over the past two years, forcing students to learn virtually, constantly be in and out of school [[[due]]] to [[[cases]]] and close contacts, and make other burdensome adjustments that affect learning.",weak_match
5,cases,amod.gov,first,gov,Alabama,these are the [[[first]]] two [[[cases]]] of this variant in the united states.,parser
5,cases,nsubj.gov,cases,gov,Alabama,dhecs covid-19 map will adjust to reflect any reclassified [[[[[[cases]]]]]].,weak_match
5,cases,dobj.dep,confirmed,reddit,coronavirus,"virginia reports first local death from coronavirus, 41 total [[[confirmed]]] [[[cases]]] in virginia country roads was the age of the victim released?.",parser
6,state,amod.gov,state,gov,Alabama,"members of the alabama legislature viewed the governors address remotely, while safely distanced in their respective chambers in the alabama [[[[[[state]]]]]] house.",weak_match
6,state,prep.of.dep,state,gov,Alabama,"members of the alabama legislature viewed the governors address remotely, while safely distanced in their respective chambers in the alabama [[[[[[state]]]]]] house.",weak_match
6,state,nn.dep,center,gov,Alabama,"additionally, the [[[state]]] emergency operations [[[center]]] (seoc) warehouse is storing a 90-120 day supply of ppe to respond to future incidents in addition to the ppe supplies being managed by cdphe and the colorado department of human services.",parser
6,state,nn.dep,department,gov,Alabama,the number of students identified as in need of access to laptops and at-home internet is based on survey information that was submitted to the [[[state]]] [[[department]]] of education and connecticut commission for educational technology.,parser
6,state,conj.gov,department,gov,Alabama,the [[[department]]] will devote cares act funding to supplement the development of a [[[state]]]wide sel framework that will support educator professional learning and implementation of evidenced-based programs.,weak_match
6,state,amod.gov,local,gov,Alabama,"[[[local]]], [[[state]]], and federal government websites often end in.",parser
6,state,nn.dep,providers,gov,Alabama,"for example, the waivers suspend licensure requirements for out of [[[state]]] telehealth [[[providers]]], remove financial barriers, and improve access to behavioral health services during this difficult time while keeping the patients and providers as a safe as possible.",parser
6,state,nn.dep,office,gov,Alabama,"at the request of the idaho legislature and governor little, the [[[state]]] controllers [[[office]]] has delivered an easy-to-use portal for all non-entitlement units of local government (neu) to receive the local fiscal recovery funds.",parser
6,state,nn.dep,fund,gov,Alabama,"• allowing use of [[[state]]] disaster relief [[[fund]]], covering direct state costs and reimbursements to illinois national guard and mutual aid groups.",parser
6,state,nn.dep,departments,gov,Alabama,"the agency works with the u. department of veterans affairs, [[[state]]] [[[departments]]], county agencies, and community and veterans service organizations throughout the state.",parser
6,state,nn.dep,benefits,gov,Alabama,"2 million eligible claimants have applied for [[[state]]] and federal [[[benefits]]], with over $14.",parser
6,state,amod.gov,federal,gov,Alabama,"funded by the , tag centers bring together local, [[[state]]], and [[[federal]]] law enforcement and prosecutor offices through strategic partnerships and targeted investigative efforts that act as a force multiplier in joint gang enforcement operations.",weak_match
6,state,nsubj.dep,governor,gov,Alabama,"i am disappointed that further aid for [[[state]]], local and tribal governments was not included in this package despite the clear need articulated by nearly every state and [[[governor]]].",weak_match
6,state,nn.gov,school,news,Morning Call,"pennsylvania, long considered thenations premier high [[[school]]] wrestling [[[state]]], is one of only 18 states that has not sanctioned girls wrestling.",parser
6,state,nn.dep,department,news,Morning Call,"previously, the [[[state]]] education [[[department]]] told districts that if they provide education during the shutdown, all students must have equal access, including those with disabilities.",parser
6,state,conj.gov,department,news,Morning Call,"8 million to provide relief to schools, while the [[[department]]] of [[[state]]] received $14 million to cushion costs related to the 2020 election.",weak_match
6,state,prep.of.dep,department,news,Morning Call,"8 million to provide relief to schools, while the [[[department]]] of [[[state]]] received $14 million to cushion costs related to the 2020 election.",weak_match
6,help,dobj.dep,provide,gov,Alabama,the american rescue plan act established the restaurant revitalization fund (rrf) to [[[provide]]] funding to [[[help]]] restaurants and other eligible businesses keep their doors open.,weak_match
6,help,conj.dep,health,gov,Alabama,"resources are available across north carolina to connect rural communities with local [[[health]]] care providers, education and support to uplift whole person health and [[[help]]] loved ones do the same.",parser
6,help,amod.gov,federal,news,Morning Call,"wolf said the disaster declaration lets more medical professionals administer vaccines, [[[help]]]s families with food access, and ensures counties and businesses remain eligible for [[[federal]]] financial help.",parser
6,federal,amod.dep,program,gov,Alabama,"- governor ned lamont today announced that an executive order he expanding eligibility in the [[[federal]]] lost wages assistance (lwa) [[[program]]] has resulted in 22,837 unemployed connecticut residents receiving an additional $35 million in federal payments over the last several weeks.",parser
6,federal,amod.dep,state,gov,Alabama,those newly eligible under the [[[federal]]] cares act are counted in the usdol statistics only if they applied for [[[state]]] benefits and were initially denied due to ineligibility at the time.,weak_match
6,pandemic,amod.dep,program,gov,Alabama,"the recent cares act ii extends the federal [[[pandemic]]] unemployment compensation, which now provides an additional $300 per week to everyone receiving unemployment benefits, as well as the pandemic unemployment assistance [[[program]]] and the pandemic extended unemployment compensation program, through mid-march.",parser
6,today,amod.gov,support,gov,Alabama,"february 9, 2023 | austin, texas | the governors committee to [[[support]]] the military [[[today]]] released their with recommendations for policy changes and legislative action to improve education, health care, quality of life, workforce development, encroachment, and infrastructure as they relate to the military community of texas.",weak_match
6,today,conj.gov,department,gov,Alabama,"tony evers [[[today]]], with the wisconsin [[[department]]] of agriculture, trade, and consumer protection (datcp), announced two of wisconsins largest hunger relief organizations will receive an additional $10 million to help serve wisconsinites experiencing food insecurity during the covid-19 pandemic.",weak_match
6,support,dobj.dep,provide,gov,Alabama,"the alabama department of public health, local emergency management officials and law enforcement will also [[[provide]]] [[[support]]].",parser
6,support,amod.gov,new,gov,Alabama,"- recognizing the considerable demand on resources the covid-19 public health emergency is having on nearly every aspect of life across the state, a group of connecticut-based philanthropists today announced that they have established a charitable organization to raise [[[new]]] [[[support]]] for the states nonprofit organizations that are serving those impacted by the pandemic.",parser
6,support,nn.gov,care,gov,Alabama,the covid-19 emergency declaration will remain in place to continue to [[[support]]] health [[[care]]] and local jurisdictions impacted by covid-19.,weak_match
6,support,amod.gov,federal,gov,Alabama,"the sba began accepting applications through community financial institutions on january 11 and through all other financial institutions on january 19, with applications accepted through march 31. in the past year, the paycheck protection program offered [[[federal]]] [[[support]]] to tens of thousands of kansas small businesses, but we understand that the need is still great, lieutenant governor and commerce secretary david toland said.",parser
6,support,nn.dep,health,gov,Alabama,public [[[health]]] essential needs & services business resiliency & workforce [[[support]]] minimum investment required for emphasis area $52.,weak_match
6,support,amod.gov,state,gov,Alabama,"we are ready to get back to work, and with the continued overwhelming [[[support]]] of the [[[state]]] of kansas, grow our industry for years to come, gaining kansas the recognition it deserves as a vital tour stop for traveling musicians, and shedding light on the vast depth of local talent found within our local communities.",weak_match
6,support,conj.dep,health,gov,Alabama,"round two of the keep maine [[[health]]]y grant program will cover expenses incurred from august 1 - october 31, 2020, with applications due to maine cdc by friday july 31, 2020. the 22 current and proposed dhhs-sponsored swab and send sites are:bangor: northern light brewer: pchc (currently operational) old town: pchc (currently operational) augusta: mainegeneral (currently operational) portland: northern light south portland: northern light belfast: pchc (currently operational) ellsworth: northern light blue hill: northern light dover-foxcroft: northern light presque isle: northern light calais: calais regional hospital (currently operational) greenville: northern light waterville: northern light pittsfield: northern light bar harbor: mdi hospital (currently operational for frontline workforce testing for participating businesses) fort kent: northern maine medical center westbrook: city of westbrook skowhegan: redington-fairview general hospital lincoln: penobscot valley hospital sanford: york county community action corp. /nasson health care mobile site: promerica healththe department is also separately [[[support]]]ing york hospital in its drive-through point-of-care testing site which has been open since july 1, 2020.",weak_match
6,support,amod.gov,health,gov,Alabama,"round two of the keep maine [[[health]]]y grant program will cover expenses incurred from august 1 - october 31, 2020, with applications due to maine cdc by friday july 31, 2020. the 22 current and proposed dhhs-sponsored swab and send sites are:bangor: northern light brewer: pchc (currently operational) old town: pchc (currently operational) augusta: mainegeneral (currently operational) portland: northern light south portland: northern light belfast: pchc (currently operational) ellsworth: northern light blue hill: northern light dover-foxcroft: northern light presque isle: northern light calais: calais regional hospital (currently operational) greenville: northern light waterville: northern light pittsfield: northern light bar harbor: mdi hospital (currently operational for frontline workforce testing for participating businesses) fort kent: northern maine medical center westbrook: city of westbrook skowhegan: redington-fairview general hospital lincoln: penobscot valley hospital sanford: york county community action corp. /nasson health care mobile site: promerica healththe department is also separately [[[support]]]ing york hospital in its drive-through point-of-care testing site which has been open since july 1, 2020.",weak_match
6,support,amod.gov,public,gov,Alabama,"municipal plans, [[[support]]]ed with coronavirus relief funds from the cares act, aim to help keep maine people and visitors safe from covid-19 through [[[public]]] education activities, physical distancing and public health support, and local business assistance.",parser
6,support,nn.gov,health,gov,Alabama,"municipal plans, [[[support]]]ed with coronavirus relief funds from the cares act, aim to help keep maine people and visitors safe from covid-19 through public education activities, physical distancing and public [[[health]]] support, and local business assistance.",parser
6,support,dobj.dep,health,gov,Alabama,"$4 million [[[support]]]s more than 80 maine municipalities and tribal governments as they take action to protect maine people and visitors from covid-19augusta- the mills administration announced today that it has approved an additional $4 million in awards to more than 80 municipalities and tribal governments across the state under a second round of keep maine [[[health]]]y funding to support local covid-19 public health, education, and prevention efforts.",parser
6,support,nn.gov,provide,gov,Alabama,our expansion of unemployment and workers compensation benefits is designed to help [[[provide]]] emergency [[[support]]] to michigans working families.,weak_match
6,support,nn.gov,emergency,gov,Alabama,our expansion of unemployment and workers compensation benefits is designed to help provide [[[emergency]]] [[[support]]] to michigans working families.,parser
6,support,nn.dep,care,gov,Alabama,"the 988 crisis line connects anyone experiencing a mental health, suicide, or substance use crisis to compassionate, accessible [[[care]]] and [[[support]]], available 24/7.",weak_match
6,support,nn.dep,services,gov,Alabama,"the marc served a total of 269 individuals from 86 families on wednesday and is open from 10 a. today at the bollinger county health center: impacted residents are encouraged to attend the marc to receive in-person information and [[[support]]] [[[services]]], including insurance information, food stamp replacement, emergency financial assistance, and legal services.",parser
6,support,amod.gov,support,gov,Alabama,"the family [[[[[[support]]]]]] warm line can be reached toll-free at 1-800-640-6486, monday through friday, 8:30 a. if you suspect child abuse or neglect, call the dcyf central intake line at (603) 271-6562 or toll-free (in state) at (800) 894-5533.",weak_match
6,support,nn.gov,support,gov,Alabama,"the family [[[[[[support]]]]]] warm line can be reached toll-free at 1-800-640-6486, monday through friday, 8:30 a. if you suspect child abuse or neglect, call the dcyf central intake line at (603) 271-6562 or toll-free (in state) at (800) 894-5533.",weak_match
6,support,nn.dep,districts,gov,Alabama,participating [[[districts]]] for additional [[[support]]] have already been notified and were selected based on expressed interest and community need as part of the 2022-23 strongschoolsnc covid-19 testing program.,weak_match
6,support,nn.gov,community,gov,Alabama,this action is a small bridge to [[[support]]] the entire [[[community]]] and retain a critical employer.,weak_match
6,support,nn.dep,providers,gov,Alabama,"these out-of-school [[[support]]] [[[providers]]] are a critical part of ensuring wisconsin kids have access to high-quality programming and a safe place to go, said gov.",parser
6,support,nn.dep,program,gov,Alabama,"funded by the federal coronavirus aid, relief, and economic security (cares) act funds and administered by the wisconsin department of administration (doa), the covid-19 out-of-school [[[support]]] grant [[[program]]] provides eligible organizations grant awards to cover pandemic-related impacts such as lost revenue, increased staffing costs, cleaning and sanitization, and additional costs to ensure high-quality programming otherwise impacted by covid-19.",parser
6,health,nn.dep,services,gov,Alabama,will use funds to purchase a mobile [[[health]]] clinic and equipment to provide health [[[services]]].,parser
6,health,prep.of.dep,department,gov,Alabama,"the alabama [[[department]]] of public [[[health]]], local emergency management officials and law enforcement will also provide support.",weak_match
6,health,amod.gov,department,gov,Alabama,"the alabama [[[department]]] of public [[[health]]], local emergency management officials and law enforcement will also provide support.",weak_match
6,health,amod.gov,public,gov,Alabama,"the alabama department of [[[public]]] [[[health]]], local emergency management officials and law enforcement will also provide support.",parser
6,health,nn.dep,providers,gov,Alabama,"will rehabilitate the roof of the sumter county [[[health]]] services building, which is the headquarters of the sumter county emergency management agency and other health services [[[providers]]] who are working on the front lines of the covid-19 pandemic response.",parser
6,health,nn.dep,department,gov,Alabama,"if wanting to be vaccinated at sites other than a county [[[health]]] [[[department]]], such as a private provider, individuals should contact those sites directly.",parser
6,health,nn.dep,departments,gov,Alabama,county [[[health]]] [[[departments]]] are working with their local points of distribution to assess what their vaccination reach has been.,parser
6,health,conj.gov,department,gov,Alabama,"statewide (october 14, 2022) — the colorado [[[department]]] of public [[[health]]] and environment is proud to announce the first ten grant awards from the , aimed at reaching people where they work and live with covid-19 resources, information, and support.",weak_match
6,health,nn.dep,program,gov,Alabama,the [[[health]]] equity grant [[[program]]] at cdphe is funded through the and the.,parser
6,health,nn.dep,districts,gov,Alabama,"[[[health]]] [[[districts]]], healthcare facilities, and other entities currently receiving support from the idaho national guards covid-19 task force can expect to see a draw down of guard personnel over the next two weeks, with support concluding on july 9. idaho has been open longer than almost every other state and was one of only a handful of states with the fewest covid-19 restrictions.",parser
6,health,nn.dep,care,gov,Alabama,the covid-19 emergency declaration will remain in place to continue to support [[[health]]] [[[care]]] and local jurisdictions impacted by covid-19.,parser
6,health,amod.gov,support,gov,Alabama,public [[[health]]] essential needs & services business resiliency & workforce [[[support]]] minimum investment required for emphasis area $52.,weak_match
6,health,nn.gov,support,gov,Alabama,public [[[health]]] essential needs & services business resiliency & workforce [[[support]]] minimum investment required for emphasis area $52.,weak_match
6,health,nn.dep,center,gov,Alabama,governor laura kelly today visited konza prairie community [[[health]]] [[[center]]] in junction city to announce that the community care network of kansas has been allocated coronavirus relief funds to help its federally funded community health centers increase access to care through telehealth.,parser
6,health,amod.gov,local,gov,Alabama,"department also awards $1 million to boost rural hospital lab capacity and opens second round of keep maine [[[health]]]y grants for municipalitiesaugusta - the maine department of health and human services (dhhs) announced today four additional covid-19 swab and send testing sites, the award of $1 million in federal funding to rural hospitals to increase their labs capacity to process covid-19 tests, and a second round of grants to municipalities under the keep maine healthy plan to support [[[local]]] covid-19 public health, education, and prevention efforts.",parser
6,health,nn.gov,department,gov,Alabama,"round two of the keep maine [[[health]]]y grant program will cover expenses incurred from august 1 - october 31, 2020, with applications due to maine cdc by friday july 31, 2020. the 22 current and proposed dhhs-sponsored swab and send sites are:bangor: northern light brewer: pchc (currently operational) old town: pchc (currently operational) augusta: mainegeneral (currently operational) portland: northern light south portland: northern light belfast: pchc (currently operational) ellsworth: northern light blue hill: northern light dover-foxcroft: northern light presque isle: northern light calais: calais regional hospital (currently operational) greenville: northern light waterville: northern light pittsfield: northern light bar harbor: mdi hospital (currently operational for frontline workforce testing for participating businesses) fort kent: northern maine medical center westbrook: city of westbrook skowhegan: redington-fairview general hospital lincoln: penobscot valley hospital sanford: york county community action corp. /nasson health care mobile site: promerica healththe [[[department]]] is also separately supporting york hospital in its drive-through point-of-care testing site which has been open since july 1, 2020.",weak_match
6,health,nn.gov,care,gov,Alabama,"nasson [[[health]]] [[[care]]] welcomes the opportunity to work with the maine cdc to improve access to coronavirus testing in york county, said martin sabol, director of health services at nasson health care.",parser
6,health,nn.gov,emergency,gov,Alabama,the grants recognize the important role municipalities play in public [[[health]]] protection and education during the current public health [[[emergency]]].,parser
6,health,nn.dep,office,gov,Alabama,"what we need now are new local partners to help us bring vaccinations into communities that have not had the access that other mississippians have had so far, said chigozie udemgba, dr. ph, ches, director of the [[[office]]] of [[[health]]] equity.",weak_match
6,health,nn.dep,benefits,gov,Alabama,breastfeeding has many known [[[health]]] [[[benefits]]] for mother and baby and is widely accepted as an effective strategy to promote positive health outcomes for both mothers and their babies.,parser
6,health,nn.gov,school,gov,Alabama,the critical data sc fitnessgram produces each year is used to support programs and policies in public [[[school]]]s that will improve the [[[health]]] of our children.,weak_match
6,health,nn.gov,community,gov,Alabama,"grants of up to $625,000 are available to support [[[health]]] and human services innovations in rural healthcare, long-term care, provision of human services, [[[community]]] behavioral health, mental health and health information technology and digital medical innovation.",parser
6,health,nn.dep,care,news,Morning Call,"the pay isnt as much as it should be, in part because our society still hasnt resolved the stigma that surrounds mental [[[health]]] and mental health [[[care]]].",parser
6,health,nn.dep,services,news,Morning Call,"the recently announced loan from the state of pennsylvania, for example, will provide much-needed access to resources to support our efforts to address coronavirus impacts at the kidspeace childrens hospital, while ensuring that we can continue to provide mental [[[health]]] [[[services]]] for the people who need them, now and in the future.",parser
6,health,nn.dep,benefits,news,Morning Call,"not only did i lose my job, i also lost my [[[health]]] [[[benefits]]].",parser
6,health,nn.dep,providers,news,Morning Call,it is a challenge that will confront other mental [[[health]]] [[[providers]]] throughout pennsylvania soon.,parser
6,health,amod.gov,state,news,Morning Call,"were hearing every day about private therapy practices closing to all new patients, while residential treatment facilities around the [[[state]]] are at capacity and multiple hospital emergency departments report seeing significantly more individuals suffering from mental [[[health]]] issues - but having fewer and fewer treatment options to recommend.",weak_match
6,health,nn.dep,department,news,Morning Call,"the [[[department]]] of [[[health]]], the agency at the center of the states response, has received $72.",weak_match
6,health,prep.of.dep,department,news,Morning Call,"the [[[department]]] of [[[health]]], the agency at the center of the states response, has received $72.",weak_match
6,governor,prep.of.dep,governor,gov,Alabama,govalabama the beautiful© 2023 office of the [[[[[[governor]]]]]] of alabama.,weak_match
6,governor,prep.of.gov,governor,gov,Alabama,govalabama the beautiful© 2023 office of the [[[[[[governor]]]]]] of alabama.,weak_match
6,governor,nn.gov,governor,gov,Alabama,govalabama the beautiful© 2023 office of the [[[[[[governor]]]]]] of alabama.,weak_match
6,governor,nn.dep,office,gov,Alabama,govalabama the beautiful© 2023 [[[office]]] of the [[[governor]]] of alabama.,weak_match
6,governor,nn.dep,departments,gov,Alabama,i appreciate the [[[governor]]] and the finance [[[departments]]] work to ensure we utilize these funds to the benefit of our citizens.,weak_match
6,governor,nsubj.dep,governor,gov,Alabama,i appreciate all our former [[[[[[governor]]]]]]s for your supportive statements today.,weak_match
6,department,nn.gov,health,gov,Alabama,"the alabama [[[department]]] of public [[[health]]], local emergency management officials and law enforcement will also provide support.",weak_match
6,department,nn.gov,provide,gov,Alabama,"the alabama [[[department]]] of public health, local emergency management officials and law enforcement will also [[[provide]]] support.",weak_match
6,department,amod.gov,health,gov,Alabama,"if wanting to be vaccinated at sites other than a county [[[health]]] [[[department]]], such as a private provider, individuals should contact those sites directly.",weak_match
6,department,nn.gov,state,gov,Alabama,the number of students identified as in need of access to laptops and at-home internet is based on survey information that was submitted to the [[[state]]] [[[department]]] of education and connecticut commission for educational technology.,parser
6,department,conj.dep,health,gov,Alabama,"if a user tests positive:a contact tracer from the connecticut [[[department]]] of public [[[health]]], their local health department, or their higher education institution will ask them if they are willing to share the close contact codes their app has logged while they may have been contagious.",weak_match
6,department,amod.gov,local,gov,Alabama,"if a user tests positive:a contact tracer from the connecticut [[[department]]] of public health, their [[[local]]] health department, or their higher education institution will ask them if they are willing to share the close contact codes their app has logged while they may have been contagious.",parser
6,department,nn.gov,community,gov,Alabama,"the agency works with the u. [[[department]]] of veterans affairs, state departments, county agencies, and [[[community]]] and veterans service organizations throughout the state.",weak_match
6,department,dobj.dep,health,gov,Alabama,"edney, md, facp, has joined the mississippi state [[[department]]] of [[[health]]] (msdh) in the role of chief medical officer and regional health officer for the central public health region.",weak_match
6,department,amod.gov,state,gov,Alabama,"— the mississippi [[[state]]] [[[department]]] of the healths (msdh) office of preventive health and health equity, which works to reduce health disparities related to covid-19 in minority and rural populations, is seeking organizations statewide to host vaccination efforts in their community.",weak_match
6,department,nn.dep,office,gov,Alabama,"detective sergeant griffith, 34, graduated from the missouri sheriffs association training academy and received his missouri peace [[[office]]]r license on november 29, 2010. during his career, he had also served with the gerald police [[[department]]] and the gasconade county sheriffs office.",weak_match
6,department,amod.gov,department,gov,Alabama,"- in an ongoing effort to reach out to nebraskas african american community, the nebraska [[[[[[department]]]]]] of health and human services (dhhs) and the lincoln- lancaster health department (llhd) are partnering with senior pastor tremaine combs of mt.",weak_match
6,department,conj.gov,department,gov,Alabama,"- in an ongoing effort to reach out to nebraskas african american community, the nebraska [[[[[[department]]]]]] of health and human services (dhhs) and the lincoln- lancaster health department (llhd) are partnering with senior pastor tremaine combs of mt.",parser
6,department,nn.gov,department,gov,Alabama,"- in an ongoing effort to reach out to nebraskas african american community, the nebraska [[[[[[department]]]]]] of health and human services (dhhs) and the lincoln- lancaster health department (llhd) are partnering with senior pastor tremaine combs of mt.",weak_match
6,department,amod.gov,new,gov,Alabama,"concord, nh - the [[[new]]] hampshire [[[department]]] of health and human services (dhhs) has announced that the covid-19 emergency healthcare system relief fund is now accepting applications from hospitals and healthcare providers on the frontline responding to the covid-19 pandemic.",parser
6,department,nn.dep,health,gov,Alabama,"### about the ohio [[[department]]] of [[[health]]] the ohio department of healths mission is advancing the health and well-being of all ohioans by transforming the states public health system through unique partnerships and funding streams; addressing the community conditions and inequities that lead to disparities in health outcomes; and implementing data-driven, evidence-based solutions.",weak_match
6,department,nn.dep,departments,gov,Alabama,"the five ohio local health [[[department]]]s to earn initial accreditation are: ashtabula county health department city of middletown health department morrow county health district noble county health department washington county health department health [[[departments]]] provide essential services, such as such as vaccinations, food inspections, health education, and vital records, and are key leaders in improving the health and well-being of communities.",parser
6,department,amod.gov,support,gov,Alabama,"for immediate release august 2, 2021 contact: odh office of communications 614-644-8562 august is breastfeeding awareness month ohio [[[department]]] of health urges communities to [[[support]]] breastfeeding mothers columbus - august is breastfeeding awareness month, and world breastfeeding week (wbw) will be celebrated aug. 1-7 this year.",weak_match
6,department,prep.of.dep,state,gov,Alabama,"4)this proclamation waives requirements for in-person visitation by children in the custody of the [[[state]]] [[[department]]] of children, youth, and family (dcyf) with family and dcyf caseworkers.",weak_match
6,department,amod.gov,public,gov,Alabama,evers signed ab 4 today at the university of wisconsin-oshkosh following a tour of the campus covid-19 vaccination clinic that opened this week in partnership with advocate aurora health of oshkosh and the winnebago county [[[public]]] health [[[department]]].,parser
6,department,nn.gov,community,news,Morning Call,some $1 million of it came from the pennsylvania [[[department]]] of [[[community]]] and economic development for covid-19 relief efforts.,weak_match
6,department,amod.gov,state,news,Morning Call,"previously, the [[[state]]] education [[[department]]] told districts that if they provide education during the shutdown, all students must have equal access, including those with disabilities.",weak_match
6,department,nn.gov,state,news,Morning Call,"previously, the [[[state]]] education [[[department]]] told districts that if they provide education during the shutdown, all students must have equal access, including those with disabilities.",parser
6,department,amod.gov,new,news,Morning Call,"marlene caride, commissioner of the [[[new]]] jersey [[[department]]] of banking and insurance, urged people who are uninsured to consider their marketplace options because they may be eligible for a lower cost plan than before.",parser
6,program,nn.gov,community,gov,Alabama,"the award is part of more than $40 million allocated to alabama under a special [[[community]]] development block grant [[[program]]] funded from the federal coronavirus aid, relief and economic security (cares) act.",parser
6,program,amod.gov,support,gov,Alabama,"office of the governor of alabama the office of alabama governor (334) 242-7150 - governor kay ivey on wednesday announced revive plus, a $200 million grant [[[program]]] to [[[support]]] small businesses, non-profits and faith-based organizations in alabama that have been impacted by covid-19.",weak_match
6,program,nn.gov,support,gov,Alabama,"office of the governor of alabama the office of alabama governor (334) 242-7150 - governor kay ivey on wednesday announced revive plus, a $200 million grant [[[program]]] to [[[support]]] small businesses, non-profits and faith-based organizations in alabama that have been impacted by covid-19.",weak_match
6,program,nn.gov,care,gov,Alabama,the seoc warehouse also retained equipment from the alternative [[[care]]] system [[[program]]] to set up a 200 bed facility if needed.,parser
6,program,nn.dep,health,gov,Alabama,the [[[health]]] equity grant [[[program]]] at cdphe is funded through the and the.,parser
6,program,nn.gov,health,gov,Alabama,the [[[health]]] equity grant [[[program]]] at cdphe is funded through the and the.,parser
6,program,amod.gov,federal,gov,Alabama,"- governor ned lamont today announced that an executive order he expanding eligibility in the [[[federal]]] lost wages assistance (lwa) [[[program]]] has resulted in 22,837 unemployed connecticut residents receiving an additional $35 million in federal payments over the last several weeks.",parser
6,program,amod.gov,new,gov,Alabama,"to stop the spread of covid-19, we each need to do our part, and we hope everyone with a smartphone will participate in this [[[new]]] [[[program]]],.",parser
6,program,amod.gov,health,gov,Alabama,"we know that there has been a 40 percent decrease in hearing and vision screenings for medicaid and childrens [[[health]]] insurance [[[program]]] (chip) beneficiaries aged 0-18 over the past two years, alone.",weak_match
6,program,conj.dep,health,gov,Alabama,"we know that there has been a 40 percent decrease in hearing and vision screenings for medicaid and childrens [[[health]]] insurance [[[program]]] (chip) beneficiaries aged 0-18 over the past two years, alone.",weak_match
6,program,nn.gov,provide,gov,Alabama,the [[[program]]] will [[[provide]]] eligible claimants with an additional $300 per week on top of their regular unemployment benefits.,weak_match
6,program,nn.dep,benefits,gov,Alabama,households eligible for food assistance [[[program]]] [[[benefits]]] will receive additional benefits in june to bring all current snap cases to the maximum monthly allowance for that group size.,parser
6,program,amod.gov,department,gov,Alabama,one new [[[program]]] is the u. [[[department]]] of agriculture farmers to families food box.,weak_match
6,program,nn.gov,department,gov,Alabama,one new [[[program]]] is the u. [[[department]]] of agriculture farmers to families food box.,weak_match
6,program,amod.gov,local,gov,Alabama,"toggle navigation flag status: full-staff governor parson announces $30 million in funding to support tourism industry recovery statewide jefferson city today, governor mike parson announced that t he department of economic development (ded) has awarded a total of $30 million through the [[[local]]] tourism asset development grant [[[program]]] for 26 projects across the state.",parser
6,program,dobj.dep,provide,gov,Alabama,"our states strong tourism industry is important to our economic success, and were proud to [[[provide]]] support through the local tourism asset development grant [[[program]]], said.",weak_match
6,program,nn.gov,child,gov,Alabama,"to learn more about recognizing the signs of [[[child]]] abuse and neglect, visit know and tell, an education [[[program]]] offered through the granite state childrens alliance, the chapter organization for the network of new hampshires child advocacy centers.",weak_match
6,program,nn.gov,school,gov,Alabama,"like last year, students attending [[[school]]] are automatically eligible for p-ebt if they are approved for free or reduced-price school meals through the national school lunch [[[program]]], but they will only get p-ebt benefits for days their attendance record reflects they had one or more covid-19 related absences.",parser
6,program,nn.gov,vaccination,gov,Alabama,"for up-to-date information, resources, and data on wisconsins [[[vaccination]]] [[[program]]], please visit our dhs vaccine webpage.",weak_match
6,program,nn.gov,emergency,gov,Alabama,"the primary federal [[[emergency]]] rental assistance [[[program]]] (erap) grant was awarded to the department of family services (dfs) last year to help cover rent, utility and broadband bills in wyoming.",parser
6,program,nn.dep,care,gov,Alabama,"some children may also be moved from wyoming medicaid to the wdh kid [[[care]]] chip [[[program]]], which has different income guidelines.",parser
6,program,nn.gov,emergency,news,Morning Call,"outside an apartment building in northwest washington, volunteers propped their laptops open and began to help tenants apply for stay dc, an [[[emergency]]] rent relief [[[program]]] that has been heralded as a lifeline for those who have fallen behind on rent during the pandemic.",parser
7,last,amod.dep,week,reddit,coronavirus,"hospitalizations for novel coronavirus-like illness declined [[[last]]] [[[week]]] in washington, offering a glimmer of hope i live in western washington, still seeing lots of non-essential bullshit open and tourist are still coming out here.",parser
7,last,amod.dep,year,reddit,coronavirus,"[[[last]]] [[[year]]] more than 132,000 people were diagnosed in the same period.",parser
7,last,amod.dep,year,news,Morning Call,"the viral outbreak, first detected late [[[last]]] [[[year]]] in central china, has infected 90,000 worldwide and killed around 3,100 people.",parser
7,last,amod.dep,week,news,Morning Call,"stores and local pharmacists said [[[last]]] [[[week]]] they were seeing face masks fly off their shelves, despite evidence that most people who are healthy dont need to wear them.",parser
7,last,amod.dep,people,news,Morning Call,"ambrosino estimates that the city is now delivering about 800 30-pound boxes of food a day, which should [[[last]]] two [[[people]]] about a week.",parser
7,pandemic,nn.gov,coronavirus,gov,Alabama,"four of the top 10 camping months ever in the state parks have occurred in 2020, driven by visitors seeking the outdoors during the [[[coronavirus]]] [[[pandemic]]].",parser
7,pandemic,nn.gov,coronavirus,reddit,coronavirus,"innslee isnt getting enough credit hospitalizations for patients with symptoms of covid-19-like illnesses in washington declined last week by more than 20%, a hopeful sign for the region and a nation gripped by the [[[coronavirus]]] [[[pandemic]]].",parser
7,pandemic,nn.gov,coronavirus,news,Morning Call,"the [[[coronavirus]]] [[[pandemic]]] has fueled panic buying across the country and in the lehigh valley, with consumers preparing to hunker down and stocking up on the essentials.",parser
7,pandemic,amod.gov,coronavirus,news,Morning Call,"social still in bethlehem is making its own hand sanitizer, which it is donating in the community amid the [[[coronavirus]]] [[[pandemic]]].",weak_match
7,pandemic,dobj.dep,coronavirus,news,Morning Call,"social still in bethlehem is making its own hand sanitizer, which it is donating in the community amid the [[[coronavirus]]] [[[pandemic]]].",weak_match
7,pandemic,amod.dep,people,news,Morning Call,"meanwhile, the coronavirus [[[pandemic]]] that caused the disruptions lingers, forcing parents without child care, or [[[people]]] who simply are uncomfortable working, to make tough decisions.",weak_match
7,pandemic,dobj.dep,get,news,Morning Call,i am relieved to see hes already put some of the smartest scientific minds on his new coronavirus task force and that they are acting urgently to try and [[[get]]] the [[[pandemic]]] under control as quickly as possible.,parser
7,pandemic,amod.gov,new,news,Morning Call,"before the [[[new]]] coronavirus [[[pandemic]]], the two spent multiple hours together each week -- running errands, going to dialysis appointments, or just watching movies.",parser
7,pandemic,nn.gov,new,news,Morning Call,"before the [[[new]]] coronavirus [[[pandemic]]], the two spent multiple hours together each week -- running errands, going to dialysis appointments, or just watching movies.",weak_match
7,pandemic,nn.gov,state,news,Morning Call,"but as testing options have multiplied, easing some of the shortages and laboratory bottlenecks that hampered the early response to the [[[pandemic]]], universities, employers, [[[state]]] and local governments and other institutions have been increasingly filling in some of the vacuum left by the administration with their own testing plans.",weak_match
7,pandemic,amod.gov,second,news,Morning Call,that history has informed a dramatic community mobilization that sprang up as the illness was spreading in march alongside a [[[second]]] [[[pandemic]]] of unemployment.,parser
7,pandemic,amod.dep,states,news,Morning Call,"the truth is that his failed leadership has needlessly cost over 177,000 americans their lives, tens of millions of americans their jobs, and left the united [[[states]]] the hardest hit country by the [[[pandemic]]] in the whole world, biden deputy campaign manager kate bedingfield said in a statement.",weak_match
7,pandemic,dobj.dep,new,news,Morning Call,my own family is basically an inkblot of the early confusion and disorder that accompanied the [[[new]]] [[[pandemic]]] when it first emerged from china.,weak_match
7,coronavirus,amod.dep,cases,reddit,coronavirus,"aircraft carrier uss theodore roosevelt has more [[[coronavirus]]] [[[cases]]], navy says the top brass put a gag order on reporting cases, so we dont know how large this problem is.",parser
7,coronavirus,amod.gov,new,reddit,coronavirus,"us ramping up testing for [[[new]]] [[[coronavirus]]], expected to expand radically good thing theyre getting on top of this early before it spreads.",parser
7,coronavirus,amod.dep,cases,news,Morning Call,"as the rate of increase in [[[coronavirus]]] [[[cases]]] slows, trump has criticized democratic governors, such as pennsylvanias tom wolf, who have taken a more cautious approach to lifting restrictions on businesses and gatherings.",parser
7,coronavirus,nn.dep,new,news,Morning Call,"for most people, the [[[new]]] [[[coronavirus]]] causes only mild or moderate symptoms, such as fever and cough.",weak_match
7,coronavirus,nsubj.dep,new,news,Morning Call,"for most people, the [[[new]]] [[[coronavirus]]] causes only mild or moderate symptoms, such as fever and cough.",weak_match
7,coronavirus,amod.gov,new,news,Morning Call,"for most people, the [[[new]]] [[[coronavirus]]] causes only mild or moderate symptoms, such as fever and cough.",parser
7,coronavirus,dobj.dep,new,news,Morning Call,most of the vaccine research under way globally targets a protein aptly named spike that studs the surface of the [[[new]]] [[[coronavirus]]] and lets it invade human cells.,weak_match
7,coronavirus,prep.of.dep,new,news,Morning Call,most of the vaccine research under way globally targets a protein aptly named spike that studs the surface of the [[[new]]] [[[coronavirus]]] and lets it invade human cells.,weak_match
7,coronavirus,nsubj.dep,health,news,Morning Call,"aris papageorghiou, a professor of fetal medicine at the oxford maternal and perinatal [[[health]]] institute in the united kingdom, who participated in the research, said no one knows exactly why the [[[coronavirus]]] can affect pregnancy so severely.",weak_match
7,coronavirus,amod.gov,vaccine,news,Morning Call,trump praised his administrations progress on developing possible [[[vaccine]]]s and therapeutic treatments for the novel [[[coronavirus]]].,weak_match
7,coronavirus,nn.gov,vaccine,news,Morning Call,"-owned social networks such as facebook and youtube, where misinformation about a potential [[[coronavirus]]] [[[vaccine]]] is flooding hate networks, neighborhood groups and wellness communities focused on food or yoga.",parser
7,coronavirus,dobj.dep,get,news,Morning Call,"a recent study found that prisoners were nearly four times as likely than the average citizen to [[[get]]] the [[[coronavirus]]] and - adjusting for age, sex and ethnicity - twice as likely to die from it.",parser
7,people,dobj.dep,get,reddit,coronavirus,"cuomo is actually low key trying to open up ny as well, hence the large scale chloroquine trial, first among states, and him ordering antibody tests, again only state to do so, so that [[[people]]] with immunity can [[[get]]] back to work.",weak_match
7,people,prep.of.dep,number,reddit,coronavirus,"probably the fact that a huge and growing [[[number]]] of young [[[people]]] struggle with depression, anxiety etc - basically everyone has either dealt with it themselves or a close personal friend or family member has.",weak_match
7,people,amod.gov,number,reddit,coronavirus,"probably the fact that a huge and growing [[[number]]] of young [[[people]]] struggle with depression, anxiety etc - basically everyone has either dealt with it themselves or a close personal friend or family member has.",weak_match
7,people,amod.gov,high,reddit,coronavirus,i think a concerted effort to get [[[high]]] risk [[[people]]] off the streets would be more valuable.,parser
7,people,dobj.dep,get,news,Morning Call,"where will [[[people]]] [[[get]]] money for their current taxes, let alone an increase?times are hard enough for single homeowners, living on limited income.",weak_match
7,people,amod.gov,medical,news,Morning Call,they should take all the precautions they can and think about the [[[medical]]] [[[people]]] who are putting their lives at risk.,parser
7,people,prep.of.dep,number,news,Morning Call,that reduction in the [[[number]]] of [[[people]]] behind bars should continue.,weak_match
7,people,amod.gov,number,news,Morning Call,that reduction in the [[[number]]] of [[[people]]] behind bars should continue.,weak_match
7,people,amod.gov,first,news,Morning Call,"and even if you were one of the [[[first]]] [[[people]]] to get vaccinated back in december if you missed your second dose, there is still time.",parser
7,people,amod.gov,black,news,Morning Call,he continued to advocate for [[[people]]] in prison and shined a light on issues such as mass incarceration or disparities in how [[[black]]] and white people were sentenced.,parser
7,people,nn.dep,workers,news,Morning Call,"vaccine providers in pennsylvania can inoculate members of the second priority group — [[[people]]] 75 and older and essential frontline [[[workers]]] — if they dont have enough interest from currently eligible healthcare workers, levine said.",parser
7,people,dobj.dep,coronavirus,news,Morning Call,"the flu has killed more [[[people]]] than the [[[coronavirus]]], and people havent been as concerned over the flu.",weak_match
7,people,nsubj.gov,people,news,Morning Call,the [[[[[[people]]]]]] who live here are people who cant afford to take a month off work.,parser
7,people,amod.gov,last,news,Morning Call,"ambrosino estimates that the city is now delivering about 800 30-pound boxes of food a day, which should [[[last]]] two [[[people]]] about a week.",parser
7,people,nsubj.dep,health,news,Morning Call,"to those who are upset about these restrictions, know that when it comes to our [[[health]]] and our [[[people]]], especially our workforce, our hospitality workforce, id rather be accused of doing too much than doing too little, mayor latoya cantrell (d) said at a feb. 5 news conference.",weak_match
7,people,amod.gov,health,news,Morning Call,"to those who are upset about these restrictions, know that when it comes to our [[[health]]] and our [[[people]]], especially our workforce, our hospitality workforce, id rather be accused of doing too much than doing too little, mayor latoya cantrell (d) said at a feb. 5 news conference.",weak_match
7,first,nsubj.gov,people,reddit,coronavirus,"they have discredited themselves so much that [[[people]]] will [[[first]]] of all try to do the opposite, and only then think about the scientifically correct actions.",parser
7,first,amod.dep,people,reddit,coronavirus,"they have discredited themselves so much that [[[people]]] will [[[first]]] of all try to do the opposite, and only then think about the scientifically correct actions.",weak_match
7,first,amod.dep,year,news,Morning Call,"during a states [[[first]]] [[[year]]] of working with an electronic system, anderson said, the timeliness of the data gets a lot worse.",parser
7,first,amod.dep,people,news,Morning Call,in order to make it easier for [[[people]]] to get their shots - [[[first]]] or second - some vaccine providers are inviting the public to walk right in and sit right down.,weak_match
7,first,amod.dep,week,news,Morning Call,"this is the [[[first]]] [[[week]]] we are putting out our projected starters from the summer, he said.",parser
7,first,amod.dep,city,news,Morning Call,"new york [[[city]]] will become the [[[first]]] city in the u. to require proof of vaccination for workers and customers at indoor dining, gyms, entertainment and performances, according to the new york times.",parser
7,first,amod.dep,system,news,Morning Call,"the law establishes the countrys [[[first]]] portable benefits [[[system]]], a platform workers with multiple employers can use to accrue paid time off.",weak_match
7,first,amod.dep,cases,news,Morning Call,a federal strike team of doctors and nurses did not arrive until more than a week after the [[[first]]] coronavirus [[[cases]]] were reported.,parser
7,first,amod.dep,states,news,Morning Call,"maryland, one of the [[[first]]] [[[states]]] to adopt this model, received more than 130 requests from nursing homes, assisted living facilities and group homes for individuals with development disabilities in the first few months of the pandemic.",parser
7,new,amod.dep,year,reddit,coronavirus,"also because chinese [[[new]]] [[[year]]], the single largest travel event of the year, was late january.",parser
7,new,amod.dep,cases,reddit,coronavirus,"7 for a total amount of 500 [[[new]]] [[[cases]]], today they slowed down and had 300. it wont become a huge problem in countries that do take it seriously and take containment measures, it will become a huge problem into countries that neglet its existance and do nothing/close to nothing.",parser
7,new,amod.dep,york,reddit,coronavirus,"the downturn in hospitalizations in washington, once the epicenter of the u. coronavirus epidemic, comes as increasingly dire scenes unfold in other states — including [[[new]]] [[[york]]], where some 9,500 people have been hospitalized and beleaguered doctors and nurses contend with a rapidly rising caseload of desperately sick patients.",parser
7,new,amod.dep,york,news,Morning Call,"rosario said he has grown more worried, now that at least two cases of the virus were reported in [[[new]]] [[[york]]].",parser
7,new,amod.dep,system,news,Morning Call,"its only later, once the kinks of the [[[new]]] [[[system]]] are worked out, that death reporting gets speedier.",parser
7,new,amod.dep,cases,news,Morning Call,"a spike in infections in recent weeks has sent [[[new]]] [[[cases]]] to records in a number of places around the world including the u. , which already weathered two waves of outbreaks this year.",parser
7,new,amod.dep,city,news,Morning Call,"[[[new]]] york [[[city]]] is also requiring that its public employees, including teachers and police officers, receive the vaccine.",parser
7,new,amod.dep,officials,news,Morning Call,"but [[[new]]] york [[[officials]]] also said the number of people in intensive care dropped for the first time since mid-march and hospitalizations were slowing: 290 new patients in a single day, compared with daily increases of more than 1,000 last week.",parser
7,new,amod.dep,health,news,Morning Call,"the pandemic is compounding those mental [[[health]]] struggles and amplifying them, plus creating [[[new]]] mental health struggles that people may not have been experiencing prior to the pandemic, aten said.",parser
7,new,amod.dep,hospitals,news,Morning Call,"when [[[new]]] yorks [[[hospitals]]] were in crisis, health care workers from across the country came to help out.",parser
7,new,amod.dep,year,news,Morning Call,we still think the market trends higher into the [[[new]]] [[[year]]].,parser
7,new,amod.dep,states,news,Morning Call,"as [[[new]]] york [[[states]]] confirmed covid-19 infections have now surpassed those in all of italy (or any other foreign country) and the u. death toll now outnumbers that of italy, europes epicenter, italian americans here described their lives and their identities as imploding on both ends of their hyphen.",parser
7,new,advmod.gov,still,news,Morning Call,"in the washington region, test-to-stay is [[[still]]] [[[new]]] - and untried in school systems in arlington, alexandria and prince georges counties.",parser
7,time,amod.gov,high,reddit,coronavirus,"the coronavirus is worse than ever in alabama, as new cases hit all [[[time]]] [[[high]]] last in the nation in education is bad at following scientific advice.",parser
7,time,amod.gov,first,reddit,coronavirus,"pa also, we are seeing the 9th consecutive week of lower cases now(this week is going to average <500 for the [[[first]]] [[[time]]]).",parser
7,time,amod.gov,first,news,Morning Call,"if everything aligned, i think we would have come close or surpassed 1 million passengers for the [[[first]]] [[[time]]] since 2004, said colin riccobon, the airport authoritys director of public and government relations.",parser
7,time,amod.gov,last,news,Morning Call,"the [[[last]]] [[[time]]] i checked we won the presidential election, casey said.",parser
7,time,amod.gov,second,news,Morning Call,"this is the [[[second]]] [[[time]]] the governor, who is 63, has quarantined after possible exposure, but he said he did not plan to get the vaccine until his age group became eligible.",parser
7,time,amod.gov,vaccine,news,Morning Call,"otherwise, he focused on the brutal toll the virus took on the economy and boasted of his success in developing a [[[vaccine]]] in record [[[time]]], without mentioning the troubles in distributing the lifesaving shots.",weak_match
7,time,nn.gov,vaccine,news,Morning Call,"otherwise, he focused on the brutal toll the virus took on the economy and boasted of his success in developing a [[[vaccine]]] in record [[[time]]], without mentioning the troubles in distributing the lifesaving shots.",weak_match
7,time,nn.gov,health,news,Morning Call,"nieman said she was less worried about herself - when i go to the doctor, i get a clean bill of [[[health]]] most every [[[time]]] - but her next-door neighbors are in their 80s.",parser
7,time,amod.gov,federal,news,Morning Call,"its been an economically and psychologically taxing ordeal, one that was intended to buy [[[federal]]] officials [[[time]]] to develop a strategy to defeat (or at least hobble) the pandemic.",parser
7,time,dobj.dep,get,news,Morning Call,"ann-marie alameddin, president and chief executive of the arizona hospital and healthcare association, said doctors, nurses and other front-line workers are still struggling to [[[get]]] [[[time]]] off after a spike in hospitalizations that started in late fall.",parser
7,time,amod.gov,health,news,Morning Call,"next [[[time]]], private and personal [[[health]]] should get a voice.",weak_match
7,months,amod.gov,last,gov,Alabama,camping in the [[[last]]] two [[[months]]] reached historic highs in tennessee state parks.,parser
7,months,amod.gov,last,reddit,coronavirus,and the white house is getting ready to make a statement about the plans they have been crafting over the [[[last]]] three [[[months]]] of 2020. the scary part of that situation is his followers wont listen to the state sanctioned guidelines and will spread that shit.,parser
7,months,amod.gov,first,news,Morning Call,death toll fluctuatesfor the [[[first]]] two [[[months]]] of the crisis - the deadliest two months in pennsylvanias covid-19 history - the state didnt draw from edrs to produce its public death count.,parser
7,months,tmod.dep,last,news,Morning Call,"yet even as the virus has raged over these [[[last]]] two [[[months]]], lehigh county did exactly what the grim reaper would want it to do: the jails population expanded from 570 to over 735 inmates.",weak_match
7,months,amod.gov,last,news,Morning Call,"yet even as the virus has raged over these [[[last]]] two [[[months]]], lehigh county did exactly what the grim reaper would want it to do: the jails population expanded from 570 to over 735 inmates.",parser
7,months,amod.gov,second,news,Morning Call,"on thursday, pfizers dr. mikael dolsten told the associated press that early data from the companys booster study suggests peoples antibody levels jump five- to 10-fold after a third dose, compared to their [[[second]]] dose [[[months]]] earlier.",parser
