topic_id,document_ids,probability_score,source
0,145,0.9809782608695653,reddit
0,399,0.9809782608695653,reddit
0,117,0.9798850574712645,reddit
0,177,0.9738805970149254,reddit
0,329,0.9620535714285715,reddit
0,74,0.9606741573033708,reddit
0,155,0.9556962025316456,reddit
0,104,0.9527027027027026,reddit
0,293,0.9507772020725388,reddit
0,70,0.9465408805031447,reddit
0,222,0.9439140811455847,reddit
0,352,0.9305054151624549,reddit
0,407,0.9285714285714287,reddit
0,282,0.9182692307692308,reddit
0,190,0.9161220043572984,reddit
0,79,0.9044943820224719,reddit
0,0,0.9044943820224719,reddit
0,300,0.8953488372093024,reddit
0,426,0.8940922190201728,reddit
0,71,0.8905325443786983,reddit
0,302,0.8896848137535818,reddit
0,61,0.8865546218487396,reddit
0,205,0.8815789473684211,reddit
0,417,0.8768115942028984,reddit
0,380,0.8761467889908258,reddit
0,125,0.8687150837988827,reddit
0,171,0.8682432432432432,reddit
0,283,0.8555992141453831,reddit
0,211,0.8507625272331154,reddit
0,216,0.8496143958868895,reddit
0,278,0.8482280431432973,reddit
0,45,0.8474387527839643,reddit
0,330,0.8434579439252338,reddit
0,106,0.843042071197411,reddit
0,288,0.8425925925925926,reddit
0,410,0.8368055555555556,reddit
0,374,0.8314332247557003,reddit
0,425,0.8304455445544554,reddit
0,46,0.8294198895027624,reddit
0,37,0.8278210116731517,reddit
0,381,0.8261296660117878,reddit
0,409,0.8257575757575757,reddit
0,1,0.8247863247863247,reddit
0,173,0.8219616204690832,reddit
0,182,0.8210702341137124,reddit
0,191,0.8179347826086958,reddit
0,91,0.8097426470588235,reddit
0,362,0.8068181818181818,reddit
0,206,0.8061797752808988,reddit
0,228,0.803191489361702,reddit
0,343,0.8020833333333334,reddit
0,375,0.7929745889387144,reddit
0,143,0.789308176100629,reddit
0,391,0.789308176100629,reddit
0,132,0.7854030501089324,reddit
0,163,0.7830396475770924,reddit
0,186,0.7829525483304042,reddit
0,319,0.7794811320754716,reddit
0,256,0.7768496420047732,reddit
0,19,0.7752525252525252,reddit
0,44,0.7750455373406193,reddit
0,101,0.771186440677966,reddit
0,402,0.771186440677966,reddit
0,398,0.7648367952522254,reddit
0,372,0.764367816091954,reddit
0,14,0.7626262626262625,reddit
0,32,0.7597276264591439,reddit
0,234,0.7574183976261126,reddit
0,286,0.7572674418604651,reddit
0,41,0.7500000000000001,reddit
0,58,0.75,reddit
0,233,0.75,reddit
0,2,0.7499999999999999,reddit
0,34,0.7467866323907455,reddit
0,59,0.7466124661246613,reddit
0,337,0.7432915921288014,reddit
0,401,0.7427745664739884,reddit
0,346,0.7421711899791231,reddit
0,260,0.7411971830985916,reddit
0,230,0.740272373540856,reddit
0,242,0.7387048192771083,reddit
0,131,0.7348877374784111,reddit
0,212,0.7343096234309624,reddit
0,90,0.7337662337662337,reddit
0,115,0.7291350531107738,reddit
0,383,0.7270220588235293,reddit
0,184,0.7264150943396227,reddit
0,251,0.7264150943396227,reddit
0,109,0.7261450381679388,reddit
0,358,0.7260127931769722,reddit
0,262,0.7260127931769722,reddit
0,421,0.7244897959183673,reddit
0,281,0.7236445783132529,reddit
0,130,0.723021582733813,reddit
0,113,0.7202380952380952,reddit
0,124,0.7200435729847494,reddit
0,261,0.719281663516068,reddit
0,221,0.7184873949579832,reddit
0,241,0.7184873949579832,reddit
0,40,0.7180746561886051,reddit
0,75,0.7154059040590405,reddit
0,269,0.7152777777777778,reddit
0,413,0.713768115942029,reddit
0,168,0.7129080118694361,reddit
0,359,0.7059369202226344,reddit
0,243,0.7025316455696202,reddit
0,324,0.6979166666666667,reddit
0,57,0.696319018404908,reddit
0,272,0.6950790861159929,reddit
0,56,0.692528735632184,reddit
0,385,0.6892712550607287,reddit
0,92,0.6886051080550097,reddit
0,250,0.6886051080550097,reddit
0,266,0.685064935064935,reddit
0,141,0.6804008908685969,reddit
0,289,0.6793785310734464,reddit
0,422,0.6770557029177718,reddit
0,193,0.6759868421052632,reddit
0,294,0.675595238095238,reddit
0,264,0.6737089201877934,reddit
0,299,0.6659356725146198,reddit
0,52,0.6646586345381527,reddit
0,51,0.6646586345381527,reddit
0,348,0.6620469083155651,reddit
0,392,0.6594202898550724,reddit
0,287,0.6593511450381679,reddit
0,363,0.6591355599214145,reddit
0,111,0.6586638830897704,reddit
0,259,0.6574074074074073,reddit
0,31,0.6574074074074073,reddit
0,257,0.6550632911392406,reddit
0,327,0.6532625189681335,reddit
0,110,0.6531190926275993,reddit
0,149,0.650278293135436,reddit
0,328,0.6491442542787287,reddit
0,245,0.6469072164948454,reddit
0,99,0.6451942740286299,reddit
0,247,0.6418685121107267,reddit
0,180,0.6409883720930233,reddit
0,55,0.6402157164869028,reddit
0,151,0.6394891944990176,reddit
0,349,0.6380597014925373,reddit
0,396,0.6328124999999999,reddit
0,418,0.6320754716981133,reddit
0,238,0.6317034700315457,reddit
0,304,0.6292270531400966,reddit
0,112,0.6257102272727272,reddit
0,24,0.6248285322359396,reddit
0,339,0.6246200607902737,reddit
0,263,0.6236462093862816,reddit
0,207,0.6211832061068702,reddit
0,136,0.6211832061068702,reddit
0,227,0.61784140969163,reddit
0,275,0.6172945205479452,reddit
0,318,0.6152416356877324,reddit
0,176,0.6148648648648648,reddit
0,326,0.6135371179039302,reddit
0,135,0.6122244488977956,reddit
0,154,0.6116412213740458,reddit
0,94,0.6116412213740458,reddit
0,36,0.6092150170648464,reddit
0,18,0.6087420042643924,reddit
0,232,0.6078998073217726,reddit
0,185,0.6072261072261073,reddit
0,306,0.6058601134215501,reddit
0,378,0.605072463768116,reddit
0,376,0.6009174311926605,reddit
0,153,0.6005434782608696,reddit
0,265,0.5984182776801406,reddit
0,174,0.5981781376518219,reddit
0,62,0.5943579766536965,reddit
0,268,0.59375,reddit
0,317,0.5934891485809682,reddit
0,394,0.5930094786729857,reddit
0,309,0.5872395833333334,reddit
0,336,0.5867117117117118,reddit
0,344,0.5859929078014184,reddit
0,15,0.5855949895615866,reddit
0,314,0.5830745341614906,reddit
0,29,0.5829741379310345,reddit
0,77,0.580298013245033,reddit
0,213,0.5785824345146378,reddit
0,415,0.5785198555956679,reddit
0,120,0.5767590618336887,reddit
0,80,0.5744810744810744,reddit
0,331,0.5737885462555067,reddit
0,53,0.5708117443868739,reddit
0,22,0.5706751054852321,reddit
0,54,0.5686119873817035,reddit
0,307,0.5680529300567108,reddit
0,158,0.5678137651821863,reddit
0,397,0.5670731707317073,reddit
0,320,0.5650887573964498,reddit
0,301,0.5648148148148148,reddit
0,273,0.5627340823970037,reddit
0,129,0.562124248496994,reddit
0,310,0.5593971631205674,reddit
0,68,0.5575139146567718,reddit
0,341,0.5563973063973063,reddit
0,373,0.5554474708171206,reddit
0,267,0.5522496371552974,reddit
0,200,0.5501567398119123,reddit
0,39,0.5492845786963434,reddit
0,276,0.5479797979797979,reddit
0,253,0.5457198443579767,reddit
0,194,0.5451582867783985,reddit
0,419,0.5440074906367042,reddit
0,148,0.5429447852760737,reddit
0,354,0.5422163588390502,reddit
0,386,0.5416666666666667,reddit
0,172,0.5381861575178998,reddit
0,156,0.5370879120879122,reddit
0,218,0.5359922178988327,reddit
0,1172,0.5359922178988327,news
0,393,0.5335195530726258,reddit
0,356,0.5333863275039745,reddit
0,11,0.5333863275039745,reddit
0,360,0.532608695652174,reddit
0,296,0.531434184675835,reddit
0,1203,0.5289115646258504,news
0,103,0.5282258064516129,reddit
0,350,0.5262784090909091,reddit
0,183,0.5262345679012346,reddit
0,405,0.5239651416122004,reddit
0,142,0.5235191637630662,reddit
0,21,0.5228898426323318,reddit
0,361,0.5216110019646366,reddit
0,226,0.5216110019646366,reddit
0,189,0.5207939508506616,reddit
0,7,0.5194174757281553,reddit
0,60,0.5193321616871704,reddit
0,86,0.5188087774294672,reddit
0,332,0.515625,reddit
0,10,0.5153429602888087,reddit
0,416,0.514957264957265,reddit
0,312,0.514808362369338,reddit
0,144,0.5143097643097644,reddit
0,323,0.5126582278481012,reddit
0,298,0.5117403314917126,reddit
0,204,0.5109289617486339,reddit
0,105,0.5091743119266054,reddit
0,1362,0.5068671121009652,news
0,23,0.505892255892256,reddit
0,119,0.4972924187725632,reddit
0,403,0.49724264705882354,reddit
0,127,0.49702380952380953,reddit
0,983,0.4945255474452555,news
0,201,0.49365750528541225,reddit
0,8,0.4875541125541125,reddit
0,236,0.4852216748768473,reddit
0,121,0.48514211886304903,reddit
0,220,0.4821428571428571,reddit
0,3,0.4803082191780822,reddit
0,33,0.4796099290780142,reddit
0,284,0.47846441947565543,reddit
0,28,0.47582037996545773,reddit
0,49,0.4749552772808587,reddit
0,123,0.472682119205298,reddit
0,291,0.47222222222222227,reddit
0,404,0.47222222222222215,reddit
0,364,0.47116843702579664,reddit
0,43,0.4709821428571429,reddit
0,322,0.47074468085106386,reddit
0,128,0.46910112359550565,reddit
0,88,0.46910112359550565,reddit
0,305,0.4678988326848249,reddit
0,367,0.4671848013816926,reddit
0,13,0.4660883280757098,reddit
0,235,0.46590909090909083,reddit
0,297,0.4644039735099338,reddit
0,365,0.46318493150684936,reddit
0,152,0.46274685816876115,reddit
0,166,0.4594882729211088,reddit
0,335,0.4592529711375212,reddit
0,93,0.458969465648855,reddit
0,254,0.4562841530054645,reddit
0,239,0.4554730983302412,reddit
0,347,0.45505617977528084,reddit
0,285,0.4546413502109705,reddit
0,69,0.4546232876712329,reddit
0,389,0.45284872298624756,reddit
0,82,0.4515765765765766,reddit
0,195,0.4510869565217391,reddit
0,118,0.45065312046444117,reddit
0,270,0.449820788530466,reddit
0,333,0.4495295124037639,reddit
0,97,0.4493670886075949,reddit
0,192,0.44190140845070425,reddit
0,390,0.4418837675350702,reddit
0,25,0.4418837675350702,reddit
0,146,0.43945720250521925,reddit
0,167,0.43749999999999994,reddit
0,165,0.43528368794326244,reddit
0,134,0.4348739495798319,reddit
0,114,0.4344894026974952,reddit
0,107,0.43220338983050843,reddit
0,1340,0.42814371257485023,news
0,252,0.425925925925926,reddit
0,178,0.4242761692650334,reddit
0,345,0.4242671009771987,reddit
0,395,0.42331768388106417,reddit
0,240,0.42037671232876717,reddit
0,9,0.42013888888888884,reddit
0,1431,0.4191994069681245,news
0,340,0.4189895470383275,reddit
0,408,0.4159919028340081,reddit
0,138,0.4158134243458475,reddit
0,223,0.4118236472945892,reddit
0,12,0.41180371352785144,reddit
0,224,0.4103260869565218,reddit
0,1288,0.4061051004636785,news
0,424,0.40355805243445697,reddit
0,353,0.4032534246575343,reddit
0,64,0.39980544747081714,reddit
0,406,0.39843749999999994,reddit
0,249,0.39743589743589747,reddit
0,137,0.3935950413223141,reddit
0,203,0.3903301886792453,reddit
0,85,0.3895705521472393,reddit
0,5,0.3882521489971347,reddit
0,248,0.38631984585741813,reddit
0,147,0.38414634146341464,reddit
0,196,0.3764367816091954,reddit
0,420,0.3760533707865168,reddit
0,338,0.3759973404255319,reddit
0,209,0.375748502994012,reddit
0,989,0.3736669401148482,news
0,73,0.37309160305343514,reddit
0,42,0.37198515769944346,reddit
0,116,0.371261378413524,reddit
0,65,0.3695652173913044,reddit
0,303,0.3695652173913043,reddit
0,941,0.36946494464944646,gov
0,84,0.36645468998410174,reddit
0,188,0.3658854166666667,reddit
0,126,0.36560364464692485,reddit
0,1060,0.3639778568604191,news
0,1221,0.3598066298342541,news
0,161,0.35867620751341683,reddit
0,1001,0.3564814814814815,news
0,290,0.35492227979274615,reddit
0,160,0.35490463215258855,reddit
0,279,0.3527131782945736,reddit
0,214,0.3505564387917329,reddit
0,351,0.3490566037735849,reddit
0,1275,0.3421379738968303,news
0,1132,0.3406050029086678,news
0,89,0.33864795918367346,reddit
0,162,0.33844580777096117,reddit
0,313,0.3366141732283465,reddit
0,198,0.3350141185962081,reddit
0,35,0.3346905537459284,reddit
0,1465,0.3338892595063375,news
0,187,0.33195364238410596,reddit
0,20,0.3317120622568094,reddit
0,96,0.32983193277310924,reddit
0,179,0.3290155440414508,reddit
0,1301,0.32737768004398016,news
0,237,0.3228980322003578,reddit
0,1113,0.3224515585509688,news
0,175,0.3212809917355372,reddit
0,100,0.32031249999999994,reddit
0,280,0.3170180722891566,reddit
0,1449,0.3164414414414415,news
0,368,0.31632653061224486,reddit
0,159,0.3158396946564886,reddit
0,95,0.3153973509933775,reddit
0,1106,0.31231295425395467,news
0,311,0.31214689265536727,reddit
0,1216,0.31174200661521495,news
0,956,0.31145584725536996,gov
0,199,0.3114035087719298,reddit
0,164,0.3079268292682927,reddit
0,321,0.3077617328519856,reddit
0,83,0.30500894454382826,reddit
0,47,0.30170157068062825,reddit
0,1428,0.3013990267639902,news
0,231,0.29937304075235116,reddit
0,246,0.29831932773109243,reddit
0,66,0.29769736842105265,reddit
0,1191,0.2974244675581971,news
0,274,0.2956777996070727,reddit
0,219,0.2938718662952646,reddit
0,30,0.2919520547945206,reddit
0,940,0.29190340909090906,gov
0,16,0.28696343402225755,reddit
0,1395,0.28689167974882257,news
0,1194,0.2846806387225549,news
0,181,0.2844129554655871,reddit
0,215,0.2834507042253522,reddit
0,414,0.28313253012048195,reddit
0,6,0.27995867768595045,reddit
0,1127,0.2795957651588065,news
0,384,0.27837595334230597,reddit
0,377,0.2700892857142857,reddit
0,271,0.26994434137291284,reddit
0,229,0.2668711656441718,reddit
0,63,0.2627118644067796,reddit
0,1439,0.2587139423076923,news
0,964,0.25718685831622173,news
0,108,0.25497787610619466,reddit
0,140,0.25315457413249215,reddit
0,1207,0.2521826729348556,news
0,4,0.25129533678756477,reddit
0,1155,0.24980798771121354,news
0,1072,0.2495300751879699,news
0,423,0.24869791666666669,reddit
0,371,0.2472826086956522,reddit
0,1041,0.24080622347949077,news
0,1229,0.23949824970828468,news
0,1307,0.23794096472282214,news
0,994,0.237540192926045,news
0,76,0.2300509337860781,reddit
0,382,0.22916666666666669,reddit
0,379,0.22691552062868373,reddit
0,1239,0.22498298162014974,news
0,1305,0.22272411396803332,news
0,78,0.2168458781362007,reddit
0,1046,0.21624087591240873,news
0,943,0.2142857142857143,gov
0,48,0.21428571428571427,reddit
0,1134,0.21324387397899647,news
0,1345,0.21294997662459092,news
0,1135,0.20948469006721435,news
0,901,0.2069672131147541,gov
0,400,0.20615034168564922,reddit
0,1182,0.20285142571285641,news
0,369,0.20112179487179488,reddit
0,1241,0.2005189028910304,news
0,1175,0.19981296758104736,news
0,412,0.19756554307116106,reddit
0,1015,0.19620253164556958,news
0,157,0.19444444444444445,reddit
0,951,0.19221260815822003,gov
0,210,0.1916243654822335,reddit
0,38,0.18965517241379312,reddit
0,1348,0.18886861313868614,news
0,1328,0.18561532192339036,news
0,1392,0.18400770712909442,news
0,1327,0.18226120857699804,news
0,986,0.1819282945736434,news
0,946,0.17796610169491525,gov
0,1163,0.1775133559980573,news
0,656,0.17750677506775067,gov
0,1130,0.17696192696192697,news
0,1338,0.17671938212578153,news
0,1414,0.17607003891050585,news
0,1225,0.17552602436323367,news
0,1177,0.17468619246861924,news
0,990,0.17333939945404914,news
0,1033,0.17253803042433946,news
0,170,0.1719420600858369,reddit
0,1378,0.1709161624891962,news
0,1317,0.1699252443933295,news
0,1094,0.1698950766747377,news
0,1107,0.16654879773691655,news
0,1366,0.16359857482185272,news
0,984,0.1598984771573604,news
0,1346,0.15908612339439882,news
0,1470,0.15856416054267947,news
0,1096,0.15832784726793944,news
0,1471,0.15494238932686477,news
0,1454,0.15203357004519044,news
0,1336,0.15026010404161663,news
0,1398,0.14862104187946884,news
0,876,0.14797794117647062,gov
0,1202,0.1469941348973607,news
0,612,0.14620355411954766,gov
0,1043,0.145933014354067,news
0,1166,0.14528023598820058,news
0,1131,0.14078578110383536,news
0,999,0.14003849855630413,news
0,1076,0.13909774436090225,news
0,944,0.13829787234042554,gov
0,1361,0.137273064097814,news
0,1114,0.1366723259762309,news
0,1274,0.13633419689119172,news
0,1026,0.13494492044063647,news
0,122,0.13485804416403788,reddit
0,1206,0.13413361169102297,news
0,1117,0.1330703012912482,news
0,987,0.13199473337722187,news
0,1156,0.1305939788445891,news
0,334,0.12996031746031747,reddit
0,1452,0.12902187902187903,news
0,1294,0.12856463878326996,news
0,1109,0.12731604023292747,news
0,1319,0.12702265372168284,news
0,818,0.1263676148796499,gov
0,1287,0.12562562562562563,news
0,1108,0.1255212677231026,news
0,1298,0.1253474152306837,news
0,549,0.12403250773993808,gov
0,1296,0.12399139322216245,news
0,1200,0.12315996074582924,news
0,1086,0.12313988095238096,news
0,1381,0.12282229965156795,news
0,1082,0.12226391494684177,news
0,1331,0.11711295783317945,news
0,1413,0.11658506731946144,news
0,1386,0.116535994297933,news
0,1080,0.11528899937849596,news
0,1231,0.11352090660414224,news
0,1223,0.11260728026043208,news
0,1052,0.11259706643658327,news
0,1137,0.11183395291201982,news
0,1242,0.11157975460122699,news
0,1303,0.11011904761904762,news
0,1173,0.10971685971685972,news
0,1120,0.1090153452685422,news
0,217,0.10897435897435898,reddit
0,1358,0.10881370091896407,news
0,1341,0.10704742818971276,news
0,1069,0.10636467889908256,news
0,1257,0.10492905153099327,news
0,958,0.10433884297520661,gov
0,1252,0.10424169667867147,news
0,1227,0.10415764400173236,news
0,1034,0.10352233676975946,news
0,1158,0.10320182961692395,news
0,1461,0.10280189423835832,news
0,150,0.10164661177960735,reddit
0,1119,0.1011814024390244,news
0,1224,0.10056584362139918,news
0,962,0.10050041701417849,news
0,1079,0.10028585040495475,news
0,1302,0.09919966301600674,news
0,1299,0.09840425531914894,news
0,1435,0.09786028949024544,news
0,1316,0.09776376146788991,news
0,1333,0.09673832468495182,news
0,1326,0.0961288223812622,news
0,1323,0.09487492373398414,news
0,959,0.0941626129256428,news
0,1061,0.09372915276851235,news
0,1408,0.09351276742581091,news
0,1344,0.09308378780366881,news
0,1087,0.09290629962943356,news
0,1442,0.09240797546012271,news
0,1183,0.09065934065934066,news
0,476,0.09043348281016442,gov
0,766,0.08744993324432576,gov
0,1253,0.08718861209964412,news
0,1292,0.08638443935926772,news
0,1285,0.08601962158374213,news
0,1295,0.08578897338403042,news
0,717,0.08573853989813243,gov
0,1389,0.08503581851950119,news
0,1382,0.08498896247240618,news
0,1151,0.08413078149920256,news
0,1384,0.08377206565500156,news
0,1453,0.08358433734939757,news
0,1426,0.08319039451114923,news
0,1019,0.08290978398983481,news
0,955,0.08260393873085338,gov
0,1116,0.0820285908781484,news
0,342,0.0815831987075929,reddit
0,1024,0.08073654390934844,news
0,1063,0.08052434456928839,news
0,1379,0.08020948180815876,news
0,447,0.07942708333333333,gov
0,921,0.07926829268292683,gov
0,657,0.07902973395931143,gov
0,902,0.07781201848998458,gov
0,1268,0.07774331136099265,news
0,1209,0.07708688245315162,news
0,98,0.07432432432432433,reddit
0,1025,0.0742245199409158,news
0,1444,0.07418988061398522,news
0,1356,0.07386527898236485,news
0,1337,0.07372291021671827,news
0,1198,0.07152713891444343,news
0,1009,0.07095864661654135,news
0,1411,0.0707584050039093,news
0,1290,0.07065217391304347,news
0,1318,0.06984074319840744,news
0,927,0.06957186544342507,gov
0,1247,0.06918412348401323,news
0,872,0.06904400606980272,gov
0,778,0.06902985074626865,gov
0,1360,0.06834194457491781,news
0,1352,0.06818181818181819,news
0,1027,0.06809631301730625,news
0,1279,0.06791104050833996,news
0,1140,0.06772237196765499,news
0,1210,0.06754874651810586,news
0,1228,0.06745750708215298,news
0,936,0.06742323097463283,gov
0,1286,0.06717881660673423,news
0,976,0.06682995101469559,news
0,1472,0.06657848324514991,news
0,1180,0.06639395846444304,news
0,1460,0.06603773584905659,news
0,169,0.06547619047619048,reddit
0,17,0.06547619047619048,reddit
0,978,0.06533827618164967,news
0,1355,0.06527590847913863,news
0,1123,0.06512981199641898,news
0,1235,0.06400121617512923,news
0,1128,0.06370913942628419,news
0,845,0.06365403304178814,gov
0,824,0.06281094527363183,gov
0,1233,0.06264845605700713,news
0,1383,0.06247950147589374,news
0,769,0.061926605504587146,gov
0,658,0.061377245508982034,gov
0,1070,0.06125721616420783,news
0,935,0.0601907032181168,gov
0,1447,0.06014692378328741,news
0,713,0.060089020771513346,gov
0,496,0.05929352396972245,gov
0,1267,0.05796204620462046,news
0,1407,0.056730091613812546,news
0,1095,0.05632823365785813,news
0,1364,0.05587557603686637,news
0,1122,0.05555555555555556,news
0,1074,0.05555555555555555,news
0,1310,0.0554020447637469,news
0,991,0.05536451169188446,news
0,1443,0.053774928774928774,news
0,1349,0.05358049771457593,news
0,1308,0.05330975240020212,news
0,1148,0.05199605717102021,news
0,1236,0.05125044029587884,news
0,1375,0.051007556675062966,news
0,635,0.05091819699499165,gov
0,1412,0.05081458494957331,news
0,1251,0.050595238095238096,news
0,1269,0.05032371983519718,news
0,707,0.05029880478087649,gov
0,1313,0.04860442733397497,news
0,981,0.04835793913829467,news
0,1230,0.04633471645919779,news
0,1277,0.04607942973523422,news
0,1186,0.044286680189317106,news
0,1276,0.04409828872312418,news
0,1401,0.04389312977099237,news
0,1008,0.04340028694404591,news
0,993,0.04301403294691885,news
0,879,0.04292929292929293,gov
0,805,0.042218543046357616,gov
0,1068,0.04184728242747583,news
0,1056,0.041740674955595025,news
0,1332,0.04163214581607291,news
0,972,0.04124886052871468,news
0,1212,0.04050429184549356,news
0,1150,0.04037766171153074,news
0,593,0.04027504911591356,gov
0,1249,0.04007959067652075,news
0,1334,0.03984575835475579,news
0,1045,0.03954950235725511,news
0,1240,0.03842905405405405,news
0,1343,0.03828658074298711,news
0,515,0.03794829024186822,gov
0,1325,0.03785542994176088,news
0,891,0.03763440860215054,gov
0,520,0.03755522827687775,gov
0,681,0.03734061930783242,gov
0,1419,0.03665785997357992,news
0,597,0.036480686695278965,gov
0,1152,0.03624925104853205,news
0,1283,0.03601516427969672,news
0,996,0.03537284894837476,news
0,1089,0.03473177441540577,news
0,664,0.03451178451178451,gov
0,1112,0.034365558912386705,news
0,1440,0.03363787375415282,news
0,848,0.03353658536585367,gov
0,967,0.03343949044585987,news
0,861,0.03270042194092827,gov
0,357,0.03254437869822486,reddit
0,938,0.03252551020408163,gov
0,852,0.032334384858044164,gov
0,1372,0.031163911845730034,news
0,837,0.031135531135531132,gov
0,1311,0.03099593495934959,news
0,660,0.03072625698324023,gov
0,500,0.03045515394912985,gov
0,72,0.03034445051940951,reddit
0,663,0.029865125240847785,gov
0,1258,0.029854147675478577,news
0,1232,0.029536987759446513,news
0,667,0.028364849833147937,gov
0,1062,0.02753544165757906,news
0,544,0.026992287917737792,gov
0,779,0.026960784313725495,gov
0,315,0.026315789473684213,reddit
0,1385,0.026253547776726584,news
0,429,0.02609067579127459,gov
0,1160,0.025946704067321177,news
0,1017,0.023211567732115676,news
0,1053,0.02299222797927461,news
0,1154,0.022496371552975326,news
0,1023,0.02209705372616984,news
0,1468,0.022001725625539256,news
0,1410,0.021927115503397158,news
0,1445,0.021646557842441447,news
0,1215,0.02149400986610289,news
0,696,0.021376433785192907,gov
0,584,0.021255060728744942,gov
0,1178,0.02101835405565423,news
0,839,0.020833333333333336,gov
0,67,0.020833333333333336,reddit
0,914,0.020833333333333332,gov
0,634,0.020418326693227087,gov
0,1075,0.020418326693227087,news
0,445,0.019366197183098594,gov
0,1214,0.019176800748362952,news
0,1065,0.018953068592057764,news
0,524,0.018763796909492272,gov
0,1475,0.018364928909952605,news
0,1081,0.018364928909952605,news
0,1246,0.018219832735961766,news
0,865,0.018092105263157895,gov
0,1188,0.017841601392515227,news
0,444,0.01733780760626398,gov
0,1104,0.01659654043945769,news
0,1397,0.016347687400318976,news
0,1255,0.016107078039927402,news
0,867,0.01581325301204819,gov
0,1013,0.015781370284834485,news
0,1436,0.015701970443349752,news
0,810,0.015578635014836795,gov
0,683,0.014603616133518776,gov
0,1350,0.014427625354777672,news
0,1377,0.014240506329113925,news
0,887,0.014208389715832204,gov
0,669,0.013959390862944164,gov
0,632,0.013925729442970821,gov
0,1055,0.013814016172506736,news
0,909,0.013784461152882206,gov
0,637,0.013307984790874524,gov
0,1184,0.01319176319176319,news
0,366,0.012820512820512822,reddit
0,370,0.012820512820512822,reddit
0,1409,0.012440758293838863,news
0,1330,0.01238738738738739,news
0,652,0.01238738738738739,gov
0,789,0.012223515715948777,gov
0,1193,0.011925538103548574,news
0,587,0.01174496644295302,gov
0,102,0.011363636363636364,reddit
0,932,0.011241970021413276,gov
0,1010,0.01103988603988604,news
0,1306,0.010935819290068125,news
0,924,0.010912698412698414,gov
0,822,0.010700389105058368,gov
0,970,0.010629428928720298,news
0,718,0.010496183206106872,gov
0,1434,0.010406342913776016,news
0,325,0.01020408163265306,reddit
0,720,0.010154738878143133,gov
0,1387,0.009942270686337396,news
0,1342,0.009868421052631578,news
0,459,0.009581881533101046,gov
0,553,0.009417808219178083,gov
0,295,0.009259259259259259,reddit
0,87,0.009259259259259259,reddit
0,50,0.009259259259259259,reddit
0,1245,0.009115162294353045,news
0,532,0.0090595340811044,gov
0,1278,0.008975481611208405,news
0,1002,0.008868243243243243,news
0,1463,0.00857843137254902,news
0,225,0.00847457627118644,reddit
0,139,0.00847457627118644,reddit
0,854,0.00847457627118644,gov
0,81,0.00847457627118644,reddit
0,1142,0.008373205741626795,news
0,636,0.008100147275405008,gov
0,609,0.008100147275405008,gov
0,1371,0.008056133056133057,news
0,1201,0.008021390374331552,news
0,1205,0.0078125,news
0,644,0.0078125,gov
0,521,0.0078125,gov
0,308,0.0078125,reddit
0,890,0.007757404795486601,gov
0,680,0.007703081232492998,gov
0,1404,0.007641921397379912,news
0,498,0.007614213197969543,gov
0,968,0.00739247311827957,news
0,1111,0.007294429708222812,news
0,202,0.007246376811594203,reddit
0,316,0.007246376811594203,reddit
0,292,0.007246376811594203,reddit
0,255,0.007246376811594203,reddit
0,1456,0.007060333761232349,news
0,1248,0.006844850065189048,news
0,1259,0.006801228609039052,news
0,388,0.006756756756756757,reddit
0,547,0.006715506715506716,gov
0,1273,0.006649778340721976,news
0,538,0.0066344993968636915,gov
0,744,0.00655668358714044,gov
0,798,0.006365740740740741,gov
0,1083,0.006161971830985916,news
0,1170,0.006143943826799298,news
0,796,0.006017505470459519,gov
0,26,0.005952380952380952,reddit
0,387,0.005952380952380952,reddit
0,1272,0.0057251908396946565,news
0,1474,0.005646817248459959,news
0,911,0.0056179775280898875,gov
0,133,0.0056179775280898875,reddit
0,1238,0.005200594353640416,news
0,208,0.005050505050505051,reddit
0,1161,0.004915102770330653,news
0,355,0.004807692307692308,reddit
0,899,0.0045871559633027525,gov
0,1020,0.004457050243111832,news
0,497,0.0043859649122807015,gov
0,1147,0.0043859649122807015,news
0,494,0.0043859649122807015,gov
0,504,0.0043859649122807015,gov
0,505,0.0043859649122807015,gov
0,507,0.0043859649122807015,gov
0,508,0.0043859649122807015,gov
0,490,0.0043859649122807015,gov
0,1018,0.004368546465448769,news
0,1092,0.004218561671353958,news
0,1266,0.00407709414381023,news
0,1000,0.003959683225341973,news
0,929,0.003875968992248062,gov
0,1363,0.0037440435670524166,news
0,446,0.0037313432835820895,gov
0,1243,0.003644797879390325,news
0,572,0.0035971223021582736,gov
0,197,0.0035971223021582736,reddit
0,537,0.0035166240409207163,gov
0,777,0.0034722222222222225,gov
0,731,0.0034722222222222225,gov
0,1359,0.0034396497811131957,news
0,1293,0.0033971587399629403,news
0,471,0.0033971587399629403,gov
0,1145,0.0033866995073891628,news
0,1159,0.003376304481276857,news
0,906,0.003355704697986577,gov
0,1103,0.0033353547604608857,news
0,1115,0.003208868144690782,news
0,432,0.0030487804878048786,gov
0,835,0.0030487804878048786,gov
0,895,0.0030487804878048786,gov
0,844,0.0030487804878048786,gov
0,693,0.002958579881656805,gov
0,828,0.0027932960893854754,gov
0,830,0.0027932960893854754,gov
0,847,0.0027932960893854754,gov
0,832,0.0027932960893854754,gov
0,836,0.0027932960893854754,gov
0,438,0.0027932960893854754,gov
0,428,0.002645502645502646,gov
0,998,0.002595563945257197,news
0,581,0.0025773195876288664,gov
0,439,0.0025773195876288664,gov
0,783,0.0025773195876288664,gov
0,894,0.0025773195876288664,gov
0,1144,0.002571294997662459,news
0,733,0.0025125628140703522,gov
0,724,0.0025125628140703522,gov
0,513,0.002489814395654142,gov
0,1118,0.002450980392156863,news
0,782,0.002450980392156863,gov
0,1064,0.002413339183852567,news
0,694,0.002392344497607656,gov
0,679,0.002392344497607656,gov
0,457,0.0022831050228310505,gov
0,442,0.0022831050228310505,gov
0,1101,0.0022831050228310505,news
0,701,0.0022321428571428575,gov
0,411,0.0022321428571428575,reddit
0,440,0.002136752136752137,gov
0,786,0.002136752136752137,gov
0,794,0.002092050209205021,gov
0,977,0.002092050209205021,news
0,723,0.0020491803278688526,gov
0,915,0.0020491803278688526,gov
0,1181,0.0020491803278688526,news
0,698,0.0020080321285140565,gov
0,687,0.0020080321285140565,gov
0,466,0.0019685039370078744,gov
0,244,0.0019685039370078744,reddit
0,458,0.0019685039370078744,gov
0,1222,0.0018939393939393942,news
0,904,0.0018939393939393942,gov
0,674,0.0018939393939393942,gov
0,736,0.0018248175182481753,gov
0,960,0.0018248175182481753,news
0,893,0.0017605633802816904,gov
0,1091,0.0017605633802816904,news
0,502,0.001730103806228374,gov
0,907,0.001730103806228374,gov
0,727,0.001730103806228374,gov
0,689,0.0017006802721088437,gov
0,676,0.0016722408026755855,gov
0,722,0.0016447368421052633,gov
0,1098,0.0016447368421052633,news
0,512,0.0016301126259632487,gov
0,455,0.0016181229773462784,gov
0,1373,0.0015923566878980893,news
0,27,0.0015923566878980893,reddit
0,668,0.0015923566878980893,gov
0,673,0.0015673981191222572,gov
0,896,0.0015673981191222572,gov
0,773,0.00154320987654321,gov
0,662,0.00154320987654321,gov
0,543,0.00154320987654321,gov
0,728,0.0015197568389057753,gov
0,666,0.0014970059880239522,gov
0,277,0.0014749262536873158,reddit
0,258,0.0014749262536873158,reddit
0,926,0.0014534883720930235,gov
0,740,0.0014326647564469916,gov
0,897,0.0014326647564469916,gov
0,548,0.0014124293785310737,gov
0,982,0.0014124293785310737,news
0,900,0.0013927576601671311,gov
0,461,0.0013927576601671311,gov
0,807,0.0013736263736263737,gov
0,952,0.0013736263736263737,gov
0,806,0.0013736263736263737,gov
0,903,0.0013736263736263737,gov
0,809,0.0013550135501355016,gov
0,815,0.0013550135501355016,gov
0,534,0.0013550135501355016,gov
0,883,0.0013550135501355016,gov
0,812,0.0013550135501355016,gov
0,971,0.0013368983957219253,news
0,463,0.0013368983957219253,gov
0,586,0.0013192612137203168,gov
0,725,0.0013192612137203168,gov
0,908,0.0013020833333333335,gov
0,1138,0.0013020833333333335,news
0,877,0.0012853470437017996,gov
0,866,0.0012853470437017996,gov
0,797,0.001269035532994924,gov
0,934,0.001269035532994924,gov
0,857,0.001269035532994924,gov
0,562,0.0012531328320802006,gov
0,661,0.0012531328320802006,gov
0,610,0.0012531328320802006,gov
0,560,0.0012376237623762376,gov
0,499,0.0012376237623762376,gov
0,1432,0.0012376237623762376,news
0,441,0.0012224938875305626,gov
0,917,0.001207729468599034,gov
0,596,0.001207729468599034,gov
0,493,0.0011933174224343676,gov
0,787,0.0011933174224343676,gov
0,450,0.001179245283018868,gov
0,580,0.001179245283018868,gov
0,919,0.0011655011655011655,gov
0,691,0.0011655011655011655,gov
0,846,0.001152073732718894,gov
0,874,0.0011389521640091118,gov
0,878,0.0011389521640091118,gov
0,784,0.0011389521640091118,gov
0,1448,0.0011389521640091118,news
0,831,0.0011261261261261261,gov
0,495,0.0011261261261261261,gov
0,1097,0.0011261261261261261,news
0,653,0.00111358574610245,gov
0,945,0.00111358574610245,gov
0,671,0.00111358574610245,gov
0,863,0.00111358574610245,gov
0,791,0.0011013215859030838,gov
0,871,0.0010893246187363835,gov
0,535,0.0010775862068965517,gov
0,465,0.0010775862068965517,gov
0,501,0.0010775862068965517,gov
0,677,0.0010775862068965517,gov
0,1399,0.0010775862068965517,news
0,606,0.0010775862068965517,gov
0,851,0.0010660980810234544,gov
0,856,0.0010660980810234544,gov
0,642,0.0010660980810234544,gov
0,704,0.0010660980810234544,gov
0,1405,0.0010548523206751056,news
0,1035,0.0010330578512396695,news
0,801,0.0010224948875255625,gov
0,774,0.0010224948875255625,gov
0,768,0.0010224948875255625,gov
0,739,0.0010121457489878543,gov
0,614,0.0010121457489878543,gov
0,868,0.0010121457489878543,gov
0,536,0.0010121457489878543,gov
0,539,0.0010121457489878543,gov
0,582,0.0010121457489878543,gov
0,884,0.0010020040080160322,gov
0,692,0.0010020040080160322,gov
0,686,0.0010020040080160322,gov
0,772,0.0009920634920634922,gov
0,706,0.0009920634920634922,gov
0,601,0.0009920634920634922,gov
0,886,0.0009920634920634922,gov
0,1059,0.000982318271119843,news
0,849,0.000982318271119843,gov
0,711,0.000972762645914397,gov
0,1039,0.000972762645914397,news
0,974,0.0009633911368015415,news
0,618,0.0009633911368015415,gov
0,859,0.0009633911368015415,gov
0,541,0.0009541984732824428,gov
0,898,0.0009541984732824428,gov
0,703,0.0009541984732824428,gov
0,551,0.000945179584120983,gov
0,648,0.000945179584120983,gov
0,591,0.000945179584120983,gov
0,1213,0.0009363295880149814,news
0,451,0.0009363295880149814,gov
0,799,0.0009363295880149814,gov
0,942,0.0009363295880149814,gov
0,855,0.0009363295880149814,gov
0,995,0.0009363295880149814,news
0,682,0.000927643784786642,gov
0,688,0.000927643784786642,gov
0,617,0.000927643784786642,gov
0,599,0.0009191176470588236,gov
0,613,0.0009191176470588236,gov
0,881,0.0009191176470588236,gov
0,841,0.0009191176470588236,gov
0,925,0.0009191176470588236,gov
0,757,0.0009107468123861568,gov
0,672,0.0009107468123861568,gov
0,808,0.0009107468123861568,gov
0,685,0.0009025270758122744,gov
0,468,0.0009025270758122744,gov
0,838,0.0009025270758122744,gov
0,684,0.0009025270758122744,gov
0,1441,0.000894454382826476,news
0,556,0.000894454382826476,gov
0,776,0.000894454382826476,gov
0,730,0.000894454382826476,gov
0,923,0.000894454382826476,gov
0,630,0.000894454382826476,gov
0,670,0.0008865248226950355,gov
0,889,0.0008865248226950355,gov
0,1005,0.0008865248226950355,news
0,781,0.0008865248226950355,gov
0,595,0.0008865248226950355,gov
0,640,0.0008865248226950355,gov
0,594,0.0008787346221441125,gov
0,920,0.0008787346221441125,gov
0,954,0.0008787346221441125,gov
0,659,0.0008787346221441125,gov
0,804,0.0008787346221441125,gov
0,456,0.0008710801393728224,gov
0,869,0.0008710801393728224,gov
0,948,0.0008710801393728224,gov
0,833,0.0008635578583765113,gov
0,482,0.0008635578583765113,gov
0,870,0.0008635578583765113,gov
0,764,0.0008561643835616439,gov
0,712,0.0008561643835616439,gov
0,647,0.0008561643835616439,gov
0,853,0.0008488964346349746,gov
0,641,0.0008488964346349746,gov
0,486,0.0008488964346349746,gov
0,910,0.0008417508417508418,gov
0,873,0.0008417508417508418,gov
0,645,0.0008347245409015025,gov
0,1424,0.0008347245409015025,news
0,649,0.0008347245409015025,gov
0,467,0.000827814569536424,gov
0,1014,0.000827814569536424,news
0,485,0.000827814569536424,gov
0,479,0.000827814569536424,gov
0,803,0.000827814569536424,gov
0,699,0.0008210180623973728,gov
0,862,0.0008210180623973728,gov
0,715,0.0008210180623973728,gov
0,905,0.0008210180623973728,gov
0,555,0.0008210180623973728,gov
0,480,0.0008210180623973728,gov
0,850,0.0008143322475570033,gov
0,843,0.0008143322475570033,gov
0,448,0.0008143322475570033,gov
0,885,0.0008143322475570033,gov
0,892,0.0008143322475570033,gov
0,819,0.0008077544426494346,gov
0,1367,0.0008077544426494346,news
0,475,0.0008012820512820514,gov
0,628,0.0008012820512820514,gov
0,483,0.0008012820512820514,gov
0,469,0.000794912559618442,gov
0,931,0.000794912559618442,gov
0,1040,0.000794912559618442,news
0,788,0.0007886435331230285,gov
0,765,0.0007886435331230285,gov
0,763,0.0007886435331230285,gov
0,583,0.0007886435331230285,gov
0,697,0.0007886435331230285,gov
0,546,0.0007886435331230285,gov
0,918,0.000782472613458529,gov
0,552,0.000782472613458529,gov
0,550,0.000782472613458529,gov
0,1450,0.000782472613458529,news
0,761,0.000782472613458529,gov
0,1427,0.000782472613458529,news
0,827,0.000782472613458529,gov
0,470,0.000782472613458529,gov
0,820,0.000782472613458529,gov
0,605,0.000782472613458529,gov
0,616,0.000782472613458529,gov
0,452,0.000782472613458529,gov
0,600,0.0007763975155279503,gov
0,1415,0.0007763975155279503,news
0,840,0.0007763975155279503,gov
0,631,0.0007763975155279503,gov
0,503,0.0007704160246533128,gov
0,655,0.0007645259938837921,gov
0,678,0.0007645259938837921,gov
0,888,0.0007645259938837921,gov
0,950,0.0007587253414264037,gov
0,756,0.0007587253414264037,gov
0,449,0.0007587253414264037,gov
0,737,0.000753012048192771,gov
0,1190,0.000753012048192771,news
0,1195,0.000753012048192771,news
0,1406,0.000753012048192771,news
0,1031,0.0007473841554559044,news
0,802,0.0007473841554559044,gov
0,826,0.0007473841554559044,gov
0,793,0.0007473841554559044,gov
0,430,0.0007473841554559044,gov
0,821,0.000741839762611276,gov
0,939,0.000741839762611276,gov
0,545,0.000741839762611276,gov
0,1126,0.000741839762611276,news
0,643,0.000741839762611276,gov
0,559,0.000741839762611276,gov
0,598,0.000741839762611276,gov
0,654,0.0007363770250368188,gov
0,930,0.0007363770250368188,gov
0,477,0.0007309941520467836,gov
0,860,0.0007309941520467836,gov
0,792,0.0007309941520467836,gov
0,750,0.000725689404934688,gov
0,627,0.000725689404934688,gov
0,741,0.000725689404934688,gov
0,695,0.000725689404934688,gov
0,675,0.000725689404934688,gov
0,529,0.000725689404934688,gov
0,427,0.0007204610951008645,gov
0,785,0.0007204610951008645,gov
0,1003,0.000715307582260372,news
0,522,0.000715307582260372,gov
0,604,0.000715307582260372,gov
0,629,0.000715307582260372,gov
0,829,0.0007102272727272727,gov
0,453,0.0007102272727272727,gov
0,770,0.0007052186177715092,gov
0,755,0.0007052186177715092,gov
0,790,0.0007002801120448179,gov
0,542,0.0007002801120448179,gov
0,624,0.0006954102920723226,gov
0,690,0.0006954102920723226,gov
0,509,0.0006906077348066298,gov
0,460,0.0006906077348066298,gov
0,811,0.0006906077348066298,gov
0,474,0.0006906077348066298,gov
0,1124,0.0006906077348066298,news
0,472,0.0006858710562414266,gov
0,771,0.0006858710562414266,gov
0,937,0.0006811989100817438,gov
0,462,0.0006811989100817438,gov
0,975,0.0006811989100817438,news
0,434,0.0006811989100817438,gov
0,1042,0.0006765899864682002,news
0,589,0.0006765899864682002,gov
0,953,0.0006765899864682002,gov
0,752,0.0006765899864682002,gov
0,795,0.0006720430107526881,gov
0,912,0.0006720430107526881,gov
0,732,0.0006675567423230974,gov
0,1281,0.0006675567423230974,news
0,1038,0.0006675567423230974,news
0,913,0.000663129973474801,gov
0,738,0.000663129973474801,gov
0,484,0.000663129973474801,gov
0,702,0.0006587615283267457,gov
0,489,0.0006587615283267457,gov
0,760,0.0006544502617801048,gov
0,758,0.0006544502617801048,gov
0,751,0.0006544502617801048,gov
0,842,0.0006544502617801048,gov
0,615,0.0006501950585175553,gov
0,1425,0.0006501950585175553,news
0,622,0.0006459948320413437,gov
0,1179,0.0006459948320413437,news
0,592,0.0006459948320413437,gov
0,435,0.0006459948320413437,gov
0,1451,0.0006377551020408163,news
0,437,0.0006377551020408163,gov
0,588,0.0006337135614702154,gov
0,729,0.0006297229219143577,gov
0,714,0.0006297229219143577,gov
0,1044,0.0006218905472636816,news
0,742,0.0006218905472636816,gov
0,1300,0.0006218905472636816,news
0,880,0.0006180469715698393,gov
0,443,0.0006180469715698393,gov
0,928,0.0006142506142506142,gov
0,705,0.0006142506142506142,gov
0,665,0.0006105006105006105,gov
0,716,0.0006105006105006105,gov
0,749,0.0006105006105006105,gov
0,621,0.0006105006105006105,gov
0,957,0.0006067961165048543,gov
0,1036,0.0006067961165048543,news
0,436,0.0006031363088057901,gov
0,753,0.0006031363088057901,gov
0,1168,0.0005995203836930455,news
0,1418,0.0005959475566150178,news
0,747,0.0005959475566150178,gov
0,748,0.0005959475566150178,gov
0,1071,0.0005924170616113745,news
0,997,0.0005924170616113745,news
0,478,0.0005889281507656066,gov
0,602,0.000585480093676815,gov
0,719,0.000585480093676815,gov
0,464,0.000585480093676815,gov
0,540,0.000585480093676815,gov
0,1199,0.0005820721769499418,news
0,590,0.0005820721769499418,gov
0,825,0.0005787037037037037,gov
0,433,0.0005787037037037037,gov
0,816,0.0005787037037037037,gov
0,875,0.0005787037037037037,gov
0,557,0.0005787037037037037,gov
0,1437,0.0005753739930955121,news
0,734,0.0005753739930955121,gov
0,1032,0.0005753739930955121,news
0,1084,0.0005720823798627002,news
0,767,0.0005720823798627002,gov
0,1022,0.0005656108597285067,news
0,834,0.0005656108597285067,gov
0,882,0.000562429696287964,gov
0,626,0.000562429696287964,gov
0,1391,0.000562429696287964,news
0,603,0.0005561735261401557,gov
0,949,0.0005561735261401557,gov
0,762,0.0005530973451327434,gov
0,1403,0.0005530973451327434,news
0,585,0.0005530973451327434,gov
0,754,0.0005470459518599562,gov
0,726,0.000544069640914037,gov
0,721,0.0005411255411255411,gov
0,947,0.0005382131324004305,gov
0,800,0.0005382131324004305,gov
0,608,0.0005382131324004305,gov
0,1291,0.0005382131324004305,news
0,1100,0.0005382131324004305,news
0,1211,0.0005324813631522897,news
0,1165,0.0005296610169491525,news
0,454,0.0005296610169491525,gov
0,1335,0.0005268703898840885,news
0,1282,0.0005186721991701245,news
0,709,0.0005159958720330237,gov
0,638,0.0005159958720330237,gov
0,710,0.0005159958720330237,gov
0,633,0.0005159958720330237,gov
0,759,0.0005107252298263534,gov
0,1262,0.0005107252298263534,news
0,980,0.000508130081300813,news
0,1217,0.000508130081300813,news
0,1402,0.0005055611729019212,news
0,1417,0.0005055611729019212,news
0,735,0.0005055611729019212,gov
0,651,0.0005030181086519115,gov
0,743,0.00049800796812749,gov
0,1370,0.0004955401387512388,news
0,639,0.0004955401387512388,gov
0,922,0.0004930966469428008,gov
0,1110,0.0004906771344455348,news
0,1208,0.0004906771344455348,news
0,1016,0.00048828125,news
0,650,0.00048828125,gov
0,1324,0.00048828125,news
0,1438,0.00048828125,news
0,431,0.00048828125,gov
0,1204,0.00048828125,news
0,1416,0.00048590864917395527,news
0,1030,0.00048355899419729207,news
0,1455,0.00048355899419729207,news
0,969,0.00047664442326024784,news
0,1121,0.0004743833017077799,news
0,916,0.00047214353163361664,gov
0,1011,0.00047214353163361664,news
0,775,0.0004655493482309125,gov
0,1102,0.0004655493482309125,news
0,1189,0.0004655493482309125,news
0,814,0.0004633920296570899,gov
0,646,0.00046125461254612545,gov
0,1012,0.0004591368227731864,news
0,979,0.0004591368227731864,news
0,933,0.0004591368227731864,gov
0,1457,0.0004570383912248629,news
0,1093,0.0004570383912248629,news
0,1393,0.00045495905368516835,news
0,611,0.00045495905368516835,gov
0,1153,0.0004528985507246377,news
0,518,0.0004528985507246377,gov
0,525,0.0004528985507246377,gov
0,1271,0.0004508566275924256,news
0,745,0.0004488330341113106,gov
0,823,0.0004428697962798937,gov
0,607,0.0004409171075837742,gov
0,813,0.0004389815627743635,gov
0,1388,0.0004351610095735422,news
0,1099,0.0004351610095735422,news
0,488,0.0004332755632582322,gov
0,1136,0.0004314063848144953,news
0,561,0.000427715996578272,gov
0,1321,0.00042589437819420784,news
0,985,0.00042589437819420784,news
0,487,0.00042408821034775233,gov
0,1467,0.0004222972972972973,news
0,1007,0.0004222972972972973,news
0,1037,0.0004222972972972973,news
0,746,0.00042052144659377626,gov
0,492,0.0004187604690117253,gov
0,473,0.0004187604690117253,gov
0,491,0.0004152823920265781,gov
0,1164,0.0004152823920265781,news
0,817,0.00041356492969396195,gov
0,1157,0.00041356492969396195,news
0,780,0.00041186161449752884,gov
0,1280,0.00041017227235438887,news
0,1050,0.0004084967320261438,news
0,1054,0.0004084967320261438,news
0,1466,0.0004068348250610252,news
0,708,0.0004051863857374392,gov
0,858,0.0004035512510088781,gov
0,574,0.00040192926045016077,gov
0,511,0.00039872408293460925,gov
0,1197,0.0003971405877680699,news
0,1297,0.00039556962025316455,news
0,864,0.00039556962025316455,gov
0,1004,0.0003940110323089047,news
0,1029,0.0003940110323089047,news
0,573,0.0003940110323089047,gov
0,1459,0.0003924646781789639,news
0,992,0.00039093041438623924,news
0,1125,0.0003863987635239567,news
0,961,0.0003849114703618168,news
0,1073,0.0003849114703618168,news
0,1380,0.0003834355828220859,news
0,1066,0.0003819709702062643,news
0,565,0.000380517503805175,gov
0,569,0.0003790750568612585,gov
0,1315,0.00037764350453172205,news
0,1394,0.0003762227238525207,news
0,1185,0.0003762227238525207,news
0,1376,0.0003748125937031484,news
0,1049,0.0003720238095238095,news
0,567,0.00037064492216456633,gov
0,481,0.00037064492216456633,gov
0,1446,0.00036927621861152144,news
0,1270,0.0003679175864606328,news
0,1473,0.00036656891495601173,news
0,563,0.000363901018922853,gov
0,1430,0.00036258158085569254,news
0,577,0.000361271676300578,gov
0,1469,0.000361271676300578,news
0,568,0.00035739814152966406,gov
0,1462,0.00035486160397445,news
0,1006,0.0003536067892503536,news
0,1187,0.00035236081747709656,news
0,1400,0.00035236081747709656,news
0,564,0.00034989503149055286,gov
0,575,0.0003486750348675035,gov
0,1143,0.0003486750348675035,news
0,1433,0.00034746351633078526,news
0,1421,0.00034746351633078526,news
0,510,0.0003450655624568668,gov
0,1261,0.000343878954607978,news
0,1254,0.0003427004797806717,news
0,1420,0.0003403675970047652,news
0,1396,0.0003403675970047652,news
0,558,0.0003380662609871535,gov
0,1429,0.0003380662609871535,news
0,1048,0.000335795836131632,news
0,1423,0.00033467202141900936,news
0,523,0.0003324468085106383,gov
0,1085,0.0003313452617627568,news
0,1174,0.0003270111183780249,news
0,1329,0.0003270111183780249,news
0,576,0.0003259452411994785,gov
0,554,0.0003259452411994785,gov
0,530,0.0003227888960619755,gov
0,1078,0.00032175032175032174,news
0,965,0.00031969309462915604,news
0,1146,0.00031867431485022306,news
0,570,0.00031466331025802394,gov
0,571,0.00031367628607277293,gov
0,1129,0.00031269543464665416,news
0,1149,0.00030883261272390367,news
0,1169,0.0003078817733990148,news
0,1458,0.0003078817733990148,news
0,1077,0.00030599755201958387,news
0,578,0.00030599755201958387,gov
0,973,0.0003022974607013301,news
0,1351,0.0003022974607013301,news
0,1192,0.00030048076923076925,news
0,1220,0.0002995805871779509,news
0,1176,0.0002986857825567503,news
0,1067,0.0002977963073257892,news
0,1353,0.0002969121140142518,news
0,1051,0.00029342723004694836,news
0,1234,0.0002917152858809802,news
0,988,0.0002917152858809802,news
0,1162,0.0002900232018561485,news
0,1390,0.0002900232018561485,news
0,1368,0.00028669724770642203,news
0,625,0.0002858776443682104,gov
0,1090,0.0002858776443682104,news
0,1265,0.0002842524161455372,news
0,1105,0.0002834467120181406,news
0,566,0.0002834467120181406,gov
0,1289,0.00028264556246466934,news
0,1171,0.00028264556246466934,news
0,1244,0.0002810567734682406,news
0,619,0.0002802690582959641,gov
0,963,0.0002787068004459309,news
0,516,0.00027793218454697053,gov
0,700,0.0002756339581036384,gov
0,1058,0.00027188689505165854,news
0,1021,0.00027114967462039046,news
0,1464,0.00027114967462039046,news
0,506,0.0002682403433476395,gov
0,519,0.00026609898882384245,gov
0,1218,0.00026609898882384245,news
0,1133,0.0002653927813163482,news
0,1047,0.00026399155227032733,news
0,1141,0.0002605523710265764,news
0,1237,0.0002605523710265764,news
0,579,0.0002585315408479835,gov
0,1167,0.0002565418163160595,news
0,1354,0.00025201612903225806,news
0,1264,0.0002513826043237808,news
0,1088,0.0002501250625312656,news
0,533,0.00024764735017335313,gov
0,623,0.00024764735017335313,gov
0,620,0.00024764735017335313,gov
0,514,0.0002458210422812193,gov
0,1263,0.0002452182442373713,news
0,1139,0.0002446183953033268,news
0,1057,0.0002446183953033268,news
0,1219,0.00024342745861733204,news
0,517,0.0002428363283147159,gov
0,1312,0.00023820867079561698,news
0,531,0.00023596035865974517,gov
0,1250,0.00023212627669452182,news
0,526,0.0002310536044362292,gov
0,1374,0.00022999080036798528,news
0,1284,0.00022893772893772894,news
0,1365,0.0002248201438848921,news
0,1339,0.00022281639928698754,news
0,528,0.00021843599825251202,gov
0,1309,0.0002170138888888889,news
0,1314,0.00021240441801189465,news
0,1320,0.00019538882375928098,news
0,1322,0.00019538882375928098,news
0,1256,0.0001946282600233554,news
0,1304,0.00019425019425019428,news
0,966,0.00018910741301059005,news
0,1357,0.00018221574344023326,news
0,1260,0.00017129153819801305,news
0,1422,0.00017070672584499832,news
0,1226,0.00016644474034620507,news
0,1347,0.00016452780519907867,news
0,1196,0.00015581177937052043,news
0,527,0.00014351320321469578,gov
0,1028,0.0001295672454003628,news
0,1369,0.0001132759401903036,news
1,1441,0.6985688729874776,news
1,1405,0.6339662447257385,news
1,1416,0.6175898931000972,news
1,1421,0.6014593467685893,news
1,1271,0.5775473399458971,news
1,1219,0.5698636806231743,news
1,1440,0.5527408637873754,news
1,1243,0.5437375745526839,news
1,1409,0.539691943127962,news
1,1474,0.534394250513347,news
1,1357,0.5340743440233237,news
1,1427,0.5328638497652581,news
1,1423,0.5291164658634537,news
1,977,0.5251046025104603,news
1,1401,0.5209923664122137,news
1,1448,0.5136674259681093,news
1,1468,0.496548748921484,news
1,1418,0.4952324195470798,news
1,1393,0.4918107370336669,news
1,1131,0.49158091674462107,news
1,1450,0.4859154929577465,news
1,1433,0.47984711605281444,news
1,1438,0.47900390624999994,news
1,493,0.47852028639618144,gov
1,985,0.4689097103918228,news
1,1463,0.46609477124183,news
1,966,0.46350226928895616,news
1,1429,0.44996619337390126,news
1,1324,0.44970703124999994,news
1,1242,0.4490030674846625,news
1,1387,0.446119307248236,news
1,960,0.43978102189781026,news
1,1333,0.4377316530763528,news
1,1115,0.4320303383897316,news
1,1456,0.43068035943517324,news
1,1406,0.42996987951807225,news
1,26,0.42261904761904756,reddit
1,1099,0.42254134029590945,news
1,973,0.42049576783555015,news
1,1227,0.4203118233001299,news
1,1262,0.4193054136874361,news
1,1391,0.41113610798650163,news
1,1451,0.4024234693877551,news
1,501,0.3997844827586207,gov
1,1308,0.39439110661950477,news
1,992,0.39132134480062547,news
1,167,0.38942307692307687,reddit
1,1343,0.38703563305534494,news
1,1280,0.381870385561936,news
1,1206,0.37769659011830203,news
1,1143,0.3769177126917712,news
1,42,0.37198515769944346,reddit
1,1284,0.366529304029304,news
1,961,0.3660508083140877,news
1,1396,0.3645336963921034,news
1,685,0.36191335740072206,gov
1,499,0.3601485148514852,gov
1,1220,0.35680047932893943,news
1,1159,0.356353591160221,news
1,1331,0.355647891658972,news
1,684,0.3528880866425993,gov
1,279,0.3527131782945736,reddit
1,1400,0.3456659619450317,news
1,345,0.3428338762214984,reddit
1,1104,0.33216456287985036,news
1,1122,0.33170890188434043,news
1,108,0.3213495575221239,reddit
1,1329,0.3175277959450621,news
1,998,0.3164228409627182,news
1,587,0.31375838926174493,gov
1,1420,0.31347855684138864,news
1,1246,0.310931899641577,news
1,492,0.3103015075376884,gov
1,1360,0.30789102865194923,news
1,123,0.3071192052980133,reddit
1,1258,0.30560619872379213,news
1,1426,0.3004574042309891,news
1,1147,0.2994417862838915,news
1,1334,0.29691516709511573,news
1,1398,0.2916241062308478,news
1,1073,0.28906851424172436,news
1,1066,0.28686019862490447,news
1,1055,0.28672506738544473,news
1,1261,0.2823246217331499,news
1,25,0.281563126252505,reddit
1,976,0.2732680195941217,news
1,1247,0.2731532524807056,news
1,1295,0.27115019011406843,news
1,1067,0.268314472900536,news
1,963,0.2678372352285395,news
1,964,0.26745379876796715,news
1,1289,0.26596947427925377,news
1,1179,0.2655038759689922,news
1,1153,0.26313405797101447,news
1,1460,0.26197387518142234,news
1,1388,0.2615317667536989,news
1,1305,0.25747046560111186,news
1,48,0.25630252100840334,reddit
1,1452,0.25450450450450446,news
1,1187,0.2505285412262156,news
1,1320,0.2502930832356389,news
1,1363,0.2488087134104833,news
1,1394,0.24868322046651614,news
1,39,0.24721780604133547,reddit
1,655,0.24541284403669725,gov
1,1049,0.24218749999999997,news
1,498,0.2360406091370558,gov
1,1458,0.23429802955665022,news
1,491,0.23297342192691028,gov
1,1430,0.23241479332849888,news
1,1160,0.23165030388031788,news
1,1472,0.22971781305114639,news
1,1264,0.2290095525389643,news
1,1065,0.2265342960288809,news
1,1365,0.22279676258992803,news
1,657,0.21987480438184664,gov
1,1245,0.21809693196976432,news
1,1164,0.21636212624584716,news
1,585,0.21626106194690264,gov
1,1098,0.2154605263157895,news
1,1093,0.2152650822669104,news
1,166,0.2142857142857143,reddit
1,1467,0.21157094594594594,news
1,1250,0.21146703806870937,news
1,1286,0.20611310885910428,news
1,1236,0.20447340612891865,news
1,1129,0.20356472795497182,news
1,1211,0.20287539936102236,news
1,1326,0.20185426154847105,news
1,1056,0.20159857904085254,news
1,1146,0.20108349267049075,news
1,1218,0.19984034060670566,news
1,146,0.19937369519832987,reddit
1,1332,0.19904722452361223,news
1,1455,0.19874274661508703,news
1,1359,0.19731081926203878,news
1,1138,0.19661458333333334,news
1,1304,0.1963869463869464,news
1,959,0.19492703266157052,news
1,295,0.19444444444444445,reddit
1,967,0.1926751592356688,news
1,838,0.1904332129963899,gov
1,395,0.18857589984350548,reddit
1,1224,0.18801440329218105,news
1,1212,0.18535407725321887,news
1,1464,0.18465292841648587,news
1,378,0.1823671497584541,reddit
1,988,0.18115519253208867,news
1,127,0.1795634920634921,reddit
1,975,0.17779291553133514,news
1,326,0.17685589519650655,reddit
1,1397,0.17583732057416268,news
1,1268,0.17468010856921287,news
1,1053,0.1719559585492228,news
1,1205,0.17162298387096772,news
1,1412,0.17106283941039566,news
1,1315,0.17031722054380666,news
1,341,0.1691919191919192,reddit
1,1266,0.16716085989621943,news
1,871,0.1644880174291939,gov
1,1185,0.16215199398043642,news
1,1229,0.16073512252042008,news
1,310,0.16046099290780144,reddit
1,1436,0.1604064039408867,news
1,1068,0.16022007335778593,news
1,1307,0.1587473002159827,news
1,226,0.1581532416502947,reddit
1,1461,0.1580505130228887,news
1,841,0.15716911764705885,gov
1,935,0.15554231227651966,gov
1,210,0.15355329949238578,reddit
1,1047,0.15337909186906018,news
1,118,0.15312046444121916,reddit
1,739,0.152834008097166,gov
1,23,0.15235690235690239,reddit
1,1142,0.1519138755980861,news
1,496,0.15180824222035325,gov
1,1190,0.15135542168674698,news
1,430,0.15022421524663676,gov
1,1306,0.14897812836141985,news
1,971,0.1483957219251337,news
1,646,0.14806273062730627,gov
1,1050,0.1474673202614379,news
1,278,0.14714946070878274,reddit
1,429,0.14585115483319075,gov
1,188,0.14453125,reddit
1,556,0.14400715563506264,gov
1,996,0.1437221159974506,news
1,1091,0.1426056338028169,news
1,650,0.14208984375,gov
1,1325,0.14063035286056869,news
1,1347,0.14001316222441593,news
1,290,0.13903281519861832,reddit
1,40,0.13850687622789784,reddit
1,1071,0.1368483412322275,news
1,1103,0.1367495451788963,news
1,1231,0.13305978898007031,news
1,1133,0.13296178343949044,news
1,771,0.1310013717421125,gov
1,1353,0.13093824228028503,news
1,1215,0.13072586328400282,news
1,1309,0.1304253472222222,news
1,1368,0.12930045871559634,news
1,389,0.12868369351669942,reddit
1,1328,0.12856560717196414,news
1,724,0.12814070351758794,gov
1,16,0.12798092209856918,reddit
1,500,0.12751004016064257,gov
1,230,0.12743190661478598,reddit
1,970,0.12734472696957067,news
1,1023,0.12608318890814557,news
1,1372,0.12586088154269973,news
1,220,0.125,reddit
1,860,0.125,gov
1,103,0.125,reddit
1,979,0.12442607897153352,news
1,1083,0.12353286384976526,news
1,1166,0.12315634218289086,news
1,1057,0.12255381604696673,news
1,1349,0.12214321990858304,news
1,1462,0.12100780695528744,news
1,369,0.12099358974358974,reddit
1,3,0.12071917808219178,reddit
1,1170,0.12024575775307197,news
1,1454,0.1197546804389929,news
1,321,0.11823104693140794,reddit
1,347,0.11797752808988764,reddit
1,66,0.11677631578947369,reddit
1,1403,0.11670353982300885,news
1,652,0.11373873873873874,gov
1,1081,0.11315165876777251,news
1,1348,0.1128345498783455,news
1,1278,0.11186514886164624,news
1,561,0.111633875106929,gov
1,144,0.11026936026936027,reddit
1,132,0.11002178649237472,reddit
1,1178,0.10982830076968621,news
1,78,0.10931899641577061,reddit
1,912,0.1081989247311828,gov
1,1145,0.10806650246305419,news
1,580,0.10731132075471699,gov
1,1141,0.10708702449192288,news
1,974,0.1069364161849711,news
1,1473,0.10667155425219942,news
1,1407,0.10606060606060606,news
1,602,0.10597189695550352,gov
1,170,0.10219957081545064,reddit
1,259,0.10185185185185186,reddit
1,87,0.10185185185185186,reddit
1,1415,0.10170807453416147,news
1,390,0.10120240480961924,reddit
1,266,0.10064935064935066,reddit
1,1431,0.10044477390659748,news
1,187,0.10016556291390728,reddit
1,297,0.10016556291390728,reddit
1,951,0.09950556242274414,gov
1,531,0.09933931099575272,gov
1,49,0.09928443649373882,reddit
1,1327,0.09779077322936972,news
1,1249,0.0969300739056282,news
1,933,0.09687786960514233,gov
1,1313,0.09672762271414823,news
1,1150,0.09662515066291684,news
1,962,0.0963302752293578,news
1,1475,0.09537914691943128,news
1,1088,0.0952976488244122,news
1,1167,0.09517701385325808,news
1,1029,0.09495665878644602,news
1,1230,0.09474412171507607,news
1,536,0.09210526315789473,gov
1,1238,0.09187716691431402,news
1,513,0.09076505205975555,gov
1,1469,0.0906791907514451,news
1,1354,0.08845766129032258,news
1,1040,0.08823529411764706,news
1,638,0.08823529411764706,gov
1,913,0.08687002652519893,gov
1,1000,0.08675305975521959,news
1,1034,0.08634020618556701,news
1,1369,0.08620299048482102,news
1,1090,0.08604917095483133,news
1,1310,0.0857971815418624,news
1,1274,0.08452072538860103,news
1,1410,0.08369363804817789,news
1,95,0.0836092715231788,reddit
1,1158,0.08319039451114923,news
1,1314,0.0830501274426508,news
1,1443,0.08226495726495726,news
1,850,0.08224755700325732,gov
1,10,0.08212996389891697,reddit
1,1062,0.08206106870229007,news
1,8,0.0817099567099567,reddit
1,1413,0.07986536107711138,news
1,1096,0.0793285055957867,news
1,1277,0.07917515274949084,news
1,1425,0.07867360208062418,news
1,1392,0.07803468208092486,news
1,1253,0.07730328192961645,news
1,535,0.07650862068965517,gov
1,511,0.07615629984051037,gov
1,1299,0.07590016366612111,news
1,1082,0.07535959974984366,news
1,1214,0.07530402245088869,news
1,1422,0.07528166609764425,news
1,1080,0.07489123679303916,news
1,328,0.0745721271393643,reddit
1,176,0.07432432432432433,reddit
1,1184,0.07432432432432433,news
1,1444,0.07418988061398522,news
1,6,0.07334710743801652,reddit
1,483,0.07291666666666667,gov
1,9,0.07291666666666667,reddit
1,982,0.07203389830508475,news
1,1344,0.07201289043133367,news
1,1269,0.0709240729841083,news
1,1144,0.07035998129967275,news
1,243,0.06962025316455696,reddit
1,43,0.06919642857142858,reddit
1,1109,0.06908417151932239,news
1,1457,0.0690127970749543,news
1,1330,0.06869369369369369,news
1,589,0.06833558863328822,gov
1,1252,0.06822729091636655,news
1,965,0.06745524296675193,news
1,307,0.0671077504725898,reddit
1,1356,0.06663775657704539,news
1,1322,0.06662758890191481,news
1,942,0.06647940074906367,gov
1,1316,0.06622706422018348,news
1,754,0.0661925601750547,gov
1,143,0.0660377358490566,reddit
1,1399,0.06573275862068965,news
1,1117,0.06492109038737447,news
1,200,0.06426332288401254,reddit
1,119,0.06407942238267147,reddit
1,96,0.06372549019607843,reddit
1,605,0.06338028169014084,gov
1,986,0.06322674418604651,news
1,314,0.06288819875776397,reddit
1,1371,0.06262993762993763,news
1,950,0.06145675265553869,gov
1,1260,0.060123329907502576,news
1,643,0.060089020771513346,gov
1,1086,0.059895833333333336,news
1,519,0.058807876530069185,gov
1,267,0.058780841799709715,reddit
1,302,0.05873925501432665,reddit
1,1337,0.05824303405572756,news
1,311,0.05790960451977401,reddit
1,696,0.057872784150156405,gov
1,892,0.05781758957654723,gov
1,1317,0.05779183438757907,news
1,495,0.05743243243243243,gov
1,579,0.05713547052740434,gov
1,1283,0.05707666385846672,news
1,1342,0.05686090225563909,news
1,680,0.056722689075630245,gov
1,91,0.05606617647058823,reddit
1,583,0.055993690851735015,gov
1,1319,0.054207119741100325,news
1,1435,0.053807426054122094,news
1,1232,0.05348589675359234,news
1,340,0.05313588850174216,reddit
1,34,0.05269922879177378,reddit
1,1106,0.051517742625053445,news
1,1411,0.05121188428459734,news
1,1419,0.049867899603698806,news
1,1076,0.049450549450549455,news
1,159,0.04866412213740458,reddit
1,199,0.048245614035087724,reddit
1,1228,0.047981586402266296,news
1,1051,0.04724178403755869,news
1,403,0.046875,reddit
1,1390,0.04669373549883991,news
1,941,0.046586715867158665,gov
1,651,0.04577464788732394,gov
1,141,0.045657015590200446,reddit
1,1154,0.04426705370101596,news
1,18,0.04371002132196162,reddit
1,240,0.04366438356164384,reddit
1,1442,0.04256134969325153,news
1,198,0.04255748285599032,reddit
1,633,0.04179566563467492,gov
1,1311,0.04115853658536585,news
1,349,0.041044776119402986,reddit
1,1025,0.04098966026587887,news
1,1364,0.04051459293394778,news
1,250,0.04027504911591356,reddit
1,338,0.04022606382978723,reddit
1,37,0.03988326848249027,reddit
1,1267,0.0393976897689769,news
1,1139,0.03938356164383562,news
1,669,0.03934010152284264,gov
1,318,0.03903345724907063,reddit
1,333,0.03892215568862275,reddit
1,1312,0.03835159599809433,news
1,1294,0.03826045627376426,news
1,324,0.03819444444444445,reddit
1,410,0.03819444444444445,reddit
1,688,0.038033395176252316,gov
1,304,0.03743961352657005,reddit
1,1362,0.037305122494432075,news
1,906,0.03691275167785235,gov
1,1287,0.03553553553553553,news
1,874,0.03530751708428246,gov
1,275,0.03510273972602739,reddit
1,76,0.03480475382003395,reddit
1,1389,0.034624568851154156,news
1,1352,0.03416821273964132,news
1,949,0.033926585094549495,gov
1,164,0.03353658536585367,reddit
1,1382,0.03348050036791758,news
1,978,0.03290083410565338,news
1,1386,0.03219291993347589,news
1,600,0.03183229813664596,gov
1,1339,0.03141711229946524,news
1,1137,0.03128872366790582,news
1,258,0.03097345132743363,reddit
1,269,0.030753968253968256,reddit
1,1351,0.03053204353083434,news
1,72,0.03034445051940951,reddit
1,1321,0.030238500851788752,news
1,636,0.030191458026509566,gov
1,373,0.030155642023346304,reddit
1,371,0.02989130434782609,reddit
1,972,0.029854147675478577,news
1,1199,0.029685681024447026,news
1,1108,0.029608006672226853,news
1,898,0.029580152671755726,gov
1,65,0.029300567107750475,reddit
1,461,0.029247910863509752,gov
1,799,0.02902621722846442,gov
1,419,0.02902621722846442,reddit
1,757,0.028233151183970857,gov
1,161,0.027728085867620753,reddit
1,1288,0.027434312210200925,news
1,309,0.027343750000000003,reddit
1,544,0.026992287917737792,gov
1,866,0.026992287917737792,gov
1,1174,0.026487900588620012,news
1,315,0.026315789473684213,reddit
1,1052,0.02631578947368421,news
1,938,0.026147959183673464,gov
1,879,0.026094276094276097,gov
1,203,0.024764150943396228,reddit
1,1323,0.02471018913971934,news
1,329,0.02455357142857143,reddit
1,697,0.02444794952681388,gov
1,1259,0.02435278630978499,news
1,1276,0.02435278630978499,news
1,1121,0.02419354838709677,news
1,1459,0.023940345368916795,news
1,82,0.02364864864864865,reddit
1,280,0.023343373493975902,reddit
1,802,0.023168908819133034,gov
1,168,0.022997032640949554,reddit
1,124,0.022875816993464054,reddit
1,29,0.022629310344827586,reddit
1,51,0.022088353413654623,reddit
1,15,0.021920668058455117,reddit
1,506,0.021727467811158797,gov
1,1240,0.02153716216216216,news
1,509,0.021408839779005522,gov
1,385,0.021255060728744942,reddit
1,129,0.021042084168336674,reddit
1,1042,0.020974289580514206,news
1,67,0.020833333333333336,reddit
1,1222,0.020833333333333336,news
1,382,0.020833333333333336,reddit
1,47,0.020287958115183247,reddit
1,248,0.02023121387283237,reddit
1,154,0.0200381679389313,reddit
1,1183,0.020015698587127158,news
1,206,0.01966292134831461,reddit
1,149,0.019480519480519484,reddit
1,445,0.019366197183098594,gov
1,383,0.019301470588235295,reddit
1,1102,0.01908752327746741,news
1,33,0.018617021276595747,reddit
1,60,0.018453427065026364,reddit
1,272,0.018453427065026364,reddit
1,1152,0.018274415817855,news
1,870,0.018134715025906738,gov
1,798,0.017939814814814815,gov
1,905,0.017241379310344827,gov
1,1470,0.017241379310344827,news
1,480,0.017241379310344827,gov
1,372,0.017241379310344827,reddit
1,38,0.017241379310344827,reddit
1,1244,0.017144463181562673,news
1,1085,0.016898608349900594,news
1,1054,0.016748366013071895,news
1,54,0.016561514195583597,reddit
1,530,0.016462233699160746,gov
1,1165,0.016419491525423727,news
1,1149,0.015750463248919083,news
1,1417,0.015672396359959553,news
1,1402,0.015672396359959553,news
1,234,0.015578635014836795,reddit
1,1046,0.015510948905109487,news
1,1192,0.015324519230769228,news
1,59,0.014905149051490516,reddit
1,1006,0.014497878359264495,news
1,423,0.014322916666666668,reddit
1,1285,0.014190609670637701,news
1,1210,0.01415970287836583,news
1,968,0.014112903225806451,news
1,1465,0.013675783855903935,news
1,778,0.013059701492537313,gov
1,1019,0.013024142312579414,news
1,515,0.01292743953294412,gov
1,366,0.012820512820512822,reddit
1,249,0.012820512820512822,reddit
1,370,0.012820512820512822,reddit
1,1466,0.012611879576891782,news
1,1168,0.012589928057553957,news
1,748,0.012514898688915374,gov
1,831,0.01238738738738739,gov
1,178,0.01224944320712695,reddit
1,138,0.011945392491467576,reddit
1,1132,0.011925538103548574,news
1,834,0.011877828054298642,gov
1,285,0.011603375527426161,reddit
1,1135,0.01157580283793876,news
1,102,0.011363636363636364,reddit
1,362,0.011363636363636364,reddit
1,235,0.011363636363636364,reddit
1,162,0.011247443762781187,reddit
1,135,0.011022044088176353,reddit
1,706,0.010912698412698414,gov
1,379,0.010805500982318273,reddit
1,1039,0.010700389105058368,news
1,1172,0.010700389105058368,news
1,510,0.01069703243616287,gov
1,859,0.010597302504816957,gov
1,401,0.010597302504816957,reddit
1,136,0.010496183206106872,reddit
1,1048,0.010409670920080591,news
1,306,0.010396975425330813,reddit
1,1336,0.01020408163265306,news
1,368,0.01020408163265306,reddit
1,325,0.01020408163265306,reddit
1,421,0.01020408163265306,reddit
1,527,0.010189437428243398,gov
1,525,0.009510869565217392,gov
1,367,0.009499136442141624,reddit
1,365,0.009417808219178083,reddit
1,647,0.009417808219178083,gov
1,157,0.009259259259259259,reddit
1,288,0.009259259259259259,reddit
1,301,0.009259259259259259,reddit
1,50,0.009259259259259259,reddit
1,404,0.009259259259259259,reddit
1,77,0.009105960264900664,reddit
1,862,0.009031198686371101,gov
1,1037,0.008868243243243243,news
1,628,0.008814102564102566,gov
1,1298,0.008615897720956087,news
1,552,0.00860719874804382,gov
1,840,0.008540372670807454,gov
1,402,0.00847457627118644,reddit
1,107,0.00847457627118644,reddit
1,81,0.00847457627118644,reddit
1,225,0.00847457627118644,reddit
1,139,0.00847457627118644,reddit
1,101,0.00847457627118644,reddit
1,63,0.00847457627118644,reddit
1,888,0.008409785932721712,gov
1,867,0.008283132530120483,gov
1,1453,0.008283132530120483,news
1,375,0.008221225710014948,reddit
1,792,0.00804093567251462,gov
1,597,0.007868383404864092,gov
1,406,0.0078125,reddit
1,396,0.0078125,reddit
1,308,0.0078125,reddit
1,100,0.0078125,reddit
1,1446,0.00775480059084195,news
1,533,0.007677067855373947,gov
1,1095,0.0076495132127955496,news
1,517,0.0075279261777561925,gov
1,160,0.007493188010899182,reddit
1,316,0.007246376811594203,reddit
1,392,0.007246376811594203,reddit
1,292,0.007246376811594203,reddit
1,202,0.007246376811594203,reddit
1,255,0.007246376811594203,reddit
1,417,0.007246376811594203,reddit
1,303,0.007246376811594203,reddit
1,1044,0.006840796019900498,news
1,928,0.006756756756756757,gov
1,104,0.006756756756756757,reddit
1,388,0.006756756756756757,reddit
1,2,0.006756756756756757,reddit
1,98,0.006756756756756757,reddit
1,716,0.006715506715506716,gov
1,1036,0.0066747572815533986,news
1,1196,0.0063882829541913365,news
1,433,0.006365740740740741,gov
1,155,0.006329113924050633,reddit
1,323,0.006329113924050633,reddit
1,97,0.006329113924050633,reddit
1,1162,0.006090487238979118,news
1,955,0.006017505470459519,gov
1,726,0.005984766050054407,gov
1,169,0.005952380952380952,reddit
1,387,0.005952380952380952,reddit
1,113,0.005952380952380952,reddit
1,17,0.005952380952380952,reddit
1,79,0.0056179775280898875,reddit
1,74,0.0056179775280898875,reddit
1,133,0.0056179775280898875,reddit
1,0,0.0056179775280898875,reddit
1,911,0.0056179775280898875,gov
1,228,0.005319148936170213,reddit
1,1011,0.005193578847969783,news
1,514,0.005162241887905605,gov
1,14,0.005050505050505051,reddit
1,208,0.005050505050505051,reddit
1,355,0.004807692307692308,reddit
1,282,0.004807692307692308,reddit
1,376,0.0045871559633027525,reddit
1,380,0.0045871559633027525,reddit
1,105,0.0045871559633027525,reddit
1,899,0.0045871559633027525,gov
1,994,0.0044212218649517685,news
1,497,0.0043859649122807015,gov
1,504,0.0043859649122807015,gov
1,494,0.0043859649122807015,gov
1,505,0.0043859649122807015,gov
1,507,0.0043859649122807015,gov
1,490,0.0043859649122807015,gov
1,233,0.0043859649122807015,reddit
1,205,0.0043859649122807015,reddit
1,508,0.0043859649122807015,gov
1,58,0.0043859649122807015,reddit
1,61,0.004201680672268907,reddit
1,246,0.004201680672268907,reddit
1,241,0.004201680672268907,reddit
1,221,0.004201680672268907,reddit
1,569,0.004169825625473844,gov
1,929,0.003875968992248062,gov
1,300,0.003875968992248062,reddit
1,1089,0.003782668500687758,news
1,177,0.0037313432835820895,reddit
1,446,0.0037313432835820895,gov
1,197,0.0035971223021582736,reddit
1,130,0.0035971223021582736,reddit
1,150,0.0034832172260924636,reddit
1,731,0.0034722222222222225,gov
1,343,0.0034722222222222225,reddit
1,777,0.0034722222222222225,gov
1,1428,0.003345498783454988,news
1,1015,0.003315250150693189,news
1,1233,0.0032660332541567696,news
1,1193,0.003199534613147179,news
1,70,0.0031446540880503146,reddit
1,351,0.0031446540880503146,reddit
1,184,0.0031446540880503146,reddit
1,418,0.0031446540880503146,reddit
1,251,0.0031446540880503146,reddit
1,391,0.0031446540880503146,reddit
1,432,0.0030487804878048786,gov
1,848,0.0030487804878048786,gov
1,895,0.0030487804878048786,gov
1,835,0.0030487804878048786,gov
1,844,0.0030487804878048786,gov
1,1058,0.002990755845568244,news
1,320,0.002958579881656805,reddit
1,357,0.002958579881656805,reddit
1,71,0.002958579881656805,reddit
1,693,0.002958579881656805,gov
1,56,0.002873563218390805,reddit
1,196,0.002873563218390805,reddit
1,117,0.002873563218390805,reddit
1,660,0.0027932960893854754,gov
1,847,0.0027932960893854754,gov
1,832,0.0027932960893854754,gov
1,393,0.0027932960893854754,reddit
1,438,0.0027932960893854754,gov
1,830,0.0027932960893854754,gov
1,125,0.0027932960893854754,reddit
1,828,0.0027932960893854754,gov
1,836,0.0027932960893854754,gov
1,153,0.0027173913043478264,reddit
1,224,0.0027173913043478264,reddit
1,145,0.0027173913043478264,reddit
1,399,0.0027173913043478264,reddit
1,191,0.0027173913043478264,reddit
1,252,0.002645502645502646,reddit
1,428,0.002645502645502646,gov
1,407,0.002645502645502646,reddit
1,581,0.0025773195876288664,gov
1,783,0.0025773195876288664,gov
1,439,0.0025773195876288664,gov
1,894,0.0025773195876288664,gov
1,245,0.0025773195876288664,reddit
1,733,0.0025125628140703522,gov
1,1123,0.0024619516562220233,news
1,782,0.002450980392156863,gov
1,386,0.002450980392156863,reddit
1,779,0.002450980392156863,gov
1,1118,0.002450980392156863,news
1,694,0.002392344497607656,gov
1,679,0.002392344497607656,gov
1,1043,0.002392344497607656,news
1,41,0.0023364485981308414,reddit
1,330,0.0023364485981308414,reddit
1,457,0.0022831050228310505,gov
1,1101,0.0022831050228310505,news
1,442,0.0022831050228310505,gov
1,377,0.0022321428571428575,reddit
1,701,0.0022321428571428575,gov
1,411,0.0022321428571428575,reddit
1,1256,0.0021409108602569098,news
1,416,0.002136752136752137,reddit
1,440,0.002136752136752137,gov
1,217,0.002136752136752137,reddit
1,786,0.002136752136752137,gov
1,1130,0.002136752136752137,news
1,212,0.002092050209205021,reddit
1,794,0.002092050209205021,gov
1,901,0.0020491803278688526,gov
1,1181,0.0020491803278688526,news
1,723,0.0020491803278688526,gov
1,915,0.0020491803278688526,gov
1,698,0.0020080321285140565,gov
1,414,0.0020080321285140565,reddit
1,687,0.0020080321285140565,gov
1,52,0.0020080321285140565,reddit
1,466,0.0019685039370078744,gov
1,313,0.0019685039370078744,reddit
1,244,0.0019685039370078744,reddit
1,458,0.0019685039370078744,gov
1,904,0.0018939393939393942,gov
1,839,0.0018939393939393942,gov
1,674,0.0018939393939393942,gov
1,983,0.0018248175182481753,news
1,736,0.0018248175182481753,gov
1,270,0.001792114695340502,reddit
1,891,0.001792114695340502,gov
1,215,0.0017605633802816904,reddit
1,192,0.0017605633802816904,reddit
1,260,0.0017605633802816904,reddit
1,893,0.0017605633802816904,gov
1,247,0.001730103806228374,reddit
1,907,0.001730103806228374,gov
1,727,0.001730103806228374,gov
1,502,0.001730103806228374,gov
1,689,0.0017006802721088437,gov
1,1203,0.0017006802721088437,news
1,676,0.0016722408026755855,gov
1,182,0.0016722408026755855,reddit
1,865,0.0016447368421052633,gov
1,193,0.0016447368421052633,reddit
1,722,0.0016447368421052633,gov
1,455,0.0016181229773462784,gov
1,106,0.0016181229773462784,reddit
1,7,0.0016181229773462784,reddit
1,668,0.0015923566878980893,gov
1,1373,0.0015923566878980893,news
1,27,0.0015923566878980893,reddit
1,86,0.0015673981191222572,reddit
1,231,0.0015673981191222572,reddit
1,896,0.0015673981191222572,gov
1,673,0.0015673981191222572,gov
1,1001,0.00154320987654321,news
1,662,0.00154320987654321,gov
1,183,0.00154320987654321,reddit
1,773,0.00154320987654321,gov
1,543,0.00154320987654321,gov
1,728,0.0015197568389057753,gov
1,339,0.0015197568389057753,reddit
1,658,0.0014970059880239522,gov
1,209,0.0014970059880239522,reddit
1,666,0.0014970059880239522,gov
1,277,0.0014749262536873158,reddit
1,286,0.0014534883720930235,reddit
1,180,0.0014534883720930235,reddit
1,926,0.0014534883720930235,gov
1,740,0.0014326647564469916,gov
1,897,0.0014326647564469916,gov
1,5,0.0014326647564469916,reddit
1,548,0.0014124293785310737,gov
1,289,0.0014124293785310737,reddit
1,219,0.0013927576601671311,reddit
1,900,0.0013927576601671311,gov
1,807,0.0013736263736263737,gov
1,806,0.0013736263736263737,gov
1,903,0.0013736263736263737,gov
1,952,0.0013736263736263737,gov
1,156,0.0013736263736263737,reddit
1,656,0.0013550135501355016,gov
1,815,0.0013550135501355016,gov
1,534,0.0013550135501355016,gov
1,883,0.0013550135501355016,gov
1,809,0.0013550135501355016,gov
1,812,0.0013550135501355016,gov
1,463,0.0013368983957219253,gov
1,725,0.0013192612137203168,gov
1,586,0.0013192612137203168,gov
1,354,0.0013192612137203168,reddit
1,908,0.0013020833333333335,gov
1,447,0.0013020833333333335,gov
1,216,0.0012853470437017996,reddit
1,877,0.0012853470437017996,gov
1,857,0.001269035532994924,gov
1,934,0.001269035532994924,gov
1,797,0.001269035532994924,gov
1,610,0.0012531328320802006,gov
1,909,0.0012531328320802006,gov
1,661,0.0012531328320802006,gov
1,562,0.0012531328320802006,gov
1,1432,0.0012376237623762376,news
1,425,0.0012376237623762376,reddit
1,560,0.0012376237623762376,gov
1,441,0.0012224938875305626,gov
1,413,0.001207729468599034,reddit
1,596,0.001207729468599034,gov
1,917,0.001207729468599034,gov
1,360,0.001207729468599034,reddit
1,256,0.0011933174224343676,reddit
1,172,0.0011933174224343676,reddit
1,787,0.0011933174224343676,gov
1,956,0.0011933174224343676,gov
1,222,0.0011933174224343676,reddit
1,450,0.001179245283018868,gov
1,319,0.001179245283018868,reddit
1,185,0.0011655011655011655,reddit
1,691,0.0011655011655011655,gov
1,919,0.0011655011655011655,gov
1,846,0.001152073732718894,gov
1,400,0.0011389521640091118,reddit
1,126,0.0011389521640091118,reddit
1,878,0.0011389521640091118,gov
1,784,0.0011389521640091118,gov
1,1097,0.0011261261261261261,news
1,336,0.0011261261261261261,reddit
1,1449,0.0011261261261261261,news
1,171,0.0011261261261261261,reddit
1,945,0.00111358574610245,gov
1,863,0.00111358574610245,gov
1,671,0.00111358574610245,gov
1,653,0.00111358574610245,gov
1,45,0.00111358574610245,reddit
1,791,0.0011013215859030838,gov
1,331,0.0011013215859030838,reddit
1,163,0.0011013215859030838,reddit
1,227,0.0011013215859030838,reddit
1,190,0.0010893246187363835,reddit
1,211,0.0010893246187363835,reddit
1,405,0.0010893246187363835,reddit
1,677,0.0010775862068965517,gov
1,606,0.0010775862068965517,gov
1,465,0.0010775862068965517,gov
1,358,0.0010660980810234544,reddit
1,851,0.0010660980810234544,gov
1,348,0.0010660980810234544,reddit
1,642,0.0010660980810234544,gov
1,704,0.0010660980810234544,gov
1,856,0.0010660980810234544,gov
1,120,0.0010660980810234544,reddit
1,173,0.0010660980810234544,reddit
1,262,0.0010660980810234544,reddit
1,22,0.0010548523206751056,reddit
1,861,0.0010548523206751056,gov
1,257,0.0010548523206751056,reddit
1,111,0.0010438413361169103,reddit
1,346,0.0010438413361169103,reddit
1,958,0.0010330578512396695,gov
1,137,0.0010330578512396695,reddit
1,1035,0.0010330578512396695,news
1,175,0.0010330578512396695,reddit
1,801,0.0010224948875255625,gov
1,229,0.0010224948875255625,reddit
1,774,0.0010224948875255625,gov
1,148,0.0010224948875255625,reddit
1,57,0.0010224948875255625,reddit
1,99,0.0010224948875255625,reddit
1,85,0.0010224948875255625,reddit
1,768,0.0010224948875255625,gov
1,158,0.0010121457489878543,reddit
1,539,0.0010121457489878543,gov
1,868,0.0010121457489878543,gov
1,181,0.0010121457489878543,reddit
1,174,0.0010121457489878543,reddit
1,582,0.0010121457489878543,gov
1,408,0.0010121457489878543,reddit
1,614,0.0010121457489878543,gov
1,584,0.0010121457489878543,gov
1,223,0.0010020040080160322,reddit
1,692,0.0010020040080160322,gov
1,686,0.0010020040080160322,gov
1,884,0.0010020040080160322,gov
1,772,0.0009920634920634922,gov
1,886,0.0009920634920634922,gov
1,294,0.0009920634920634922,reddit
1,601,0.0009920634920634922,gov
1,334,0.0009920634920634922,reddit
1,924,0.0009920634920634922,gov
1,361,0.000982318271119843,reddit
1,92,0.000982318271119843,reddit
1,296,0.000982318271119843,reddit
1,363,0.000982318271119843,reddit
1,283,0.000982318271119843,reddit
1,274,0.000982318271119843,reddit
1,151,0.000982318271119843,reddit
1,593,0.000982318271119843,gov
1,381,0.000982318271119843,reddit
1,1059,0.000982318271119843,news
1,849,0.000982318271119843,gov
1,253,0.000972762645914397,reddit
1,305,0.000972762645914397,reddit
1,62,0.000972762645914397,reddit
1,32,0.000972762645914397,reddit
1,64,0.000972762645914397,reddit
1,218,0.000972762645914397,reddit
1,711,0.000972762645914397,gov
1,20,0.000972762645914397,reddit
1,1414,0.000972762645914397,news
1,822,0.000972762645914397,gov
1,232,0.0009633911368015415,reddit
1,663,0.0009633911368015415,gov
1,114,0.0009633911368015415,reddit
1,618,0.0009633911368015415,gov
1,541,0.0009541984732824428,gov
1,718,0.0009541984732824428,gov
1,109,0.0009541984732824428,reddit
1,93,0.0009541984732824428,reddit
1,73,0.0009541984732824428,reddit
1,94,0.0009541984732824428,reddit
1,287,0.0009541984732824428,reddit
1,703,0.0009541984732824428,gov
1,207,0.0009541984732824428,reddit
1,648,0.000945179584120983,gov
1,110,0.000945179584120983,reddit
1,261,0.000945179584120983,reddit
1,591,0.000945179584120983,gov
1,189,0.000945179584120983,reddit
1,551,0.000945179584120983,gov
1,128,0.0009363295880149814,reddit
1,412,0.0009363295880149814,reddit
1,451,0.0009363295880149814,gov
1,995,0.0009363295880149814,news
1,424,0.0009363295880149814,reddit
1,88,0.0009363295880149814,reddit
1,284,0.0009363295880149814,reddit
1,1213,0.0009363295880149814,news
1,855,0.0009363295880149814,gov
1,273,0.0009363295880149814,reddit
1,271,0.000927643784786642,reddit
1,68,0.000927643784786642,reddit
1,90,0.000927643784786642,reddit
1,682,0.000927643784786642,gov
1,943,0.000927643784786642,gov
1,617,0.000927643784786642,gov
1,359,0.000927643784786642,reddit
1,239,0.000927643784786642,reddit
1,876,0.0009191176470588236,gov
1,925,0.0009191176470588236,gov
1,332,0.0009191176470588236,reddit
1,599,0.0009191176470588236,gov
1,613,0.0009191176470588236,gov
1,881,0.0009191176470588236,gov
1,204,0.0009107468123861568,reddit
1,808,0.0009107468123861568,gov
1,44,0.0009107468123861568,reddit
1,672,0.0009107468123861568,gov
1,254,0.0009107468123861568,reddit
1,681,0.0009107468123861568,gov
1,468,0.0009025270758122744,gov
1,263,0.0009025270758122744,reddit
1,352,0.0009025270758122744,reddit
1,415,0.0009025270758122744,reddit
1,337,0.000894454382826476,reddit
1,237,0.000894454382826476,reddit
1,83,0.000894454382826476,reddit
1,630,0.000894454382826476,gov
1,730,0.000894454382826476,gov
1,776,0.000894454382826476,gov
1,923,0.000894454382826476,gov
1,781,0.0008865248226950355,gov
1,322,0.0008865248226950355,reddit
1,1005,0.0008865248226950355,news
1,344,0.0008865248226950355,reddit
1,165,0.0008865248226950355,reddit
1,670,0.0008865248226950355,gov
1,595,0.0008865248226950355,gov
1,640,0.0008865248226950355,gov
1,889,0.0008865248226950355,gov
1,804,0.0008787346221441125,gov
1,659,0.0008787346221441125,gov
1,920,0.0008787346221441125,gov
1,265,0.0008787346221441125,reddit
1,186,0.0008787346221441125,reddit
1,594,0.0008787346221441125,gov
1,954,0.0008787346221441125,gov
1,948,0.0008710801393728224,gov
1,397,0.0008710801393728224,reddit
1,921,0.0008710801393728224,gov
1,312,0.0008710801393728224,reddit
1,869,0.0008710801393728224,gov
1,459,0.0008710801393728224,gov
1,456,0.0008710801393728224,gov
1,147,0.0008710801393728224,reddit
1,142,0.0008710801393728224,reddit
1,1381,0.0008710801393728224,news
1,131,0.0008635578583765113,reddit
1,53,0.0008635578583765113,reddit
1,28,0.0008635578583765113,reddit
1,833,0.0008635578583765113,gov
1,4,0.0008635578583765113,reddit
1,293,0.0008635578583765113,reddit
1,482,0.0008635578583765113,gov
1,179,0.0008635578583765113,reddit
1,30,0.0008561643835616439,reddit
1,353,0.0008561643835616439,reddit
1,712,0.0008561643835616439,gov
1,764,0.0008561643835616439,gov
1,553,0.0008561643835616439,gov
1,69,0.0008561643835616439,reddit
1,335,0.0008488964346349746,reddit
1,717,0.0008488964346349746,gov
1,1114,0.0008488964346349746,news
1,853,0.0008488964346349746,gov
1,641,0.0008488964346349746,gov
1,486,0.0008488964346349746,gov
1,664,0.0008417508417508418,gov
1,910,0.0008417508417508418,gov
1,19,0.0008417508417508418,reddit
1,409,0.0008417508417508418,reddit
1,873,0.0008417508417508418,gov
1,276,0.0008417508417508418,reddit
1,31,0.0008417508417508418,reddit
1,291,0.0008417508417508418,reddit
1,635,0.0008347245409015025,gov
1,645,0.0008347245409015025,gov
1,1424,0.0008347245409015025,news
1,649,0.0008347245409015025,gov
1,317,0.0008347245409015025,reddit
1,467,0.000827814569536424,gov
1,485,0.000827814569536424,gov
1,1014,0.000827814569536424,news
1,479,0.000827814569536424,gov
1,805,0.000827814569536424,gov
1,803,0.000827814569536424,gov
1,555,0.0008210180623973728,gov
1,715,0.0008210180623973728,gov
1,699,0.0008210180623973728,gov
1,236,0.0008210180623973728,reddit
1,374,0.0008143322475570033,reddit
1,35,0.0008143322475570033,reddit
1,448,0.0008143322475570033,gov
1,885,0.0008143322475570033,gov
1,843,0.0008143322475570033,gov
1,612,0.0008077544426494346,gov
1,1367,0.0008077544426494346,news
1,819,0.0008077544426494346,gov
1,342,0.0008077544426494346,reddit
1,475,0.0008012820512820514,gov
1,268,0.0008012820512820514,reddit
1,214,0.000794912559618442,reddit
1,356,0.000794912559618442,reddit
1,469,0.000794912559618442,gov
1,931,0.000794912559618442,gov
1,11,0.000794912559618442,reddit
1,84,0.000794912559618442,reddit
1,13,0.0007886435331230285,reddit
1,546,0.0007886435331230285,gov
1,765,0.0007886435331230285,gov
1,852,0.0007886435331230285,gov
1,140,0.0007886435331230285,reddit
1,763,0.0007886435331230285,gov
1,788,0.0007886435331230285,gov
1,238,0.0007886435331230285,reddit
1,122,0.0007886435331230285,reddit
1,918,0.000782472613458529,gov
1,470,0.000782472613458529,gov
1,616,0.000782472613458529,gov
1,820,0.000782472613458529,gov
1,827,0.000782472613458529,gov
1,264,0.000782472613458529,reddit
1,550,0.000782472613458529,gov
1,761,0.000782472613458529,gov
1,452,0.000782472613458529,gov
1,195,0.0007763975155279503,reddit
1,631,0.0007763975155279503,gov
1,1290,0.0007763975155279503,news
1,854,0.0007704160246533128,gov
1,503,0.0007704160246533128,gov
1,55,0.0007704160246533128,reddit
1,902,0.0007704160246533128,gov
1,946,0.0007704160246533128,gov
1,213,0.0007704160246533128,reddit
1,678,0.0007645259938837921,gov
1,927,0.0007645259938837921,gov
1,769,0.0007645259938837921,gov
1,115,0.0007587253414264037,reddit
1,449,0.0007587253414264037,gov
1,756,0.0007587253414264037,gov
1,327,0.0007587253414264037,reddit
1,872,0.0007587253414264037,gov
1,364,0.0007587253414264037,reddit
1,242,0.000753012048192771,reddit
1,1195,0.000753012048192771,news
1,281,0.000753012048192771,reddit
1,737,0.000753012048192771,gov
1,1031,0.0007473841554559044,news
1,793,0.0007473841554559044,gov
1,826,0.0007473841554559044,gov
1,476,0.0007473841554559044,gov
1,939,0.000741839762611276,gov
1,821,0.000741839762611276,gov
1,713,0.000741839762611276,gov
1,598,0.000741839762611276,gov
1,1126,0.000741839762611276,news
1,545,0.000741839762611276,gov
1,810,0.000741839762611276,gov
1,559,0.000741839762611276,gov
1,398,0.000741839762611276,reddit
1,520,0.0007363770250368188,gov
1,930,0.0007363770250368188,gov
1,654,0.0007363770250368188,gov
1,609,0.0007363770250368188,gov
1,299,0.0007309941520467836,reddit
1,477,0.0007309941520467836,gov
1,627,0.000725689404934688,gov
1,741,0.000725689404934688,gov
1,529,0.000725689404934688,gov
1,695,0.000725689404934688,gov
1,675,0.000725689404934688,gov
1,750,0.000725689404934688,gov
1,427,0.0007204610951008645,gov
1,785,0.0007204610951008645,gov
1,426,0.0007204610951008645,reddit
1,1003,0.000715307582260372,news
1,522,0.000715307582260372,gov
1,604,0.000715307582260372,gov
1,21,0.000715307582260372,reddit
1,629,0.000715307582260372,gov
1,829,0.0007102272727272727,gov
1,453,0.0007102272727272727,gov
1,940,0.0007102272727272727,gov
1,112,0.0007102272727272727,reddit
1,350,0.0007102272727272727,reddit
1,644,0.0007102272727272727,gov
1,770,0.0007052186177715092,gov
1,890,0.0007052186177715092,gov
1,755,0.0007052186177715092,gov
1,134,0.0007002801120448179,reddit
1,542,0.0007002801120448179,gov
1,790,0.0007002801120448179,gov
1,624,0.0006954102920723226,gov
1,683,0.0006954102920723226,gov
1,690,0.0006954102920723226,gov
1,811,0.0006906077348066298,gov
1,298,0.0006906077348066298,reddit
1,460,0.0006906077348066298,gov
1,46,0.0006906077348066298,reddit
1,1221,0.0006906077348066298,news
1,474,0.0006906077348066298,gov
1,1124,0.0006906077348066298,news
1,472,0.0006858710562414266,gov
1,24,0.0006858710562414266,reddit
1,434,0.0006811989100817438,gov
1,937,0.0006811989100817438,gov
1,462,0.0006811989100817438,gov
1,953,0.0006765899864682002,gov
1,887,0.0006765899864682002,gov
1,752,0.0006765899864682002,gov
1,914,0.0006720430107526881,gov
1,795,0.0006720430107526881,gov
1,1281,0.0006675567423230974,news
1,732,0.0006675567423230974,gov
1,1038,0.0006675567423230974,news
1,766,0.0006675567423230974,gov
1,936,0.0006675567423230974,gov
1,1111,0.000663129973474801,news
1,484,0.000663129973474801,gov
1,12,0.000663129973474801,reddit
1,738,0.000663129973474801,gov
1,632,0.000663129973474801,gov
1,422,0.000663129973474801,reddit
1,702,0.0006587615283267457,gov
1,489,0.0006587615283267457,gov
1,751,0.0006544502617801048,gov
1,760,0.0006544502617801048,gov
1,842,0.0006544502617801048,gov
1,758,0.0006544502617801048,gov
1,116,0.0006501950585175553,reddit
1,615,0.0006501950585175553,gov
1,435,0.0006459948320413437,gov
1,622,0.0006459948320413437,gov
1,121,0.0006459948320413437,reddit
1,592,0.0006459948320413437,gov
1,89,0.0006377551020408163,reddit
1,437,0.0006377551020408163,gov
1,588,0.0006337135614702154,gov
1,637,0.0006337135614702154,gov
1,729,0.0006297229219143577,gov
1,1375,0.0006297229219143577,news
1,714,0.0006297229219143577,gov
1,944,0.0006257822277847309,gov
1,1300,0.0006218905472636816,news
1,742,0.0006218905472636816,gov
1,824,0.0006218905472636816,gov
1,443,0.0006180469715698393,gov
1,880,0.0006180469715698393,gov
1,705,0.0006142506142506142,gov
1,621,0.0006105006105006105,gov
1,665,0.0006105006105006105,gov
1,547,0.0006105006105006105,gov
1,749,0.0006105006105006105,gov
1,1,0.0006105006105006105,reddit
1,837,0.0006105006105006105,gov
1,80,0.0006105006105006105,reddit
1,957,0.0006067961165048543,gov
1,538,0.0006031363088057901,gov
1,753,0.0006031363088057901,gov
1,436,0.0006031363088057901,gov
1,747,0.0005959475566150178,gov
1,997,0.0005924170616113745,news
1,394,0.0005924170616113745,reddit
1,478,0.0005889281507656066,gov
1,540,0.000585480093676815,gov
1,719,0.000585480093676815,gov
1,464,0.000585480093676815,gov
1,789,0.0005820721769499418,gov
1,590,0.0005820721769499418,gov
1,557,0.0005787037037037037,gov
1,816,0.0005787037037037037,gov
1,875,0.0005787037037037037,gov
1,825,0.0005787037037037037,gov
1,1032,0.0005753739930955121,news
1,1437,0.0005753739930955121,news
1,734,0.0005753739930955121,gov
1,1084,0.0005720823798627002,news
1,767,0.0005720823798627002,gov
1,1292,0.0005720823798627002,news
1,36,0.0005688282138794084,reddit
1,1022,0.0005656108597285067,news
1,626,0.000562429696287964,gov
1,882,0.000562429696287964,gov
1,444,0.0005592841163310962,gov
1,667,0.0005561735261401557,gov
1,603,0.0005561735261401557,gov
1,762,0.0005530973451327434,gov
1,796,0.0005470459518599562,gov
1,818,0.0005470459518599562,gov
1,721,0.0005411255411255411,gov
1,947,0.0005382131324004305,gov
1,800,0.0005382131324004305,gov
1,1291,0.0005382131324004305,news
1,1100,0.0005382131324004305,news
1,608,0.0005382131324004305,gov
1,932,0.0005353319057815846,gov
1,454,0.0005296610169491525,gov
1,1335,0.0005268703898840885,news
1,1282,0.0005186721991701245,news
1,709,0.0005159958720330237,gov
1,710,0.0005159958720330237,gov
1,759,0.0005107252298263534,gov
1,980,0.000508130081300813,news
1,1217,0.000508130081300813,news
1,735,0.0005055611729019212,gov
1,1074,0.0005005005005005005,news
1,743,0.00049800796812749,gov
1,634,0.00049800796812749,gov
1,707,0.00049800796812749,gov
1,1075,0.00049800796812749,news
1,1434,0.0004955401387512388,news
1,639,0.0004955401387512388,gov
1,1370,0.0004955401387512388,news
1,922,0.0004930966469428008,gov
1,1200,0.0004906771344455348,news
1,1208,0.0004906771344455348,news
1,1110,0.0004906771344455348,news
1,1204,0.00048828125,news
1,431,0.00048828125,gov
1,1016,0.00048828125,news
1,845,0.00048590864917395527,gov
1,720,0.00048355899419729207,gov
1,1030,0.00048355899419729207,news
1,999,0.00048123195380173246,news
1,1127,0.00048123195380173246,news
1,969,0.00047664442326024784,news
1,1024,0.00047214353163361664,news
1,916,0.00047214353163361664,gov
1,1009,0.00046992481203007516,news
1,1072,0.00046992481203007516,news
1,1189,0.0004655493482309125,news
1,194,0.0004655493482309125,reddit
1,775,0.0004655493482309125,gov
1,814,0.0004633920296570899,gov
1,75,0.00046125461254612545,reddit
1,1447,0.0004591368227731864,news
1,1012,0.0004591368227731864,news
1,990,0.00045495905368516835,news
1,611,0.00045495905368516835,gov
1,518,0.0004528985507246377,gov
1,745,0.0004488330341113106,gov
1,152,0.0004488330341113106,reddit
1,1161,0.00044682752457551384,news
1,823,0.0004428697962798937,gov
1,607,0.0004409171075837742,gov
1,813,0.0004389815627743635,gov
1,1188,0.0004351610095735422,news
1,488,0.0004332755632582322,gov
1,1136,0.0004314063848144953,news
1,532,0.0004314063848144953,gov
1,1340,0.000427715996578272,news
1,1209,0.00042589437819420784,news
1,487,0.00042408821034775233,gov
1,1007,0.0004222972972972973,news
1,1002,0.0004222972972972973,news
1,746,0.00042052144659377626,gov
1,473,0.0004187604690117253,gov
1,1157,0.00041356492969396195,news
1,817,0.00041356492969396195,gov
1,780,0.00041186161449752884,gov
1,989,0.00041017227235438887,news
1,1156,0.0004068348250610252,news
1,708,0.0004051863857374392,gov
1,1020,0.0004051863857374392,news
1,858,0.0004035512510088781,gov
1,1094,0.0004035512510088781,news
1,574,0.00040192926045016077,gov
1,1033,0.000400320256204964,news
1,1151,0.00039872408293460925,news
1,1279,0.0003971405877680699,news
1,1018,0.0003971405877680699,news
1,1197,0.0003971405877680699,news
1,864,0.00039556962025316455,gov
1,1297,0.00039556962025316455,news
1,1004,0.0003940110323089047,news
1,573,0.0003940110323089047,gov
1,1395,0.0003924646781789639,news
1,1125,0.0003863987635239567,news
1,1013,0.0003849114703618168,news
1,1380,0.0003834355828220859,news
1,1201,0.0003819709702062643,news
1,565,0.000380517503805175,gov
1,1017,0.000380517503805175,news
1,1112,0.00037764350453172205,news
1,1027,0.0003762227238525207,news
1,1376,0.0003748125937031484,news
1,1257,0.0003734129947722181,news
1,521,0.0003720238095238095,gov
1,567,0.00037064492216456633,gov
1,481,0.00037064492216456633,gov
1,1241,0.00037064492216456633,news
1,524,0.0003679175864606328,gov
1,1270,0.0003679175864606328,news
1,1202,0.00036656891495601173,news
1,1404,0.000363901018922853,news
1,563,0.000363901018922853,gov
1,984,0.00036258158085569254,news
1,577,0.000361271676300578,gov
1,1008,0.0003586800573888092,news
1,568,0.00035739814152966406,gov
1,1010,0.00035612535612535614,news
1,1445,0.00035486160397445,news
1,1041,0.0003536067892503536,news
1,1107,0.0003536067892503536,news
1,201,0.00035236081747709656,reddit
1,420,0.00035112359550561797,reddit
1,564,0.00034989503149055286,gov
1,575,0.0003486750348675035,gov
1,1177,0.0003486750348675035,news
1,1408,0.0003450655624568668,news
1,991,0.000343878954607978,news
1,1254,0.0003427004797806717,news
1,1116,0.0003403675970047652,news
1,1239,0.0003403675970047652,news
1,1186,0.0003380662609871535,news
1,558,0.0003380662609871535,gov
1,1140,0.00033692722371967657,news
1,1207,0.000335795836131632,news
1,1061,0.00033355570380253505,news
1,1128,0.00033355570380253505,news
1,523,0.0003324468085106383,gov
1,987,0.0003291639236339697,news
1,572,0.0003270111183780249,gov
1,554,0.0003259452411994785,gov
1,1248,0.0003259452411994785,news
1,576,0.0003259452411994785,gov
1,1078,0.00032175032175032174,news
1,1173,0.00032175032175032174,news
1,1070,0.0003207184092366902,news
1,1120,0.00031969309462915604,news
1,537,0.00031969309462915604,gov
1,1273,0.00031665611146295124,news
1,570,0.00031466331025802394,gov
1,1180,0.00031466331025802394,news
1,571,0.00031367628607277293,gov
1,1175,0.0003117206982543641,news
1,1275,0.0003107520198881293,news
1,1293,0.00030883261272390367,news
1,471,0.00030883261272390367,gov
1,1169,0.0003078817733990148,news
1,1077,0.00030599755201958387,news
1,578,0.00030599755201958387,gov
1,1026,0.00030599755201958387,news
1,993,0.0003050640634533252,news
1,1471,0.00030321406913280777,news
1,1439,0.00030048076923076925,news
1,1176,0.0002986857825567503,news
1,1366,0.0002969121140142518,news
1,1134,0.0002917152858809802,news
1,1234,0.0002917152858809802,news
1,1069,0.00028669724770642203,news
1,625,0.0002858776443682104,gov
1,1265,0.0002842524161455372,news
1,566,0.0002834467120181406,gov
1,1105,0.0002834467120181406,news
1,1171,0.00028264556246466934,news
1,619,0.0002802690582959641,gov
1,516,0.00027793218454697053,gov
1,1216,0.0002756339581036384,news
1,700,0.0002756339581036384,gov
1,1379,0.0002756339581036384,news
1,1301,0.0002748763056624519,news
1,1272,0.0002726281352235551,news
1,1021,0.00027114967462039046,news
1,1296,0.0002689618074233459,news
1,1063,0.00026752273943285177,news
1,1087,0.00026469031233456857,news
1,1045,0.00026191723415400735,news
1,1237,0.0002605523710265764,news
1,1182,0.0002501250625312656,news
1,1194,0.00024950099800399205,news
1,1191,0.00024764735017335313,news
1,623,0.00024764735017335313,gov
1,620,0.00024764735017335313,gov
1,1148,0.0002464268112370626,news
1,1263,0.0002452182442373713,news
1,1163,0.0002428363283147159,news
1,1079,0.00023820867079561698,news
1,1385,0.00023651844843897824,news
1,1350,0.00023651844843897824,news
1,1345,0.0002337540906965872,news
1,526,0.0002310536044362292,gov
1,1374,0.00022999080036798528,news
1,1198,0.00022999080036798528,news
1,1251,0.00022893772893772894,news
1,1303,0.00022893772893772894,news
1,1255,0.0002268602540834846,news
1,1355,0.0002243158366980709,news
1,384,0.0002243158366980709,reddit
1,1064,0.00021939447125932427,news
1,528,0.00021843599825251202,gov
1,1378,0.000216076058772688,news
1,744,0.00021150592216582066,gov
1,1113,0.0002106149957877001,news
1,1302,0.0002106149957877001,news
1,1358,0.00020885547201336677,news
1,1092,0.00020088388911209323,news
1,1060,0.00019770660340055358,news
1,549,0.00019349845201238394,gov
1,1155,0.00019201228878648236,news
1,1119,0.0001905487804878049,news
1,1361,0.00018525379770285293,news
1,1225,0.0001845699520118125,news
1,1338,0.00018389113644722328,news
1,1377,0.0001758087201125176,news
1,1341,0.00016700066800267202,news
1,1226,0.00016644474034620507,news
1,1318,0.00016589250165892504,news
1,1383,0.0001639881928501148,news
1,1384,0.00015484670176525242,news
1,1235,0.00015202189115232596,news
1,981,0.0001506477854775535,news
1,512,0.00014819205690574987,gov
1,1223,0.0001479727730097662,news
1,1028,0.0001295672454003628,news
1,1346,0.00010528532322594231,news
2,1196,0.6389841071985043,news
2,1024,0.5953729933899905,news
2,1248,0.5870273794002607,news
2,199,0.5745614035087719,reddit
2,1367,0.5743134087237479,news
2,1204,0.5620117187499999,news
2,48,0.5084033613445378,reddit
2,246,0.5084033613445378,reddit
2,980,0.4984756097560975,news
2,1368,0.49627293577981646,news
2,1355,0.4712875729026469,news
2,1021,0.46122559652928413,news
2,1380,0.45667177914110424,news
2,1161,0.43833780160857905,news
2,1200,0.42247301275760546,news
2,1016,0.42041015624999994,news
2,1028,0.41085773516455043,news
2,1413,0.4103427172582619,news
2,1470,0.41011871113623516,news
2,1381,0.3928571428571429,news
2,858,0.38377723970944305,gov
2,1410,0.38017294626312537,news
2,1294,0.3780893536121673,news
2,1319,0.37243797195253503,news
2,1177,0.3699442119944212,news
2,1298,0.36714841578654805,news
2,864,0.3603639240506329,gov
2,1170,0.3601521357519017,news
2,1443,0.35648148148148145,news
2,1019,0.3560991105463786,news
2,688,0.34415584415584416,gov
2,355,0.3413461538461538,reddit
2,100,0.32031249999999994,reddit
2,1439,0.31580528846153844,news
2,1209,0.31132879045996587,news
2,1117,0.30523672883787656,news
2,169,0.30357142857142855,reddit
2,320,0.2988165680473373,reddit
2,197,0.2913669064748201,reddit
2,315,0.2894736842105263,reddit
2,1265,0.2873791927231381,news
2,50,0.28703703703703703,reddit
2,404,0.28703703703703703,reddit
2,1454,0.28437701743060034,news
2,461,0.27994428969359336,gov
2,376,0.2798165137614679,reddit
2,554,0.27737940026075614,gov
2,1194,0.2771956087824351,news
2,1015,0.2715491259795057,news
2,1408,0.26949620427881293,news
2,1464,0.26870932754880694,news
2,1283,0.2676916596461668,news
2,1225,0.2659653008490218,news
2,608,0.2642626480086114,gov
2,1289,0.2603165630299604,news
2,942,0.25374531835205993,gov
2,1430,0.24691805656272658,news
2,1164,0.24543189368770763,news
2,1007,0.24535472972972971,news
2,448,0.245114006514658,gov
2,1335,0.2428872497365648,news
2,406,0.2421875,reddit
2,235,0.23863636363636362,reddit
2,1094,0.23849878934624696,news
2,838,0.23555956678700363,gov
2,1064,0.23497147871873628,news
2,506,0.23363733905579398,gov
2,1218,0.23177221926556676,news
2,1223,0.23098549866824505,news
2,1101,0.2305936073059361,news
2,1058,0.22865687873844479,news
2,1231,0.21903087143415395,news
2,1326,0.21811971372804165,news
2,1286,0.2110166721150703,news
2,86,0.2053291536050157,reddit
2,359,0.2050092764378479,reddit
2,384,0.20435172723194256,reddit
2,1240,0.203125,news
2,1224,0.20087448559670779,news
2,916,0.1987724268177526,gov
2,1234,0.19865810968494746,news
2,1172,0.1955252918287938,news
2,612,0.19466882067851374,gov
2,95,0.1912251655629139,reddit
2,1128,0.1904603068712475,news
2,785,0.18804034582132564,gov
2,1338,0.18775285031261493,news
2,1252,0.18627450980392155,news
2,1370,0.1838453914767096,news
2,868,0.18319838056680163,gov
2,681,0.1830601092896175,gov
2,1211,0.18157614483493079,news
2,550,0.18075117370892022,gov
2,553,0.18065068493150688,gov
2,402,0.17796610169491525,reddit
2,500,0.17771084337349397,gov
2,1433,0.17755385684503128,news
2,312,0.1750871080139373,reddit
2,940,0.17116477272727273,gov
2,1321,0.17078364565587734,news
2,1088,0.17033516758379189,news
2,1407,0.16948555320648342,news
2,424,0.16947565543071164,reddit
2,670,0.16932624113475178,gov
2,592,0.1686046511627907,gov
2,1332,0.16797845898922947,news
2,851,0.16098081023454158,gov
2,1222,0.1534090909090909,news
2,337,0.1529516994633274,reddit
2,1344,0.15257808626673278,news
2,307,0.15217391304347827,reddit
2,661,0.15162907268170425,gov
2,1030,0.15038684719535783,news
2,589,0.14952638700947227,gov
2,1105,0.14767573696145125,news
2,179,0.14766839378238344,reddit
2,1469,0.1448699421965318,news
2,231,0.1426332288401254,reddit
2,1057,0.1421232876712329,news
2,1417,0.14206268958543983,news
2,249,0.14102564102564105,reddit
2,1176,0.14068100358422939,news
2,1193,0.13990692262943571,news
2,1284,0.13988095238095238,news
2,1330,0.13626126126126126,news
2,1230,0.13623789764868602,news
2,1167,0.13622370446382762,news
2,1201,0.13407181054239878,news
2,1276,0.13405002193944712,news
2,1325,0.13377869133264816,news
2,1471,0.12765312310491206,news
2,1304,0.12645687645687645,news
2,207,0.125,reddit
2,195,0.125,reddit
2,1346,0.12328911349757844,news
2,869,0.12282229965156795,gov
2,1354,0.12121975806451613,news
2,999,0.12078922040423484,news
2,69,0.12071917808219178,reddit
2,1068,0.12020673557852618,news
2,1236,0.11993659739344839,news
2,489,0.11923583662714098,gov
2,763,0.11908517350157728,gov
2,849,0.11886051080550099,gov
2,1063,0.11797752808988764,news
2,845,0.11710398445092322,gov
2,1060,0.11684460260972716,news
2,232,0.11657032755298652,reddit
2,1263,0.11549779303580186,news
2,1144,0.11477325853202432,news
2,1388,0.11357702349869452,news
2,1309,0.1130642361111111,news
2,1356,0.11289389997108991,news
2,1160,0.11243571762505844,news
2,368,0.11224489795918367,reddit
2,325,0.11224489795918367,reddit
2,1184,0.10971685971685972,news
2,1023,0.10875216637781629,news
2,1277,0.10717922606924643,news
2,691,0.10606060606060606,gov
2,258,0.10471976401179942,reddit
2,855,0.10393258426966293,gov
2,1312,0.1026679371129109,news
2,288,0.10185185185185186,reddit
2,740,0.1017191977077364,gov
2,1233,0.10124703087885986,news
2,193,0.10032894736842105,reddit
2,305,0.09824902723735408,reddit
2,391,0.09748427672955975,reddit
2,1385,0.09720908230842006,news
2,214,0.09618441971383147,reddit
2,1339,0.09603386809269163,news
2,1250,0.09540389972144847,news
2,1295,0.09529467680608365,news
2,1185,0.09443190368698269,news
2,1027,0.09443190368698269,news
2,1229,0.09364060676779463,news
2,1111,0.09350132625994693,news
2,941,0.09271217712177122,gov
2,728,0.09270516717325228,gov
2,1424,0.09265442404006678,news
2,1006,0.09229137199434229,news
2,1084,0.09210526315789475,news
2,1228,0.09047450424929179,news
2,1383,0.08871761233191211,news
2,1040,0.08823529411764706,news
2,988,0.08780630105017503,news
2,1051,0.08538732394366197,news
2,172,0.08472553699284009,reddit
2,1299,0.0840834697217676,news
2,938,0.08354591836734693,gov
2,801,0.08282208588957055,gov
2,964,0.08264887063655031,news
2,1087,0.08231868713605082,news
2,161,0.08139534883720931,reddit
2,1291,0.08127018299246501,news
2,963,0.08110367892976589,news
2,1078,0.08075933075933076,news
2,1150,0.08055443953394938,news
2,1258,0.07999088422971741,news
2,140,0.07965299684542587,reddit
2,1458,0.0772783251231527,news
2,853,0.07724957555178268,gov
2,1249,0.0770324047754406,news
2,297,0.07533112582781457,reddit
2,1267,0.07446369636963697,news
2,1278,0.07246059544658494,news
2,1254,0.07230980123372173,news
2,706,0.07043650793650794,gov
2,1314,0.07030586236193713,news
2,1384,0.06828739547847631,news
2,276,0.06818181818181818,reddit
2,271,0.06586270871985157,reddit
2,11,0.0643879173290938,reddit
2,84,0.0643879173290938,reddit
2,441,0.062347188264058676,gov
2,147,0.06184668989547038,reddit
2,364,0.06145675265553869,reddit
2,1461,0.061365430149960536,news
2,957,0.061286407766990285,gov
2,775,0.06098696461824953,gov
2,796,0.060722100656455134,gov
2,1322,0.05881203595154357,news
2,187,0.058774834437086095,reddit
2,1133,0.05865180467091295,news
2,1462,0.05713271823988645,news
2,680,0.056722689075630245,gov
2,841,0.05606617647058823,gov
2,122,0.055993690851735015,reddit
2,108,0.055862831858407076,reddit
2,535,0.05495689655172414,gov
2,1399,0.05495689655172414,news
2,1055,0.054245283018867926,news
2,115,0.053869499241274654,reddit
2,22,0.053797468354430375,reddit
2,1347,0.05281342546890425,news
2,30,0.052226027397260275,reddit
2,993,0.052165954850518614,news
2,1152,0.0512282804074296,news
2,1432,0.05074257425742574,news
2,112,0.05042613636363636,reddit
2,1341,0.05026720106880428,news
2,1255,0.050136116152450096,news
2,40,0.05009823182711198,reddit
2,770,0.05007052186177714,gov
2,205,0.048245614035087724,reddit
2,383,0.046875,reddit
2,241,0.046218487394957986,reddit
2,1327,0.04580896686159844,news
2,776,0.04561717352415027,gov
2,456,0.04442508710801393,gov
2,1377,0.04412798874824192,news
2,970,0.04397665694039183,news
2,212,0.04393305439330544,reddit
2,240,0.04366438356164384,reddit
2,1,0.04334554334554334,reddit
2,961,0.04272517321016166,news
2,300,0.04263565891472868,reddit
2,1155,0.0424347158218126,news
2,1053,0.04242227979274611,news
2,1092,0.04238650060265167,news
2,638,0.04179566563467492,gov
2,72,0.04127938764352105,reddit
2,349,0.041044776119402986,reddit
2,968,0.04099462365591397,news
2,725,0.040897097625329816,gov
2,1275,0.040708514605344935,news
2,1061,0.04036024016010673,news
2,822,0.03988326848249027,gov
2,839,0.03977272727272728,gov
2,431,0.03955078124999999,gov
2,720,0.03916827852998065,gov
2,1112,0.03814199395770392,news
2,1206,0.036708420320111346,news
2,1364,0.03667434715821813,news
2,1318,0.03666224286662243,news
2,1379,0.036108048511576625,news
2,1203,0.03571428571428572,news
2,1114,0.03480475382003395,news
2,184,0.03459119496855346,reddit
2,31,0.03451178451178451,reddit
2,227,0.034140969162995596,reddit
2,12,0.03381962864721485,reddit
2,1445,0.032292405961674944,news
2,314,0.03183229813664596,reddit
2,229,0.03169734151329243,reddit
2,1268,0.031213648701046922,news
2,1293,0.031192093885114267,news
2,1372,0.031163911845730034,news
2,1352,0.03107606679035251,news
2,1119,0.030678353658536592,news
2,1059,0.03045186640471513,news
2,37,0.030155642023346304,reddit
2,1025,0.02991137370753323,news
2,1178,0.029899348727057427,news
2,675,0.0297532656023222,gov
2,515,0.029608006672226853,gov
2,703,0.029580152671755726,gov
2,1331,0.02939365958756541,news
2,165,0.0274822695035461,reddit
2,338,0.0269281914893617,reddit
2,1122,0.02631578947368421,news
2,635,0.02587646076794658,gov
2,1434,0.025272547076313177,news
2,1054,0.02491830065359477,news
2,238,0.02444794952681388,reddit
2,395,0.024256651017214397,reddit
2,1067,0.02412150089338892,news
2,326,0.0240174672489083,reddit
2,854,0.023882896764252697,gov
2,503,0.023882896764252697,gov
2,55,0.023882896764252697,reddit
2,927,0.023700305810397553,gov
2,734,0.023590333716915993,gov
2,786,0.023504273504273508,gov
2,141,0.02338530066815145,reddit
2,1251,0.02312271062271062,news
2,698,0.022088353413654623,gov
2,687,0.022088353413654623,gov
2,1100,0.02206673842841765,news
2,1386,0.02150154430981231,news
2,135,0.021042084168336674,reddit
2,1056,0.02101835405565423,news
2,67,0.020833333333333336,reddit
2,382,0.020833333333333336,reddit
2,296,0.0206286836935167,reddit
2,1140,0.020552560646900267,news
2,1465,0.020346897931954634,news
2,1171,0.020067834934991518,news
2,419,0.01966292134831461,reddit
2,1256,0.019657454262358896,news
2,1091,0.019366197183098594,news
2,1401,0.019356597600872407,news
2,998,0.019112789051439358,news
2,247,0.019031141868512114,reddit
2,814,0.018999073215940684,gov
2,310,0.018617021276595747,reddit
2,1141,0.018499218342886918,news
2,948,0.01829268292682927,gov
2,353,0.017979452054794523,reddit
2,1187,0.017970401691331923,news
2,1437,0.017836593785960874,news
2,38,0.017241379310344827,reddit
2,1429,0.017241379310344827,news
2,765,0.016561514195583597,gov
2,761,0.01643192488262911,gov
2,537,0.016304347826086956,gov
2,1026,0.015605875152998775,news
2,311,0.01553672316384181,reddit
2,1046,0.015510948905109487,news
2,644,0.014914772727272726,gov
2,755,0.014809590973201692,gov
2,971,0.014705882352941178,news
2,46,0.014502762430939226,reddit
2,1153,0.014039855072463768,news
2,203,0.01297169811320755,reddit
2,370,0.012820512820512822,reddit
2,366,0.012820512820512822,reddit
2,817,0.01282051282051282,gov
2,1466,0.012611879576891782,news
2,1079,0.012148642210576464,news
2,163,0.012114537444933923,reddit
2,1066,0.011841100076394193,news
2,6,0.011363636363636366,reddit
2,1202,0.011363636363636364,news
2,362,0.011363636363636364,reddit
2,102,0.011363636363636364,reddit
2,162,0.011247443762781187,reddit
2,686,0.011022044088176353,gov
2,287,0.010496183206106872,reddit
2,412,0.010299625468164795,reddit
2,1085,0.01027170311464546,news
2,421,0.01020408163265306,reddit
2,1065,0.009927797833935019,news
2,556,0.009838998211091235,gov
2,186,0.009666080843585239,reddit
2,1012,0.009641873278236915,news
2,409,0.00925925925925926,reddit
2,664,0.00925925925925926,gov
2,301,0.009259259259259259,reddit
2,295,0.009259259259259259,reddit
2,87,0.009259259259259259,reddit
2,157,0.009259259259259259,reddit
2,259,0.009259259259259259,reddit
2,645,0.009181969949916529,gov
2,429,0.008982035928143712,gov
2,843,0.008957654723127036,gov
2,483,0.008814102564102566,gov
2,708,0.008508914100486223,gov
2,139,0.00847457627118644,reddit
2,63,0.00847457627118644,reddit
2,225,0.00847457627118644,reddit
2,107,0.00847457627118644,reddit
2,101,0.00847457627118644,reddit
2,81,0.00847457627118644,reddit
2,867,0.008283132530120483,gov
2,1031,0.008221225710014948,news
2,1389,0.008092332183603078,news
2,695,0.007982583454281567,gov
2,118,0.007982583454281567,reddit
2,741,0.007982583454281567,gov
2,396,0.0078125,reddit
2,308,0.0078125,reddit
2,1049,0.0078125,news
2,1446,0.00775480059084195,news
2,563,0.007641921397379912,gov
2,509,0.007596685082872928,gov
2,771,0.0075445816186556925,gov
2,160,0.007493188010899182,reddit
2,1281,0.0073431241655540725,news
2,1421,0.007296733842946491,news
2,422,0.007294429708222812,reddit
2,738,0.007294429708222812,gov
2,417,0.007246376811594203,reddit
2,202,0.007246376811594203,reddit
2,303,0.007246376811594203,reddit
2,255,0.007246376811594203,reddit
2,316,0.007246376811594203,reddit
2,292,0.007246376811594203,reddit
2,392,0.007246376811594203,reddit
2,1198,0.007129714811407544,news
2,435,0.0071059431524547806,gov
2,588,0.00697084917617237,gov
2,1369,0.006909832351608519,news
2,824,0.006840796019900498,gov
2,880,0.006798516687268233,gov
2,98,0.006756756756756757,reddit
2,104,0.006756756756756757,reddit
2,388,0.006756756756756757,reddit
2,2,0.006756756756756757,reddit
2,176,0.006756756756756757,reddit
2,150,0.006649778340721976,reddit
2,571,0.006587202007528231,gov
2,1359,0.006566604127579738,news
2,1348,0.006386861313868613,news
2,798,0.006365740740740741,gov
2,155,0.006329113924050633,reddit
2,323,0.006329113924050633,reddit
2,243,0.006329113924050633,reddit
2,97,0.006329113924050633,reddit
2,834,0.006221719457013575,gov
2,1090,0.006003430531732418,news
2,113,0.005952380952380952,reddit
2,17,0.005952380952380952,reddit
2,387,0.005952380952380952,reddit
2,220,0.005952380952380952,reddit
2,26,0.005952380952380952,reddit
2,1282,0.00570539419087137,news
2,74,0.0056179775280898875,reddit
2,79,0.0056179775280898875,reddit
2,133,0.0056179775280898875,reddit
2,911,0.0056179775280898875,gov
2,759,0.0056179775280898875,gov
2,0,0.0056179775280898875,reddit
2,347,0.0056179775280898875,reddit
2,228,0.005319148936170213,reddit
2,533,0.005200594353640416,gov
2,979,0.005050505050505051,news
2,208,0.005050505050505051,reddit
2,14,0.005050505050505051,reddit
2,282,0.004807692307692308,reddit
2,167,0.004807692307692308,reddit
2,1188,0.004786771105308964,news
2,1136,0.004745470232959448,news
2,1034,0.0047250859106529215,news
2,1002,0.0046452702702702705,news
2,380,0.0045871559633027525,reddit
2,899,0.0045871559633027525,gov
2,105,0.0045871559633027525,reddit
2,1106,0.004489097905087645,news
2,1113,0.0044229149115417015,news
2,508,0.0043859649122807015,gov
2,490,0.0043859649122807015,gov
2,507,0.0043859649122807015,gov
2,497,0.0043859649122807015,gov
2,233,0.0043859649122807015,reddit
2,58,0.0043859649122807015,reddit
2,505,0.0043859649122807015,gov
2,504,0.0043859649122807015,gov
2,494,0.0043859649122807015,gov
2,992,0.004300234558248632,news
2,1442,0.004217791411042945,news
2,61,0.004201680672268907,reddit
2,221,0.004201680672268907,reddit
2,569,0.004169825625473844,gov
2,1431,0.00407709414381023,news
2,1333,0.00407709414381023,news
2,481,0.00407709414381023,gov
2,103,0.004032258064516129,reddit
2,1404,0.004002911208151383,news
2,568,0.003931379556826304,gov
2,279,0.003875968992248062,reddit
2,929,0.003875968992248062,gov
2,976,0.003848845346396081,news
2,446,0.0037313432835820895,gov
2,177,0.0037313432835820895,reddit
2,1048,0.0036937541974479517,news
2,1096,0.0036208031599736673,news
2,130,0.0035971223021582736,reddit
2,343,0.0034722222222222225,reddit
2,410,0.0034722222222222225,reddit
2,324,0.0034722222222222225,reddit
2,731,0.0034722222222222225,gov
2,777,0.0034722222222222225,gov
2,9,0.0034722222222222225,reddit
2,1175,0.0034289276807980052,news
2,906,0.003355704697986577,gov
2,1192,0.0033052884615384615,news
2,266,0.003246753246753247,reddit
2,1115,0.003208868144690782,news
2,1316,0.0031536697247706424,news
2,251,0.0031446540880503146,reddit
2,70,0.0031446540880503146,reddit
2,143,0.0031446540880503146,reddit
2,351,0.0031446540880503146,reddit
2,418,0.0031446540880503146,reddit
2,164,0.0030487804878048786,reddit
2,432,0.0030487804878048786,gov
2,848,0.0030487804878048786,gov
2,844,0.0030487804878048786,gov
2,835,0.0030487804878048786,gov
2,895,0.0030487804878048786,gov
2,693,0.002958579881656805,gov
2,71,0.002958579881656805,reddit
2,357,0.002958579881656805,reddit
2,1047,0.002903907074973601,news
2,196,0.002873563218390805,reddit
2,117,0.002873563218390805,reddit
2,56,0.002873563218390805,reddit
2,393,0.0027932960893854754,reddit
2,660,0.0027932960893854754,gov
2,828,0.0027932960893854754,gov
2,125,0.0027932960893854754,reddit
2,830,0.0027932960893854754,gov
2,438,0.0027932960893854754,gov
2,847,0.0027932960893854754,gov
2,836,0.0027932960893854754,gov
2,832,0.0027932960893854754,gov
2,145,0.0027173913043478264,reddit
2,153,0.0027173913043478264,reddit
2,224,0.0027173913043478264,reddit
2,371,0.0027173913043478264,reddit
2,399,0.0027173913043478264,reddit
2,191,0.0027173913043478264,reddit
2,252,0.002645502645502646,reddit
2,428,0.002645502645502646,gov
2,407,0.002645502645502646,reddit
2,245,0.0025773195876288664,reddit
2,439,0.0025773195876288664,gov
2,581,0.0025773195876288664,gov
2,894,0.0025773195876288664,gov
2,783,0.0025773195876288664,gov
2,724,0.0025125628140703522,gov
2,733,0.0025125628140703522,gov
2,779,0.002450980392156863,gov
2,386,0.002450980392156863,reddit
2,1118,0.002450980392156863,news
2,782,0.002450980392156863,gov
2,1259,0.002413339183852567,news
2,1043,0.002392344497607656,news
2,694,0.002392344497607656,gov
2,679,0.002392344497607656,gov
2,330,0.0023364485981308414,reddit
2,41,0.0023364485981308414,reddit
2,457,0.0022831050228310505,gov
2,442,0.0022831050228310505,gov
2,411,0.0022321428571428575,reddit
2,701,0.0022321428571428575,gov
2,43,0.0022321428571428575,reddit
2,329,0.0022321428571428575,reddit
2,377,0.0022321428571428575,reddit
2,217,0.002136752136752137,reddit
2,416,0.002136752136752137,reddit
2,440,0.002136752136752137,gov
2,977,0.002092050209205021,news
2,794,0.002092050209205021,gov
2,1181,0.0020491803278688526,news
2,723,0.0020491803278688526,gov
2,915,0.0020491803278688526,gov
2,901,0.0020491803278688526,gov
2,414,0.0020080321285140565,reddit
2,52,0.0020080321285140565,reddit
2,51,0.0020080321285140565,reddit
2,466,0.0019685039370078744,gov
2,458,0.0019685039370078744,gov
2,244,0.0019685039370078744,reddit
2,313,0.0019685039370078744,reddit
2,1285,0.0019271198318149968,news
2,904,0.0018939393939393942,gov
2,674,0.0018939393939393942,gov
2,318,0.001858736059479554,reddit
2,736,0.0018248175182481753,gov
2,983,0.0018248175182481753,news
2,960,0.0018248175182481753,news
2,891,0.001792114695340502,gov
2,78,0.001792114695340502,reddit
2,270,0.001792114695340502,reddit
2,192,0.0017605633802816904,reddit
2,260,0.0017605633802816904,reddit
2,215,0.0017605633802816904,reddit
2,893,0.0017605633802816904,gov
2,445,0.0017605633802816904,gov
2,502,0.001730103806228374,gov
2,727,0.001730103806228374,gov
2,907,0.001730103806228374,gov
2,689,0.0017006802721088437,gov
2,182,0.0016722408026755855,reddit
2,676,0.0016722408026755855,gov
2,865,0.0016447368421052633,gov
2,722,0.0016447368421052633,gov
2,66,0.0016447368421052633,reddit
2,1098,0.0016447368421052633,news
2,7,0.0016181229773462784,reddit
2,106,0.0016181229773462784,reddit
2,455,0.0016181229773462784,gov
2,967,0.0015923566878980893,news
2,668,0.0015923566878980893,gov
2,27,0.0015923566878980893,reddit
2,1373,0.0015923566878980893,news
2,200,0.0015673981191222572,reddit
2,673,0.0015673981191222572,gov
2,896,0.0015673981191222572,gov
2,543,0.00154320987654321,gov
2,1001,0.00154320987654321,news
2,662,0.00154320987654321,gov
2,183,0.00154320987654321,reddit
2,773,0.00154320987654321,gov
2,339,0.0015197568389057753,reddit
2,209,0.0014970059880239522,reddit
2,666,0.0014970059880239522,gov
2,658,0.0014970059880239522,gov
2,277,0.0014749262536873158,reddit
2,926,0.0014534883720930235,gov
2,180,0.0014534883720930235,reddit
2,286,0.0014534883720930235,reddit
2,302,0.0014326647564469916,reddit
2,5,0.0014326647564469916,reddit
2,897,0.0014326647564469916,gov
2,982,0.0014124293785310737,news
2,289,0.0014124293785310737,reddit
2,548,0.0014124293785310737,gov
2,219,0.0013927576601671311,reddit
2,900,0.0013927576601671311,gov
2,952,0.0013736263736263737,gov
2,156,0.0013736263736263737,reddit
2,903,0.0013736263736263737,gov
2,806,0.0013736263736263737,gov
2,807,0.0013736263736263737,gov
2,883,0.0013550135501355016,gov
2,534,0.0013550135501355016,gov
2,656,0.0013550135501355016,gov
2,809,0.0013550135501355016,gov
2,59,0.0013550135501355016,reddit
2,812,0.0013550135501355016,gov
2,815,0.0013550135501355016,gov
2,463,0.0013368983957219253,gov
2,354,0.0013192612137203168,reddit
2,586,0.0013192612137203168,gov
2,447,0.0013020833333333335,gov
2,423,0.0013020833333333335,reddit
2,908,0.0013020833333333335,gov
2,309,0.0013020833333333335,reddit
2,1138,0.0013020833333333335,news
2,188,0.0013020833333333335,reddit
2,1334,0.0012853470437017996,news
2,216,0.0012853470437017996,reddit
2,877,0.0012853470437017996,gov
2,866,0.0012853470437017996,gov
2,34,0.0012853470437017996,reddit
2,544,0.0012853470437017996,gov
2,857,0.001269035532994924,gov
2,210,0.001269035532994924,reddit
2,797,0.001269035532994924,gov
2,669,0.001269035532994924,gov
2,934,0.001269035532994924,gov
2,562,0.0012531328320802006,gov
2,909,0.0012531328320802006,gov
2,610,0.0012531328320802006,gov
2,560,0.0012376237623762376,gov
2,499,0.0012376237623762376,gov
2,425,0.0012376237623762376,reddit
2,328,0.0012224938875305626,reddit
2,917,0.001207729468599034,gov
2,378,0.001207729468599034,reddit
2,360,0.001207729468599034,reddit
2,596,0.001207729468599034,gov
2,304,0.001207729468599034,reddit
2,413,0.001207729468599034,reddit
2,956,0.0011933174224343676,gov
2,493,0.0011933174224343676,gov
2,787,0.0011933174224343676,gov
2,222,0.0011933174224343676,reddit
2,256,0.0011933174224343676,reddit
2,319,0.001179245283018868,reddit
2,450,0.001179245283018868,gov
2,580,0.001179245283018868,gov
2,185,0.0011655011655011655,reddit
2,919,0.0011655011655011655,gov
2,846,0.001152073732718894,gov
2,400,0.0011389521640091118,reddit
2,874,0.0011389521640091118,gov
2,1448,0.0011389521640091118,news
2,878,0.0011389521640091118,gov
2,784,0.0011389521640091118,gov
2,126,0.0011389521640091118,reddit
2,652,0.0011261261261261261,gov
2,1449,0.0011261261261261261,news
2,82,0.0011261261261261261,reddit
2,495,0.0011261261261261261,gov
2,831,0.0011261261261261261,gov
2,171,0.0011261261261261261,reddit
2,1097,0.0011261261261261261,news
2,336,0.0011261261261261261,reddit
2,671,0.00111358574610245,gov
2,45,0.00111358574610245,reddit
2,863,0.00111358574610245,gov
2,945,0.00111358574610245,gov
2,653,0.00111358574610245,gov
2,178,0.00111358574610245,reddit
2,331,0.0011013215859030838,reddit
2,791,0.0011013215859030838,gov
2,871,0.0010893246187363835,gov
2,211,0.0010893246187363835,reddit
2,132,0.0010893246187363835,reddit
2,190,0.0010893246187363835,reddit
2,405,0.0010893246187363835,reddit
2,124,0.0010893246187363835,reddit
2,501,0.0010775862068965517,gov
2,465,0.0010775862068965517,gov
2,606,0.0010775862068965517,gov
2,29,0.0010775862068965517,reddit
2,677,0.0010775862068965517,gov
2,642,0.0010660980810234544,gov
2,18,0.0010660980810234544,reddit
2,348,0.0010660980810234544,reddit
2,704,0.0010660980810234544,gov
2,120,0.0010660980810234544,reddit
2,358,0.0010660980810234544,reddit
2,166,0.0010660980810234544,reddit
2,173,0.0010660980810234544,reddit
2,856,0.0010660980810234544,gov
2,262,0.0010660980810234544,reddit
2,285,0.0010548523206751056,reddit
2,861,0.0010548523206751056,gov
2,257,0.0010548523206751056,reddit
2,1405,0.0010548523206751056,news
2,111,0.0010438413361169103,reddit
2,15,0.0010438413361169103,reddit
2,146,0.0010438413361169103,reddit
2,346,0.0010438413361169103,reddit
2,175,0.0010330578512396695,reddit
2,1035,0.0010330578512396695,news
2,958,0.0010330578512396695,gov
2,137,0.0010330578512396695,reddit
2,148,0.0010224948875255625,reddit
2,85,0.0010224948875255625,reddit
2,774,0.0010224948875255625,gov
2,99,0.0010224948875255625,reddit
2,768,0.0010224948875255625,gov
2,57,0.0010224948875255625,reddit
2,584,0.0010121457489878543,gov
2,614,0.0010121457489878543,gov
2,539,0.0010121457489878543,gov
2,385,0.0010121457489878543,reddit
2,536,0.0010121457489878543,gov
2,582,0.0010121457489878543,gov
2,739,0.0010121457489878543,gov
2,181,0.0010121457489878543,reddit
2,174,0.0010121457489878543,reddit
2,408,0.0010121457489878543,reddit
2,158,0.0010121457489878543,reddit
2,884,0.0010020040080160322,gov
2,129,0.0010020040080160322,reddit
2,390,0.0010020040080160322,reddit
2,223,0.0010020040080160322,reddit
2,692,0.0010020040080160322,gov
2,25,0.0010020040080160322,reddit
2,269,0.0009920634920634922,reddit
2,601,0.0009920634920634922,gov
2,924,0.0009920634920634922,gov
2,772,0.0009920634920634922,gov
2,294,0.0009920634920634922,reddit
2,886,0.0009920634920634922,gov
2,334,0.0009920634920634922,reddit
2,127,0.0009920634920634922,reddit
2,593,0.000982318271119843,gov
2,274,0.000982318271119843,reddit
2,363,0.000982318271119843,reddit
2,389,0.000982318271119843,reddit
2,381,0.000982318271119843,reddit
2,283,0.000982318271119843,reddit
2,226,0.000982318271119843,reddit
2,151,0.000982318271119843,reddit
2,361,0.000982318271119843,reddit
2,379,0.000982318271119843,reddit
2,250,0.000982318271119843,reddit
2,92,0.000982318271119843,reddit
2,1039,0.000972762645914397,news
2,64,0.000972762645914397,reddit
2,62,0.000972762645914397,reddit
2,373,0.000972762645914397,reddit
2,32,0.000972762645914397,reddit
2,711,0.000972762645914397,gov
2,20,0.000972762645914397,reddit
2,230,0.000972762645914397,reddit
2,218,0.000972762645914397,reddit
2,253,0.000972762645914397,reddit
2,1414,0.000972762645914397,news
2,663,0.0009633911368015415,gov
2,618,0.0009633911368015415,gov
2,401,0.0009633911368015415,reddit
2,114,0.0009633911368015415,reddit
2,248,0.0009633911368015415,reddit
2,859,0.0009633911368015415,gov
2,974,0.0009633911368015415,news
2,1392,0.0009633911368015415,news
2,93,0.0009541984732824428,reddit
2,898,0.0009541984732824428,gov
2,73,0.0009541984732824428,reddit
2,136,0.0009541984732824428,reddit
2,154,0.0009541984732824428,reddit
2,718,0.0009541984732824428,gov
2,159,0.0009541984732824428,reddit
2,541,0.0009541984732824428,gov
2,94,0.0009541984732824428,reddit
2,109,0.0009541984732824428,reddit
2,551,0.000945179584120983,gov
2,648,0.000945179584120983,gov
2,261,0.000945179584120983,reddit
2,306,0.000945179584120983,reddit
2,189,0.000945179584120983,reddit
2,110,0.000945179584120983,reddit
2,65,0.000945179584120983,reddit
2,591,0.000945179584120983,gov
2,995,0.0009363295880149814,news
2,88,0.0009363295880149814,reddit
2,799,0.0009363295880149814,gov
2,451,0.0009363295880149814,gov
2,273,0.0009363295880149814,reddit
2,1213,0.0009363295880149814,news
2,284,0.0009363295880149814,reddit
2,128,0.0009363295880149814,reddit
2,206,0.0009363295880149814,reddit
2,68,0.000927643784786642,reddit
2,149,0.000927643784786642,reddit
2,90,0.000927643784786642,reddit
2,239,0.000927643784786642,reddit
2,943,0.000927643784786642,gov
2,617,0.000927643784786642,gov
2,42,0.000927643784786642,reddit
2,682,0.000927643784786642,gov
2,91,0.0009191176470588236,reddit
2,332,0.0009191176470588236,reddit
2,613,0.0009191176470588236,gov
2,925,0.0009191176470588236,gov
2,876,0.0009191176470588236,gov
2,599,0.0009191176470588236,gov
2,403,0.0009191176470588236,reddit
2,881,0.0009191176470588236,gov
2,44,0.0009107468123861568,reddit
2,254,0.0009107468123861568,reddit
2,672,0.0009107468123861568,gov
2,204,0.0009107468123861568,reddit
2,808,0.0009107468123861568,gov
2,757,0.0009107468123861568,gov
2,10,0.0009025270758122744,reddit
2,321,0.0009025270758122744,reddit
2,415,0.0009025270758122744,reddit
2,685,0.0009025270758122744,gov
2,263,0.0009025270758122744,reddit
2,684,0.0009025270758122744,gov
2,468,0.0009025270758122744,gov
2,119,0.0009025270758122744,reddit
2,352,0.0009025270758122744,reddit
2,923,0.000894454382826476,gov
2,83,0.000894454382826476,reddit
2,237,0.000894454382826476,reddit
2,49,0.000894454382826476,reddit
2,730,0.000894454382826476,gov
2,1441,0.000894454382826476,news
2,630,0.000894454382826476,gov
2,344,0.0008865248226950355,reddit
2,33,0.0008865248226950355,reddit
2,595,0.0008865248226950355,gov
2,640,0.0008865248226950355,gov
2,889,0.0008865248226950355,gov
2,781,0.0008865248226950355,gov
2,1005,0.0008865248226950355,news
2,322,0.0008865248226950355,reddit
2,265,0.0008787346221441125,reddit
2,594,0.0008787346221441125,gov
2,659,0.0008787346221441125,gov
2,272,0.0008787346221441125,reddit
2,60,0.0008787346221441125,reddit
2,954,0.0008787346221441125,gov
2,920,0.0008787346221441125,gov
2,804,0.0008787346221441125,gov
2,921,0.0008710801393728224,gov
2,459,0.0008710801393728224,gov
2,340,0.0008710801393728224,reddit
2,142,0.0008710801393728224,reddit
2,397,0.0008710801393728224,reddit
2,367,0.0008635578583765113,reddit
2,290,0.0008635578583765113,reddit
2,4,0.0008635578583765113,reddit
2,53,0.0008635578583765113,reddit
2,131,0.0008635578583765113,reddit
2,293,0.0008635578583765113,reddit
2,482,0.0008635578583765113,gov
2,833,0.0008635578583765113,gov
2,28,0.0008635578583765113,reddit
2,870,0.0008635578583765113,gov
2,365,0.0008561643835616439,reddit
2,647,0.0008561643835616439,gov
2,712,0.0008561643835616439,gov
2,3,0.0008561643835616439,reddit
2,764,0.0008561643835616439,gov
2,275,0.0008561643835616439,reddit
2,486,0.0008488964346349746,gov
2,335,0.0008488964346349746,reddit
2,641,0.0008488964346349746,gov
2,717,0.0008488964346349746,gov
2,76,0.0008488964346349746,reddit
2,910,0.0008417508417508418,gov
2,879,0.0008417508417508418,gov
2,873,0.0008417508417508418,gov
2,144,0.0008417508417508418,reddit
2,19,0.0008417508417508418,reddit
2,341,0.0008417508417508418,reddit
2,23,0.0008417508417508418,reddit
2,291,0.0008417508417508418,reddit
2,317,0.0008347245409015025,reddit
2,649,0.0008347245409015025,gov
2,1014,0.000827814569536424,news
2,805,0.000827814569536424,gov
2,77,0.000827814569536424,reddit
2,485,0.000827814569536424,gov
2,123,0.000827814569536424,reddit
2,479,0.000827814569536424,gov
2,467,0.000827814569536424,gov
2,803,0.000827814569536424,gov
2,480,0.0008210180623973728,gov
2,862,0.0008210180623973728,gov
2,372,0.0008210180623973728,reddit
2,555,0.0008210180623973728,gov
2,715,0.0008210180623973728,gov
2,699,0.0008210180623973728,gov
2,236,0.0008210180623973728,reddit
2,905,0.0008210180623973728,gov
2,374,0.0008143322475570033,reddit
2,35,0.0008143322475570033,reddit
2,850,0.0008143322475570033,gov
2,892,0.0008143322475570033,gov
2,885,0.0008143322475570033,gov
2,345,0.0008143322475570033,reddit
2,342,0.0008077544426494346,reddit
2,819,0.0008077544426494346,gov
2,268,0.0008012820512820514,reddit
2,475,0.0008012820512820514,gov
2,369,0.0008012820512820514,reddit
2,628,0.0008012820512820514,gov
2,16,0.000794912559618442,reddit
2,931,0.000794912559618442,gov
2,469,0.000794912559618442,gov
2,356,0.000794912559618442,reddit
2,39,0.000794912559618442,reddit
2,54,0.0007886435331230285,reddit
2,852,0.0007886435331230285,gov
2,788,0.0007886435331230285,gov
2,697,0.0007886435331230285,gov
2,546,0.0007886435331230285,gov
2,13,0.0007886435331230285,reddit
2,583,0.0007886435331230285,gov
2,452,0.000782472613458529,gov
2,1427,0.000782472613458529,news
2,1450,0.000782472613458529,news
2,470,0.000782472613458529,gov
2,657,0.000782472613458529,gov
2,605,0.000782472613458529,gov
2,264,0.000782472613458529,reddit
2,616,0.000782472613458529,gov
2,820,0.000782472613458529,gov
2,827,0.000782472613458529,gov
2,552,0.000782472613458529,gov
2,918,0.000782472613458529,gov
2,600,0.0007763975155279503,gov
2,631,0.0007763975155279503,gov
2,840,0.0007763975155279503,gov
2,1415,0.0007763975155279503,news
2,1290,0.0007763975155279503,news
2,213,0.0007704160246533128,reddit
2,902,0.0007704160246533128,gov
2,278,0.0007704160246533128,reddit
2,946,0.0007704160246533128,gov
2,655,0.0007645259938837921,gov
2,678,0.0007645259938837921,gov
2,888,0.0007645259938837921,gov
2,769,0.0007645259938837921,gov
2,756,0.0007587253414264037,gov
2,327,0.0007587253414264037,reddit
2,950,0.0007587253414264037,gov
2,449,0.0007587253414264037,gov
2,872,0.0007587253414264037,gov
2,281,0.000753012048192771,reddit
2,280,0.000753012048192771,reddit
2,242,0.000753012048192771,reddit
2,737,0.000753012048192771,gov
2,1195,0.000753012048192771,news
2,1190,0.000753012048192771,news
2,1453,0.000753012048192771,news
2,1406,0.000753012048192771,news
2,802,0.0007473841554559044,gov
2,476,0.0007473841554559044,gov
2,375,0.0007473841554559044,reddit
2,826,0.0007473841554559044,gov
2,430,0.0007473841554559044,gov
2,793,0.0007473841554559044,gov
2,234,0.000741839762611276,reddit
2,559,0.000741839762611276,gov
2,168,0.000741839762611276,reddit
2,1126,0.000741839762611276,news
2,545,0.000741839762611276,gov
2,713,0.000741839762611276,gov
2,939,0.000741839762611276,gov
2,398,0.000741839762611276,reddit
2,598,0.000741839762611276,gov
2,643,0.000741839762611276,gov
2,821,0.000741839762611276,gov
2,810,0.000741839762611276,gov
2,654,0.0007363770250368188,gov
2,520,0.0007363770250368188,gov
2,609,0.0007363770250368188,gov
2,930,0.0007363770250368188,gov
2,636,0.0007363770250368188,gov
2,477,0.0007309941520467836,gov
2,792,0.0007309941520467836,gov
2,299,0.0007309941520467836,reddit
2,860,0.0007309941520467836,gov
2,1460,0.000725689404934688,news
2,267,0.000725689404934688,reddit
2,627,0.000725689404934688,gov
2,529,0.000725689404934688,gov
2,1154,0.000725689404934688,news
2,750,0.000725689404934688,gov
2,426,0.0007204610951008645,reddit
2,427,0.0007204610951008645,gov
2,21,0.000715307582260372,reddit
2,1003,0.000715307582260372,news
2,597,0.000715307582260372,gov
2,604,0.000715307582260372,gov
2,522,0.000715307582260372,gov
2,629,0.000715307582260372,gov
2,453,0.0007102272727272727,gov
2,350,0.0007102272727272727,reddit
2,829,0.0007102272727272727,gov
2,890,0.0007052186177715092,gov
2,134,0.0007002801120448179,reddit
2,96,0.0007002801120448179,reddit
2,542,0.0007002801120448179,gov
2,790,0.0007002801120448179,gov
2,690,0.0006954102920723226,gov
2,1095,0.0006954102920723226,news
2,683,0.0006954102920723226,gov
2,624,0.0006954102920723226,gov
2,460,0.0006906077348066298,gov
2,298,0.0006906077348066298,reddit
2,474,0.0006906077348066298,gov
2,811,0.0006906077348066298,gov
2,1124,0.0006906077348066298,news
2,1221,0.0006906077348066298,news
2,472,0.0006858710562414266,gov
2,24,0.0006858710562414266,reddit
2,937,0.0006811989100817438,gov
2,434,0.0006811989100817438,gov
2,975,0.0006811989100817438,news
2,462,0.0006811989100817438,gov
2,953,0.0006765899864682002,gov
2,887,0.0006765899864682002,gov
2,1042,0.0006765899864682002,news
2,752,0.0006765899864682002,gov
2,795,0.0006720430107526881,gov
2,912,0.0006720430107526881,gov
2,914,0.0006720430107526881,gov
2,732,0.0006675567423230974,gov
2,936,0.0006675567423230974,gov
2,1038,0.0006675567423230974,news
2,766,0.0006675567423230974,gov
2,913,0.000663129973474801,gov
2,484,0.000663129973474801,gov
2,632,0.000663129973474801,gov
2,702,0.0006587615283267457,gov
2,760,0.0006544502617801048,gov
2,842,0.0006544502617801048,gov
2,758,0.0006544502617801048,gov
2,47,0.0006544502617801048,reddit
2,751,0.0006544502617801048,gov
2,615,0.0006501950585175553,gov
2,1425,0.0006501950585175553,news
2,116,0.0006501950585175553,reddit
2,1179,0.0006459948320413437,news
2,121,0.0006459948320413437,reddit
2,622,0.0006459948320413437,gov
2,1456,0.0006418485237483953,news
2,1451,0.0006377551020408163,news
2,89,0.0006377551020408163,reddit
2,437,0.0006377551020408163,gov
2,637,0.0006337135614702154,gov
2,714,0.0006297229219143577,gov
2,729,0.0006297229219143577,gov
2,1375,0.0006297229219143577,news
2,944,0.0006257822277847309,gov
2,1300,0.0006218905472636816,news
2,1044,0.0006218905472636816,news
2,742,0.0006218905472636816,gov
2,778,0.0006218905472636816,gov
2,951,0.0006180469715698393,gov
2,443,0.0006180469715698393,gov
2,928,0.0006142506142506142,gov
2,705,0.0006142506142506142,gov
2,716,0.0006105006105006105,gov
2,749,0.0006105006105006105,gov
2,837,0.0006105006105006105,gov
2,621,0.0006105006105006105,gov
2,80,0.0006105006105006105,reddit
2,547,0.0006105006105006105,gov
2,665,0.0006105006105006105,gov
2,1036,0.0006067961165048543,news
2,753,0.0006031363088057901,gov
2,436,0.0006031363088057901,gov
2,538,0.0006031363088057901,gov
2,1168,0.0005995203836930455,news
2,1418,0.0005959475566150178,news
2,748,0.0005959475566150178,gov
2,747,0.0005959475566150178,gov
2,935,0.0005959475566150178,gov
2,1081,0.0005924170616113745,news
2,1409,0.0005924170616113745,news
2,997,0.0005924170616113745,news
2,1071,0.0005924170616113745,news
2,1475,0.0005924170616113745,news
2,394,0.0005924170616113745,reddit
2,478,0.0005889281507656066,gov
2,464,0.000585480093676815,gov
2,540,0.000585480093676815,gov
2,719,0.000585480093676815,gov
2,602,0.000585480093676815,gov
2,1199,0.0005820721769499418,news
2,789,0.0005820721769499418,gov
2,590,0.0005820721769499418,gov
2,557,0.0005787037037037037,gov
2,816,0.0005787037037037037,gov
2,825,0.0005787037037037037,gov
2,433,0.0005787037037037037,gov
2,875,0.0005787037037037037,gov
2,1032,0.0005753739930955121,news
2,767,0.0005720823798627002,gov
2,1292,0.0005720823798627002,news
2,138,0.0005688282138794084,reddit
2,36,0.0005688282138794084,reddit
2,1022,0.0005656108597285067,news
2,882,0.000562429696287964,gov
2,1391,0.000562429696287964,news
2,626,0.000562429696287964,gov
2,444,0.0005592841163310962,gov
2,587,0.0005592841163310962,gov
2,603,0.0005561735261401557,gov
2,949,0.0005561735261401557,gov
2,667,0.0005561735261401557,gov
2,762,0.0005530973451327434,gov
2,1403,0.0005530973451327434,news
2,585,0.0005530973451327434,gov
2,818,0.0005470459518599562,gov
2,754,0.0005470459518599562,gov
2,955,0.0005470459518599562,gov
2,726,0.000544069640914037,gov
2,721,0.0005411255411255411,gov
2,8,0.0005411255411255411,reddit
2,800,0.0005382131324004305,gov
2,947,0.0005382131324004305,gov
2,932,0.0005353319057815846,gov
2,454,0.0005296610169491525,gov
2,1165,0.0005296610169491525,news
2,696,0.0005213764337851929,gov
2,633,0.0005159958720330237,gov
2,710,0.0005159958720330237,gov
2,709,0.0005159958720330237,gov
2,1474,0.000513347022587269,news
2,1398,0.0005107252298263534,news
2,1262,0.0005107252298263534,news
2,1311,0.000508130081300813,news
2,1217,0.000508130081300813,news
2,735,0.0005055611729019212,gov
2,1402,0.0005055611729019212,news
2,651,0.0005030181086519115,gov
2,1287,0.0005005005005005005,news
2,1074,0.0005005005005005005,news
2,1075,0.00049800796812749,news
2,743,0.00049800796812749,gov
2,634,0.00049800796812749,gov
2,707,0.00049800796812749,gov
2,639,0.0004955401387512388,gov
2,922,0.0004930966469428008,gov
2,1110,0.0004906771344455348,news
2,1208,0.0004906771344455348,news
2,650,0.00048828125,gov
2,1324,0.00048828125,news
2,1438,0.00048828125,news
2,1416,0.00048590864917395527,news
2,1455,0.00048355899419729207,news
2,1313,0.00048123195380173246,news
2,1127,0.00048123195380173246,news
2,969,0.00047664442326024784,news
2,1121,0.0004743833017077799,news
2,1011,0.00047214353163361664,news
2,1342,0.00046992481203007516,news
2,1009,0.00046992481203007516,news
2,1072,0.00046992481203007516,news
2,1131,0.0004677268475210477,news
2,1214,0.0004677268475210477,news
2,1189,0.0004655493482309125,news
2,194,0.0004655493482309125,reddit
2,1102,0.0004655493482309125,news
2,978,0.0004633920296570899,news
2,75,0.00046125461254612545,reddit
2,646,0.00046125461254612545,gov
2,933,0.0004591368227731864,gov
2,1447,0.0004591368227731864,news
2,1093,0.0004570383912248629,news
2,1457,0.0004570383912248629,news
2,611,0.00045495905368516835,gov
2,1393,0.00045495905368516835,news
2,990,0.00045495905368516835,news
2,525,0.0004528985507246377,gov
2,518,0.0004528985507246377,gov
2,1271,0.0004508566275924256,news
2,152,0.0004488330341113106,reddit
2,745,0.0004488330341113106,gov
2,823,0.0004428697962798937,gov
2,607,0.0004409171075837742,gov
2,1472,0.0004409171075837742,news
2,813,0.0004389815627743635,gov
2,1099,0.0004351610095735422,news
2,488,0.0004332755632582322,gov
2,532,0.0004314063848144953,gov
2,1052,0.0004314063848144953,news
2,1468,0.0004314063848144953,news
2,1340,0.000427715996578272,news
2,561,0.000427715996578272,gov
2,333,0.000427715996578272,reddit
2,985,0.00042589437819420784,news
2,487,0.00042408821034775233,gov
2,1467,0.0004222972972972973,news
2,1037,0.0004222972972972973,news
2,746,0.00042052144659377626,gov
2,496,0.00042052144659377626,gov
2,492,0.0004187604690117253,gov
2,473,0.0004187604690117253,gov
2,962,0.0004170141784820684,news
2,1108,0.0004170141784820684,news
2,491,0.0004152823920265781,gov
2,1440,0.0004152823920265781,news
2,1157,0.00041356492969396195,news
2,780,0.00041186161449752884,gov
2,1280,0.00041017227235438887,news
2,989,0.00041017227235438887,news
2,1463,0.0004084967320261438,news
2,1050,0.0004084967320261438,news
2,1156,0.0004068348250610252,news
2,1020,0.0004051863857374392,news
2,994,0.00040192926045016077,news
2,574,0.00040192926045016077,gov
2,1033,0.000400320256204964,news
2,1142,0.00039872408293460925,news
2,1151,0.00039872408293460925,news
2,511,0.00039872408293460925,gov
2,1397,0.00039872408293460925,news
2,1147,0.00039872408293460925,news
2,1197,0.0003971405877680699,news
2,1018,0.0003971405877680699,news
2,1279,0.0003971405877680699,news
2,1297,0.00039556962025316455,news
2,1004,0.0003940110323089047,news
2,573,0.0003940110323089047,gov
2,1029,0.0003940110323089047,news
2,1395,0.0003924646781789639,news
2,1183,0.0003924646781789639,news
2,1459,0.0003924646781789639,news
2,1411,0.00039093041438623924,news
2,1412,0.0003878975950349108,news
2,1288,0.0003863987635239567,news
2,1125,0.0003863987635239567,news
2,1013,0.0003849114703618168,news
2,1073,0.0003849114703618168,news
2,1242,0.0003834355828220859,news
2,1017,0.000380517503805175,news
2,565,0.000380517503805175,gov
2,1343,0.0003790750568612585,news
2,1315,0.00037764350453172205,news
2,1394,0.0003762227238525207,news
2,1376,0.0003748125937031484,news
2,1257,0.0003734129947722181,news
2,1135,0.0003734129947722181,news
2,1086,0.0003720238095238095,news
2,521,0.0003720238095238095,gov
2,1241,0.00037064492216456633,news
2,1266,0.00037064492216456633,news
2,567,0.00037064492216456633,gov
2,1382,0.0003679175864606328,news
2,1270,0.0003679175864606328,news
2,524,0.0003679175864606328,gov
2,1473,0.00036656891495601173,news
2,984,0.00036258158085569254,news
2,498,0.00036258158085569254,gov
2,577,0.000361271676300578,gov
2,1307,0.0003599712023038157,news
2,1000,0.0003599712023038157,news
2,1008,0.0003586800573888092,news
2,1010,0.00035612535612535614,news
2,1107,0.0003536067892503536,news
2,1041,0.0003536067892503536,news
2,201,0.00035236081747709656,reddit
2,1215,0.00035236081747709656,news
2,1400,0.00035236081747709656,news
2,420,0.00035112359550561797,reddit
2,564,0.00034989503149055286,gov
2,1143,0.0003486750348675035,news
2,575,0.0003486750348675035,gov
2,1305,0.00034746351633078526,news
2,959,0.00034746351633078526,news
2,510,0.0003450655624568668,gov
2,1089,0.000343878954607978,news
2,991,0.000343878954607978,news
2,1261,0.000343878954607978,news
2,1239,0.0003403675970047652,news
2,1116,0.0003403675970047652,news
2,1363,0.0003403675970047652,news
2,1420,0.0003403675970047652,news
2,1396,0.0003403675970047652,news
2,558,0.0003380662609871535,gov
2,1186,0.0003380662609871535,news
2,1207,0.000335795836131632,news
2,1423,0.00033467202141900936,news
2,523,0.0003324468085106383,gov
2,1243,0.0003313452617627568,news
2,1419,0.00033025099075297226,news
2,987,0.0003291639236339697,news
2,1329,0.0003270111183780249,news
2,1174,0.0003270111183780249,news
2,572,0.0003270111183780249,gov
2,576,0.0003259452411994785,gov
2,1274,0.0003238341968911917,news
2,530,0.0003227888960619755,gov
2,1452,0.00032175032175032174,news
2,1173,0.00032175032175032174,news
2,1387,0.0003207184092366902,news
2,1070,0.0003207184092366902,news
2,965,0.00031969309462915604,news
2,1120,0.00031969309462915604,news
2,996,0.00031867431485022306,news
2,1146,0.00031867431485022306,news
2,1273,0.00031665611146295124,news
2,570,0.00031466331025802394,gov
2,1180,0.00031466331025802394,news
2,1435,0.00031466331025802394,news
2,1129,0.00031269543464665416,news
2,1082,0.00031269543464665416,news
2,1080,0.0003107520198881293,news
2,1137,0.0003097893432465923,news
2,471,0.00030883261272390367,gov
2,1149,0.00030883261272390367,news
2,1169,0.0003078817733990148,news
2,1436,0.0003078817733990148,news
2,1145,0.0003078817733990148,news
2,1159,0.00030693677102516884,news
2,578,0.00030599755201958387,gov
2,1077,0.00030599755201958387,news
2,1323,0.0003050640634533252,news
2,1428,0.00030413625304136254,news
2,1103,0.00030321406913280777,news
2,1351,0.0003022974607013301,news
2,973,0.0003022974607013301,news
2,1220,0.0002995805871779509,news
2,1246,0.0002986857825567503,news
2,1366,0.0002969121140142518,news
2,1353,0.0002969121140142518,news
2,1269,0.0002942907592701589,news
2,1083,0.00029342723004694836,news
2,1134,0.0002917152858809802,news
2,1132,0.00029086678301337986,news
2,1162,0.0002900232018561485,news
2,1390,0.0002900232018561485,news
2,1076,0.0002891844997108155,news
2,1317,0.0002875215641173088,news
2,1069,0.00028669724770642203,news
2,1426,0.0002858776443682104,news
2,625,0.0002858776443682104,gov
2,1158,0.0002858776443682104,news
2,1444,0.0002842524161455372,news
2,566,0.0002834467120181406,gov
2,1244,0.0002810567734682406,news
2,619,0.0002802690582959641,gov
2,516,0.00027793218454697053,gov
2,1216,0.0002756339581036384,news
2,1247,0.0002756339581036384,news
2,700,0.0002756339581036384,gov
2,1301,0.0002748763056624519,news
2,1272,0.0002726281352235551,news
2,1062,0.0002726281352235551,news
2,1296,0.0002689618074233459,news
2,170,0.0002682403433476395,reddit
2,1212,0.0002682403433476395,news
2,519,0.00026609898882384245,gov
2,1232,0.00026609898882384245,news
2,1109,0.00026469031233456857,news
2,1045,0.00026191723415400735,news
2,1237,0.0002605523710265764,news
2,1371,0.0002598752598752599,news
2,579,0.0002585315408479835,gov
2,1349,0.0002539360081259523,news
2,1308,0.00025265285497726126,news
2,1205,0.00025201612903225806,news
2,1264,0.0002513826043237808,news
2,1182,0.0002501250625312656,news
2,620,0.00024764735017335313,gov
2,1238,0.00024764735017335313,news
2,623,0.00024764735017335313,gov
2,1191,0.00024764735017335313,news
2,1148,0.0002464268112370626,news
2,1166,0.0002458210422812193,news
2,514,0.0002458210422812193,gov
2,1139,0.0002446183953033268,news
2,1219,0.00024342745861733204,news
2,1163,0.0002428363283147159,news
2,517,0.0002428363283147159,gov
2,986,0.00024224806201550387,news
2,1350,0.00023651844843897824,news
2,531,0.00023596035865974517,gov
2,1360,0.00023485204321277596,news
2,1104,0.0002337540906965872,news
2,1345,0.0002337540906965872,news
2,1210,0.00023212627669452182,news
2,526,0.0002310536044362292,gov
2,1374,0.00022999080036798528,news
2,1303,0.00022893772893772894,news
2,972,0.00022789425706472196,news
2,513,0.00022634676324128565,gov
2,1365,0.0002248201438848921,news
2,1123,0.00022381378692927484,news
2,1245,0.00022232103156958648,news
2,528,0.00021843599825251202,gov
2,1227,0.00021654395842356,news
2,1378,0.000216076058772688,news
2,744,0.00021150592216582066,gov
2,1302,0.0002106149957877001,news
2,1358,0.00020885547201336677,news
2,1328,0.00020374898125509374,news
2,198,0.0002016942315449778,reddit
2,1336,0.00020008003201280514,news
2,1253,0.00019770660340055358,news
2,1320,0.00019538882375928098,news
2,1130,0.00019425019425019428,news
2,549,0.00019349845201238394,gov
2,1337,0.00019349845201238394,news
2,966,0.00018910741301059005,news
2,1362,0.00018559762435040833,news
2,1361,0.00018525379770285293,news
2,1357,0.00018221574344023326,news
2,1306,0.00017927572606669058,news
2,1260,0.00017129153819801305,news
2,1422,0.00017070672584499832,news
2,1226,0.00016644474034620507,news
2,1235,0.00015202189115232596,news
2,981,0.0001506477854775535,news
2,512,0.00014819205690574987,gov
2,527,0.00014351320321469578,gov
2,1310,0.00013815971262779776,news
3,570,0.9977973568281938,gov
3,576,0.9977183833116037,gov
3,558,0.9976335361730899,gov
3,577,0.997471098265896,gov
3,573,0.9972419227738376,gov
3,574,0.9971864951768488,gov
3,575,0.9940725244072525,gov
3,764,0.9940068493150684,gov
3,568,0.9939242315939958,gov
3,886,0.9930555555555556,gov
3,877,0.9910025706940874,gov
3,564,0.9905528341497551,gov
3,563,0.990174672489083,gov
3,666,0.9895209580838323,gov
3,673,0.9890282131661443,gov
3,668,0.9888535031847134,gov
3,804,0.98506151142355,gov
3,765,0.9787066246056783,gov
3,883,0.9498644986449865,gov
3,578,0.9427784577723378,gov
3,788,0.9392744479495267,gov
3,566,0.9384920634920635,gov
3,571,0.9225219573400252,gov
3,572,0.9224983649444082,gov
3,102,0.9204545454545453,reddit
3,567,0.9195700518902891,gov
3,370,0.9102564102564102,reddit
3,873,0.8930976430976431,gov
3,674,0.8920454545454546,gov
3,792,0.877923976608187,gov
3,565,0.8755707762557077,gov
3,772,0.8640873015873015,gov
3,781,0.8519503546099291,gov
3,770,0.8328631875881523,gov
3,937,0.8249318801089918,gov
3,730,0.8237924865831843,gov
3,1035,0.8171487603305785,news
3,767,0.8014874141876429,gov
3,879,0.7752525252525252,gov
3,1014,0.7706953642384106,news
3,466,0.7696850393700788,gov
3,579,0.7680972078593589,gov
3,763,0.7657728706624606,gov
3,797,0.7626903553299493,gov
3,875,0.7586805555555555,gov
3,790,0.7499999999999999,gov
3,1181,0.7397540983606559,news
3,752,0.7381596752368064,gov
3,707,0.7275896414342629,gov
3,800,0.7217438105489773,gov
3,1039,0.7208171206225681,news
3,1038,0.7149532710280373,news
3,759,0.7104187946884576,gov
3,665,0.7087912087912087,gov
3,997,0.6996445497630331,news
3,750,0.697387518142235,gov
3,827,0.6971830985915493,gov
3,805,0.679635761589404,gov
3,447,0.6783854166666667,gov
3,939,0.6758160237388723,gov
3,672,0.674863387978142,gov
3,783,0.6726804123711341,gov
3,676,0.6705685618729098,gov
3,1042,0.6705006765899864,news
3,593,0.6689587426326129,gov
3,803,0.6630794701986754,gov
3,387,0.6607142857142857,reddit
3,1005,0.6569148936170213,news
3,751,0.6551047120418847,gov
3,725,0.6477572559366755,gov
3,598,0.6461424332344212,gov
3,956,0.6455847255369929,gov
3,463,0.643048128342246,gov
3,659,0.633567662565905,gov
3,880,0.6310259579728058,gov
3,760,0.6289267015706805,gov
3,784,0.6275626423690205,gov
3,878,0.6275626423690205,gov
3,334,0.6259920634920635,reddit
3,1036,0.6256067961165048,news
3,209,0.6152694610778443,reddit
3,658,0.6152694610778443,gov
3,747,0.6144219308700833,gov
3,829,0.6115056818181818,gov
3,677,0.6045258620689655,gov
3,63,0.6016949152542372,reddit
3,1022,0.6001131221719457,news
3,1126,0.5942136498516319,news
3,876,0.5891544117647058,gov
3,794,0.5878661087866109,gov
3,889,0.5771276595744681,gov
3,947,0.5764262648008611,gov
3,723,0.5758196721311476,gov
3,1447,0.5743801652892562,news
3,743,0.5682270916334661,gov
3,1003,0.5658082975679541,news
3,1449,0.5641891891891893,news
3,662,0.5570987654320988,gov
3,1009,0.550281954887218,news
3,887,0.5487144790257104,gov
3,769,0.543577981651376,gov
3,745,0.543536804308797,gov
3,1044,0.5416666666666666,news
3,786,0.5363247863247864,gov
3,780,0.535831960461285,gov
3,885,0.5219869706840391,gov
3,596,0.5205314009661836,gov
3,757,0.5109289617486339,gov
3,938,0.5108418367346939,gov
3,1375,0.510705289672544,news
3,816,0.5098379629629629,gov
3,872,0.5091047040971167,gov
3,793,0.5089686098654708,gov
3,1199,0.5069848661233992,news
3,667,0.5066740823136818,gov
3,713,0.5051928783382789,gov
3,1125,0.49497681607418853,news
3,995,0.47846441947565543,news
3,478,0.4776207302709069,gov
3,1097,0.47409909909909914,news
3,943,0.4740259740259741,gov
3,748,0.47139451728247905,gov
3,1010,0.46688034188034183,news
3,624,0.46662030598052845,gov
3,459,0.46254355400696867,gov
3,1281,0.46128170894526027,news
3,454,0.45603813559322026,gov
3,1195,0.4525602409638554,news
3,678,0.45183486238532106,gov
3,1197,0.449166004765687,news
3,945,0.4465478841870824,gov
3,614,0.44635627530364375,gov
3,888,0.44418960244648314,gov
3,255,0.44202898550724634,reddit
3,753,0.4408926417370325,gov
3,776,0.4391771019677997,gov
3,1107,0.4317538896746817,news
3,411,0.42633928571428575,reddit
3,820,0.42331768388106417,gov
3,656,0.42140921409214094,gov
3,774,0.42024539877300615,gov
3,386,0.4191176470588236,reddit
3,942,0.41292134831460675,gov
3,1292,0.4124713958810068,news
3,311,0.4110169491525424,reddit
3,1124,0.4081491712707182,news
3,1358,0.4074770258980785,news
3,882,0.405511811023622,gov
3,955,0.4053610503282275,gov
3,437,0.4024234693877551,gov
3,1183,0.39678178963893246,news
3,270,0.3960573476702509,reddit
3,1444,0.39539511085844226,news
3,669,0.39467005076142136,gov
3,671,0.39086859688195996,gov
3,1208,0.388125613346418,news
3,758,0.3867801047120419,gov
3,559,0.38649851632047477,gov
3,1108,0.38407005838198494,news
3,1002,0.3804898648648648,news
3,1032,0.38032220943613343,news
3,1154,0.3780841799709724,news
3,951,0.3776266996291718,gov
3,1180,0.37476400251730646,news
3,749,0.373015873015873,gov
3,822,0.37062256809338523,gov
3,782,0.3700980392156863,gov
3,316,0.3695652173913043,reddit
3,303,0.3695652173913043,reddit
3,1082,0.3692933083176985,news
3,1095,0.3692628650904033,news
3,420,0.36903089887640445,reddit
3,925,0.36856617647058826,gov
3,944,0.36357947434292864,gov
3,949,0.3620689655172413,gov
3,1169,0.3605295566502463,news
3,1374,0.359015639374425,news
3,1446,0.3585672082717873,news
3,1041,0.3574964639321075,news
3,1465,0.35723815877251497,news
3,795,0.3568548387096774,gov
3,1116,0.3543226684819605,news
3,562,0.35213032581453635,gov
3,950,0.3497723823975721,gov
3,1455,0.34864603481624756,news
3,560,0.3477722772277228,gov
3,799,0.34737827715355807,gov
3,569,0.3453373768006065,gov
3,796,0.3451859956236324,gov
3,789,0.3440046565774156,gov
3,347,0.3426966292134831,reddit
3,778,0.34266169154228854,gov
3,1390,0.34251740139211134,news
3,543,0.3410493827160494,gov
3,1378,0.3394554883318928,news
3,1392,0.33815028901734107,news
3,1213,0.3380149812734083,news
3,660,0.33798882681564246,gov
3,664,0.3375420875420876,gov
3,657,0.337245696400626,gov
3,476,0.3370702541106128,gov
3,1076,0.3328513591671486,news
3,746,0.332632464255677,gov
3,373,0.3317120622568094,reddit
3,775,0.3310055865921787,gov
3,1168,0.3303357314148681,news
3,742,0.3302238805970149,gov
3,1466,0.3299430431244914,news
3,597,0.32975679542203146,gov
3,1120,0.3296035805626598,news
3,1123,0.32923008057296327,news
3,185,0.3275058275058275,reddit
3,1296,0.3257127487896718,news
3,613,0.3226102941176471,gov
3,958,0.3212809917355372,gov
3,762,0.31581858407079644,gov
3,1098,0.3141447368421053,news
3,434,0.3140326975476839,gov
3,289,0.31214689265536727,reddit
3,744,0.31112521150592215,gov
3,1182,0.3054027013506753,news
3,414,0.3032128514056225,reddit
3,993,0.3023184868822452,news
3,661,0.30200501253132833,gov
3,1175,0.29956359102244384,news
3,1121,0.2993358633776091,news
3,643,0.29747774480712164,gov
3,1207,0.29583613163196776,news
3,1079,0.29561696045736063,news
3,946,0.29352850539291214,gov
3,1011,0.29320113314447593,news
3,635,0.2929883138564274,gov
3,675,0.29100145137880984,gov
3,1065,0.2897111913357401,news
3,1351,0.2874848851269649,news
3,801,0.28732106339468305,gov
3,1072,0.28712406015037595,news
3,453,0.28480113636363635,gov
3,814,0.2831325301204819,gov
3,771,0.28189300411522633,gov
3,1046,0.27706812652068125,news
3,331,0.27643171806167405,reddit
3,1210,0.27414113277623026,news
3,922,0.27169625246548323,gov
3,1037,0.27069256756756754,news
3,1472,0.26940035273368607,news
3,1008,0.2693687230989957,news
3,254,0.2650273224043716,reddit
3,766,0.2610146862483311,gov
3,718,0.258587786259542,gov
3,603,0.25639599555061177,gov
3,151,0.256385068762279,reddit
3,251,0.25471698113207547,reddit
3,181,0.25404858299595146,reddit
3,1162,0.2526102088167053,news
3,884,0.2515030060120241,gov
3,452,0.2511737089201878,gov
3,1113,0.2508424599831508,news
3,1287,0.25075075075075076,news
3,940,0.2492897727272727,gov
3,1174,0.24885546108567688,news
3,761,0.24334898278560252,gov
3,833,0.24265975820379967,gov
3,548,0.24152542372881358,gov
3,670,0.24024822695035464,gov
3,461,0.23816155988857943,gov
3,1158,0.23756432246998282,news
3,1395,0.2358712715855573,news
3,1089,0.23418156808803298,news
3,1361,0.23360503890329753,news
3,1191,0.2330361565131253,news
3,773,0.2330246913580247,gov
3,1077,0.2328641370869033,news
3,663,0.23217726396917152,gov
3,1270,0.2321559970566593,news
3,1382,0.2321559970566593,news
3,1279,0.2307386814932486,news
3,1457,0.2289762340036563,news
3,1189,0.22858472998137802,news
3,1156,0.22823433685923514,news
3,1130,0.22746697746697747,news
3,561,0.22711719418306245,gov
3,333,0.22711719418306245,reddit
3,24,0.2270233196159122,reddit
3,1366,0.22595011876484558,news
3,1075,0.224601593625498,news
3,27,0.22452229299363058,reddit
3,1202,0.22397360703812316,news
3,285,0.2225738396624473,reddit
3,1188,0.22236727589208005,news
3,1114,0.22156196943972836,news
3,1100,0.22120559741657697,news
3,903,0.22115384615384617,gov
3,1086,0.21986607142857142,news
3,924,0.21924603174603177,gov
3,1431,0.2190511489992587,news
3,456,0.2186411149825784,gov
3,1290,0.21816770186335402,news
3,895,0.21646341463414634,gov
3,152,0.21588868940754039,reddit
3,1026,0.21450428396572824,news
3,936,0.21428571428571427,gov
3,1282,0.21317427385892115,news
3,890,0.21227080394922426,gov
3,1442,0.21127300613496933,news
3,894,0.20876288659793815,gov
3,823,0.20859167404782994,gov
3,457,0.2077625570776256,gov
3,14,0.20707070707070704,reddit
3,372,0.20607553366174058,reddit
3,473,0.2056113902847571,gov
3,448,0.20439739413680783,gov
3,1171,0.20378745053702654,news
3,590,0.19848661233993015,gov
3,1012,0.19788797061524332,news
3,1340,0.1971770744225834,news
3,953,0.19688768606224627,gov
3,243,0.1962025316455696,reddit
3,595,0.19592198581560286,gov
3,295,0.19444444444444445,reddit
3,1300,0.19340796019900497,news
3,210,0.1916243654822335,reddit
3,817,0.19065343258891645,gov
3,1106,0.19046601111586145,news
3,321,0.1904332129963899,reddit
3,1288,0.18972179289026275,news
3,706,0.189484126984127,gov
3,1462,0.18843151171043293,news
3,802,0.187593423019432,gov
3,1031,0.187593423019432,news
3,798,0.1857638888888889,gov
3,996,0.1851497769279796,news
3,113,0.18452380952380953,reddit
3,716,0.18376068376068375,gov
3,464,0.18208430913348947,gov
3,1301,0.18169323804288068,news
3,1216,0.17943770672546855,news
3,1071,0.1783175355450237,news
3,1467,0.17778716216216217,news
3,654,0.17746686303387335,gov
3,1373,0.1767515923566879,news
3,1274,0.17519430051813473,news
3,133,0.17415730337078653,reddit
3,1437,0.17318757192174913,news
3,1069,0.17230504587155962,news
3,170,0.1719420600858369,reddit
3,1263,0.17189798921039723,news
3,1302,0.17080876158382474,news
3,360,0.17028985507246377,reddit
3,257,0.169831223628692,reddit
3,1167,0.16957414058491532,news
3,1370,0.16897918731417244,news
3,1127,0.16891241578440808,news
3,1173,0.16763191763191762,news
3,1379,0.16565600882028667,news
3,604,0.16523605150214593,gov
3,21,0.16523605150214593,reddit
3,557,0.16261574074074073,gov
3,989,0.16037735849056603,news
3,460,0.1595303867403315,gov
3,298,0.1595303867403315,reddit
3,47,0.15772251308900523,reddit
3,1291,0.1566200215285253,news
3,545,0.15652818991097922,gov
3,824,0.15609452736318408,gov
3,1419,0.15554821664464993,news
3,353,0.15496575342465754,reddit
3,754,0.1537199124726477,gov
3,606,0.15193965517241378,gov
3,1468,0.15142364106988784,news
3,1377,0.15137130801687765,news
3,710,0.1501547987616099,gov
3,779,0.14950980392156862,gov
3,874,0.1492027334851936,gov
3,1278,0.14908056042031523,news
3,277,0.14896755162241887,reddit
3,336,0.14752252252252251,reddit
3,1473,0.1469941348973607,news
3,45,0.14587973273942093,reddit
3,327,0.1449165402124431,reddit
3,1151,0.14393939393939395,news
3,1112,0.1438821752265861,news
3,121,0.14276485788113694,reddit
3,408,0.14271255060728744,reddit
3,216,0.14267352185089974,reddit
3,1261,0.14133425034387895,news
3,397,0.1402439024390244,reddit
3,948,0.1402439024390244,gov
3,825,0.1394675925925926,gov
3,1163,0.13865954346770276,news
3,1084,0.13787185354691076,news
3,369,0.13701923076923078,reddit
3,398,0.13427299703264095,reddit
3,258,0.13421828908554573,reddit
3,1201,0.13407181054239878,news
3,1293,0.13310685608400247,news
3,840,0.1327639751552795,gov
3,908,0.13151041666666666,gov
3,881,0.12959558823529413,gov
3,1030,0.12620889748549324,news
3,1435,0.1261799874134676,news
3,194,0.12616387337057727,reddit
3,487,0.12340966921119594,gov
3,451,0.12265917602996254,gov
3,273,0.12265917602996254,reddit
3,1087,0.1220222339862361,news
3,1348,0.12195863746958638,news
3,1205,0.12121975806451613,news
3,483,0.12099358974358974,gov
3,689,0.12074829931972789,gov
3,1203,0.12074829931972789,news
3,1166,0.12069813176007867,news
3,1273,0.12064597846738442,news
3,1159,0.120012277470841,news
3,54,0.11908517350157728,reddit
3,358,0.11833688699360341,reddit
3,286,0.11773255813953488,reddit
3,1165,0.11705508474576272,news
3,108,0.11670353982300885,reddit
3,1456,0.11617458279845956,news
3,640,0.11613475177304965,gov
3,740,0.11604584527220631,gov
3,429,0.11591103507271172,gov
3,154,0.11545801526717557,reddit
3,186,0.11511423550087874,reddit
3,7,0.11488673139158576,reddit
3,1253,0.11486753657572163,news
3,1310,0.11481072119369992,news
3,1311,0.11229674796747968,news
3,421,0.11224489795918367,reddit
3,90,0.11224489795918367,reddit
3,719,0.11182669789227166,gov
3,153,0.11141304347826086,reddit
3,646,0.11116236162361624,gov
3,1080,0.10907395898073338,news
3,339,0.10790273556231003,reddit
3,1352,0.10683364254792826,news
3,999,0.10635226179018287,news
3,954,0.1063268892794376,gov
3,625,0.10606060606060606,gov
3,818,0.10448577680525165,gov
3,811,0.10428176795580109,gov
3,975,0.10286103542234332,news
3,986,0.10198643410852713,news
3,301,0.10185185185185186,reddit
3,157,0.10185185185185186,reddit
3,813,0.10140474100087797,gov
3,1074,0.1006006006006006,news
3,1013,0.10046189376443418,news
3,952,0.09752747252747253,gov
3,994,0.09686495176848875,news
3,338,0.09674202127659574,reddit
3,1148,0.09635288319369148,news
3,150,0.09531348955034832,reddit
3,1359,0.0941213258286429,news
3,81,0.09322033898305085,reddit
3,1369,0.09299954689623924,news
3,75,0.09271217712177122,reddit
3,198,0.09096409842678499,reddit
3,1192,0.09044471153846154,news
3,141,0.09020044543429843,reddit
3,607,0.08862433862433862,gov
3,616,0.08685446009389672,gov
3,1260,0.08581706063720453,news
3,134,0.08473389355742296,reddit
3,1299,0.0840834697217676,news
3,1246,0.08393070489844684,news
3,984,0.08375634517766498,news
3,175,0.08367768595041322,reddit
3,77,0.0836092715231788,reddit
3,474,0.0835635359116022,gov
3,941,0.08348708487084872,gov
3,1436,0.08343596059113301,news
3,472,0.08299039780521261,gov
3,700,0.08296582138919514,gov
3,1088,0.08279139569784892,news
3,1471,0.0821710127349909,news
3,1217,0.0818089430894309,news
3,1020,0.08144246353322529,news
3,135,0.0811623246492986,reddit
3,529,0.08055152394775035,gov
3,1061,0.08038692461641095,news
3,785,0.07997118155619595,gov
3,389,0.07956777996070727,reddit
3,1004,0.07919621749408984,news
3,350,0.07883522727272727,reddit
3,1386,0.07852221430268472,news
3,446,0.07835820895522388,gov
3,1463,0.07802287581699346,news
3,190,0.07734204793028322,reddit
3,23,0.0765993265993266,reddit
3,307,0.07655954631379962,reddit
3,1045,0.07621791513881614,news
3,1384,0.07602973056673894,news
3,462,0.07561307901907356,gov
3,441,0.0745721271393643,gov
3,388,0.07432432432432433,reddit
3,1372,0.07420798898071626,news
3,162,0.07259713701431493,reddit
3,923,0.07245080500894455,gov
3,41,0.07242990654205608,reddit
3,260,0.0721830985915493,reddit
3,1196,0.07182923028980992,news
3,264,0.07120500782472614,reddit
3,900,0.07103064066852367,gov
3,1407,0.0708245243128964,news
3,1280,0.0701394585726005,news
3,1228,0.06922804532577904,news
3,534,0.06910569105691057,gov
3,182,0.06856187290969899,reddit
3,1445,0.06777856635911994,news
3,837,0.06776556776556776,gov
3,444,0.06767337807606263,gov
3,865,0.06743421052631579,gov
3,193,0.06743421052631579,reddit
3,964,0.06724845995893224,news
3,1119,0.06688262195121952,news
3,1024,0.06657223796033994,news
3,128,0.06647940074906367,reddit
3,188,0.06640625,reddit
3,423,0.06640625,reddit
3,440,0.06623931623931624,gov
3,220,0.06547619047619048,reddit
3,469,0.0643879173290938,gov
3,1347,0.06433037183283975,news
3,1337,0.06404798761609908,news
3,1001,0.06327160493827161,news
3,79,0.06179775280898877,reddit
3,584,0.06174089068825911,gov
3,1428,0.06113138686131387,news
3,379,0.05992141453831041,reddit
3,910,0.05976430976430976,gov
3,125,0.05865921787709498,reddit
3,400,0.05808656036446469,reddit
3,532,0.05651423641069887,gov
3,1235,0.05640012161751293,news
3,1034,0.056271477663230235,news
3,791,0.05616740088105727,gov
3,1234,0.05571761960326722,news
3,957,0.055218446601941744,gov
3,538,0.0548854041013269,gov
3,1103,0.054881746513038204,news
3,537,0.05466751918158568,gov
3,721,0.05465367965367965,gov
3,120,0.05437100213219616,reddit
3,364,0.053869499241274654,reddit
3,60,0.053602811950790856,reddit
3,346,0.05323590814196242,reddit
3,15,0.05323590814196242,reddit
3,768,0.05214723926380368,gov
3,1365,0.051933453237410075,news
3,621,0.04945054945054945,gov
3,608,0.048977395048439176,gov
3,787,0.048926014319809065,gov
3,1259,0.04848617814831067,news
3,1350,0.04754020813623463,news
3,1269,0.04738081224249559,news
3,913,0.04708222811671087,gov
3,1443,0.04665242165242165,news
3,221,0.046218487394957986,reddit
3,1303,0.04601648351648352,news
3,1220,0.04523666866387058,news
3,1257,0.04518297236743839,news
3,481,0.044848035581912526,gov
3,405,0.04466230936819172,reddit
3,477,0.04459064327485379,gov
3,1283,0.04443976411120472,news
3,535,0.04418103448275862,gov
3,4,0.04404145077720207,reddit
3,977,0.04393305439330544,news
3,1132,0.04392088423502036,news
3,173,0.04371002132196162,reddit
3,1021,0.043655097613882865,news
3,1317,0.04341575618171362,news
3,1354,0.04309475806451613,news
3,300,0.04263565891472868,reddit
3,1424,0.042570951585976624,news
3,509,0.042127071823204416,gov
3,516,0.04196775986659255,gov
3,85,0.041922290388548056,reddit
3,715,0.04187192118226601,gov
3,354,0.040897097625329816,reddit
3,1145,0.040332512315270935,news
3,1345,0.03997194950911641,news
3,130,0.03956834532374101,reddit
3,1136,0.039257981018119066,news
3,588,0.03865652724968314,gov
3,1305,0.03856845031271716,news
3,510,0.038302277432712216,gov
3,988,0.0382147024504084,news
3,9,0.03819444444444445,reddit
3,1193,0.03810354857475276,news
3,1186,0.037525354969574036,news
3,893,0.0369718309859155,gov
3,1441,0.03667262969588551,news
3,28,0.03540587219343696,reddit
3,144,0.03451178451178451,reddit
3,1275,0.03449347420758235,news
3,106,0.03398058252427185,reddit
3,1295,0.03350760456273764,news
3,1102,0.033054003724394786,news
3,1233,0.032957244655581946,news
3,697,0.032334384858044164,gov
3,1427,0.032081377151799685,news
3,57,0.03169734151329243,reddit
3,959,0.031619179986101455,news
3,868,0.031376518218623486,gov
3,1474,0.03131416837782341,news
3,1276,0.03093462044756472,news
3,1190,0.03087349397590361,news
3,438,0.03072625698324023,gov
3,371,0.02989130434782609,reddit
3,720,0.029497098646034812,gov
3,755,0.028913963328631873,gov
3,156,0.028846153846153848,reddit
3,1385,0.028618732261116366,news
3,1131,0.028531337698783906,news
3,815,0.02845528455284553,gov
3,204,0.028233151183970857,reddit
3,471,0.02810376775787523,gov
3,237,0.027728085867620753,reddit
3,732,0.02736982643524699,gov
3,921,0.02700348432055749,gov
3,1109,0.02673372154579142,news
3,315,0.026315789473684213,reddit
3,1371,0.026247401247401245,news
3,1070,0.025978191148171903,news
3,714,0.02581863979848866,gov
3,981,0.02576077131666165,news
3,1367,0.025040387722132473,news
3,612,0.025040387722132473,gov
3,1421,0.02466990965948575,news
3,1328,0.02465362673186634,news
3,377,0.02455357142857143,reddit
3,43,0.02455357142857143,reddit
3,1206,0.024530271398747392,news
3,605,0.024256651017214397,gov
3,433,0.02372685185185185,gov
3,416,0.023504273504273508,reddit
3,860,0.02266081871345029,gov
3,726,0.022306855277475515,gov
3,932,0.021948608137044964,gov
3,904,0.020833333333333336,gov
3,67,0.020833333333333336,reddit
3,269,0.020833333333333336,reddit
3,382,0.020833333333333336,reddit
3,1258,0.0207383773928897,news
3,1416,0.019922254616132163,news
3,619,0.01989910313901345,gov
3,729,0.01952141057934509,gov
3,91,0.019301470588235295,reddit
3,161,0.018783542039355994,reddit
3,594,0.018453427065026364,gov
3,1081,0.018364928909952605,news
3,722,0.018092105263157895,gov
3,1134,0.01779463243873979,news
3,896,0.01724137931034483,gov
3,236,0.017241379310344827,reddit
3,699,0.017241379310344827,gov
3,38,0.017241379310344827,reddit
3,850,0.01710097719869707,gov
3,892,0.01710097719869707,gov
3,1243,0.016898608349900594,news
3,1040,0.016693163751987282,news
3,1094,0.016545601291364002,news
3,858,0.016545601291364002,gov
3,513,0.01607062019013128,gov
3,180,0.015988372093023256,reddit
3,1339,0.015819964349376114,news
3,1137,0.015799256505576207,news
3,1264,0.015334338863750628,news
3,1200,0.015210991167811579,news
3,629,0.015021459227467811,gov
3,498,0.014865844815083393,gov
3,542,0.014705882352941176,gov
3,525,0.014039855072463768,gov
3,610,0.013784461152882206,gov
3,1425,0.01365409622886866,news
3,499,0.013613861386138616,gov
3,1133,0.013535031847133757,news
3,304,0.013285024154589374,reddit
3,1240,0.013091216216216216,news
3,919,0.012820512820512822,gov
3,249,0.012820512820512822,reddit
3,366,0.012820512820512822,reddit
3,547,0.01282051282051282,gov
3,82,0.01238738738738739,reddit
3,1029,0.012214342001576044,news
3,211,0.01198257080610022,reddit
3,961,0.01193225558121632,news
3,1399,0.01185344827586207,news
3,1250,0.011838440111420611,news
3,856,0.011727078891257996,gov
3,1403,0.01161504424778761,news
3,1405,0.011603375527426161,news
3,362,0.011363636363636364,reddit
3,235,0.011363636363636364,reddit
3,1247,0.011300992282249171,news
3,127,0.010912698412698414,reddit
3,1047,0.01082365364308342,news
3,363,0.010805500982318273,reddit
3,20,0.010700389105058368,reddit
3,1414,0.010700389105058368,news
3,218,0.010700389105058368,reddit
3,248,0.010597302504816957,reddit
3,898,0.010496183206106872,gov
3,207,0.010496183206106872,reddit
3,325,0.01020408163265306,reddit
3,368,0.01020408163265306,reddit
3,1060,0.010083036773428231,news
3,33,0.00975177304964539,reddit
3,1346,0.009580964413560749,news
3,131,0.009499136442141624,reddit
3,482,0.009499136442141624,gov
3,30,0.009417808219178083,reddit
3,553,0.009417808219178083,gov
3,717,0.009337860780984721,gov
3,641,0.009337860780984721,gov
3,19,0.00925925925925926,reddit
3,276,0.00925925925925926,reddit
3,50,0.009259259259259259,reddit
3,404,0.009259259259259259,reddit
3,288,0.009259259259259259,reddit
3,87,0.009259259259259259,reddit
3,259,0.009259259259259259,reddit
3,1306,0.00914306202940122,news
3,345,0.008957654723127036,reddit
3,843,0.008957654723127036,gov
3,1209,0.008943781942078365,news
3,583,0.008675078864353314,gov
3,195,0.008540372670807454,reddit
3,225,0.00847457627118644,reddit
3,139,0.00847457627118644,reddit
3,101,0.00847457627118644,reddit
3,402,0.00847457627118644,reddit
3,107,0.00847457627118644,reddit
3,1459,0.008241758241758242,news
3,930,0.008100147275405008,gov
3,1380,0.008052147239263804,news
3,118,0.007982583454281567,reddit
3,1364,0.007872503840245775,news
3,406,0.0078125,reddit
3,308,0.0078125,reddit
3,396,0.0078125,reddit
3,100,0.0078125,reddit
3,160,0.007493188010899182,reddit
3,589,0.007442489851150203,gov
3,1177,0.007322175732217573,news
3,1111,0.007294429708222812,news
3,484,0.007294429708222812,gov
3,292,0.007246376811594203,reddit
3,392,0.007246376811594203,reddit
3,417,0.007246376811594203,reddit
3,202,0.007246376811594203,reddit
3,1140,0.007075471698113208,news
3,2,0.006756756756756757,reddit
3,104,0.006756756756756757,reddit
3,98,0.006756756756756757,reddit
3,176,0.006756756756756757,reddit
3,1227,0.0067128627111303595,news
3,1323,0.006406345332519829,news
3,323,0.006329113924050633,reddit
3,155,0.006329113924050633,reddit
3,97,0.006329113924050633,reddit
3,1391,0.006186726659167604,news
3,1426,0.006003430531732418,news
3,1155,0.005952380952380953,news
3,17,0.005952380952380952,reddit
3,169,0.005952380952380952,reddit
3,26,0.005952380952380952,reddit
3,0,0.0056179775280898875,reddit
3,74,0.0056179775280898875,reddit
3,911,0.0056179775280898875,gov
3,228,0.005319148936170213,reddit
3,916,0.005193578847969783,gov
3,1341,0.005177020708082833,news
3,517,0.005099562894609034,gov
3,208,0.005050505050505051,reddit
3,990,0.005004549590536852,news
3,355,0.004807692307692308,reddit
3,1284,0.004807692307692308,news
3,282,0.004807692307692308,reddit
3,167,0.004807692307692308,reddit
3,1388,0.004786771105308964,news
3,1052,0.004745470232959448,news
3,899,0.0045871559633027525,gov
3,380,0.0045871559633027525,reddit
3,105,0.0045871559633027525,reddit
3,376,0.0045871559633027525,reddit
3,490,0.0043859649122807015,gov
3,1147,0.0043859649122807015,news
3,497,0.0043859649122807015,gov
3,494,0.0043859649122807015,gov
3,58,0.0043859649122807015,reddit
3,508,0.0043859649122807015,gov
3,504,0.0043859649122807015,gov
3,505,0.0043859649122807015,gov
3,507,0.0043859649122807015,gov
3,205,0.0043859649122807015,reddit
3,233,0.0043859649122807015,reddit
3,199,0.0043859649122807015,reddit
3,992,0.004300234558248632,news
3,61,0.004201680672268907,reddit
3,241,0.004201680672268907,reddit
3,246,0.004201680672268907,reddit
3,48,0.004201680672268907,reddit
3,1304,0.00407925407925408,news
3,103,0.004032258064516129,reddit
3,279,0.003875968992248062,reddit
3,929,0.003875968992248062,gov
3,1239,0.0037440435670524166,news
3,349,0.0037313432835820895,reddit
3,177,0.0037313432835820895,reddit
3,500,0.0036813922356091033,gov
3,1096,0.0036208031599736673,news
3,197,0.0035971223021582736,reddit
3,1248,0.0035853976531942636,news
3,1122,0.0035737491877842757,news
3,1387,0.0035279025016035923,news
3,1318,0.003483742534837426,news
3,777,0.0034722222222222225,gov
3,343,0.0034722222222222225,reddit
3,410,0.0034722222222222225,reddit
3,731,0.0034722222222222225,gov
3,324,0.0034722222222222225,reddit
3,1129,0.0034396497811131957,news
3,906,0.003355704697986577,gov
3,266,0.003246753246753247,reddit
3,1331,0.0032317636195752543,news
3,1229,0.003208868144690782,news
3,70,0.0031446540880503146,reddit
3,391,0.0031446540880503146,reddit
3,418,0.0031446540880503146,reddit
3,184,0.0031446540880503146,reddit
3,143,0.0031446540880503146,reddit
3,351,0.0031446540880503146,reddit
3,1289,0.0031091011871113624,news
3,1298,0.003057254030016676,news
3,835,0.0030487804878048786,gov
3,848,0.0030487804878048786,gov
3,164,0.0030487804878048786,reddit
3,844,0.0030487804878048786,gov
3,432,0.0030487804878048786,gov
3,1272,0.0029989094874591058,news
3,320,0.002958579881656805,reddit
3,693,0.002958579881656805,gov
3,357,0.002958579881656805,reddit
3,71,0.002958579881656805,reddit
3,117,0.002873563218390805,reddit
3,196,0.002873563218390805,reddit
3,56,0.002873563218390805,reddit
3,836,0.0027932960893854754,gov
3,393,0.0027932960893854754,reddit
3,832,0.0027932960893854754,gov
3,830,0.0027932960893854754,gov
3,828,0.0027932960893854754,gov
3,847,0.0027932960893854754,gov
3,533,0.002724120851906885,gov
3,145,0.0027173913043478264,reddit
3,224,0.0027173913043478264,reddit
3,399,0.0027173913043478264,reddit
3,191,0.0027173913043478264,reddit
3,428,0.002645502645502646,gov
3,407,0.002645502645502646,reddit
3,252,0.002645502645502646,reddit
3,1312,0.002620295378751787,news
3,581,0.0025773195876288664,gov
3,439,0.0025773195876288664,gov
3,245,0.0025773195876288664,reddit
3,733,0.0025125628140703522,gov
3,724,0.0025125628140703522,gov
3,1118,0.002450980392156863,news
3,1043,0.002392344497607656,news
3,694,0.002392344497607656,gov
3,679,0.002392344497607656,gov
3,330,0.0023364485981308414,reddit
3,1101,0.0022831050228310505,news
3,442,0.0022831050228310505,gov
3,329,0.0022321428571428575,reddit
3,701,0.0022321428571428575,gov
3,326,0.0021834061135371182,reddit
3,217,0.002136752136752137,reddit
3,1268,0.0021326095385808454,news
3,212,0.002092050209205021,reddit
3,901,0.0020491803278688526,gov
3,915,0.0020491803278688526,gov
3,698,0.0020080321285140565,gov
3,51,0.0020080321285140565,reddit
3,687,0.0020080321285140565,gov
3,52,0.0020080321285140565,reddit
3,313,0.0019685039370078744,reddit
3,244,0.0019685039370078744,reddit
3,458,0.0019685039370078744,gov
3,839,0.0018939393939393942,gov
3,1222,0.0018939393939393942,news
3,318,0.001858736059479554,reddit
3,1068,0.0018339446482160723,news
3,960,0.0018248175182481753,news
3,736,0.0018248175182481753,gov
3,983,0.0018248175182481753,news
3,78,0.001792114695340502,reddit
3,891,0.001792114695340502,gov
3,445,0.0017605633802816904,gov
3,1091,0.0017605633802816904,news
3,215,0.0017605633802816904,reddit
3,192,0.0017605633802816904,reddit
3,907,0.001730103806228374,gov
3,727,0.001730103806228374,gov
3,502,0.001730103806228374,gov
3,247,0.001730103806228374,reddit
3,66,0.0016447368421052633,reddit
3,455,0.0016181229773462784,gov
3,967,0.0015923566878980893,news
3,200,0.0015673981191222572,reddit
3,231,0.0015673981191222572,reddit
3,86,0.0015673981191222572,reddit
3,183,0.00154320987654321,reddit
3,728,0.0015197568389057753,gov
3,926,0.0014534883720930235,gov
3,302,0.0014326647564469916,reddit
3,5,0.0014326647564469916,reddit
3,897,0.0014326647564469916,gov
3,982,0.0014124293785310737,news
3,219,0.0013927576601671311,reddit
3,806,0.0013736263736263737,gov
3,807,0.0013736263736263737,gov
3,812,0.0013550135501355016,gov
3,809,0.0013550135501355016,gov
3,59,0.0013550135501355016,reddit
3,971,0.0013368983957219253,news
3,586,0.0013192612137203168,gov
3,1138,0.0013020833333333335,news
3,309,0.0013020833333333335,reddit
3,866,0.0012853470437017996,gov
3,1334,0.0012853470437017996,news
3,544,0.0012853470437017996,gov
3,34,0.0012853470437017996,reddit
3,857,0.001269035532994924,gov
3,934,0.001269035532994924,gov
3,909,0.0012531328320802006,gov
3,1432,0.0012376237623762376,news
3,425,0.0012376237623762376,reddit
3,328,0.0012224938875305626,reddit
3,413,0.001207729468599034,reddit
3,378,0.001207729468599034,reddit
3,917,0.001207729468599034,gov
3,172,0.0011933174224343676,reddit
3,493,0.0011933174224343676,gov
3,222,0.0011933174224343676,reddit
3,256,0.0011933174224343676,reddit
3,450,0.001179245283018868,gov
3,203,0.001179245283018868,reddit
3,319,0.001179245283018868,reddit
3,580,0.001179245283018868,gov
3,691,0.0011655011655011655,gov
3,846,0.001152073732718894,gov
3,1448,0.0011389521640091118,news
3,126,0.0011389521640091118,reddit
3,495,0.0011261261261261261,gov
3,171,0.0011261261261261261,reddit
3,652,0.0011261261261261261,gov
3,1330,0.0011261261261261261,news
3,831,0.0011261261261261261,gov
3,178,0.00111358574610245,reddit
3,653,0.00111358574610245,gov
3,863,0.00111358574610245,gov
3,163,0.0011013215859030838,reddit
3,227,0.0011013215859030838,reddit
3,132,0.0010893246187363835,reddit
3,871,0.0010893246187363835,gov
3,124,0.0010893246187363835,reddit
3,465,0.0010775862068965517,gov
3,501,0.0010775862068965517,gov
3,29,0.0010775862068965517,reddit
3,704,0.0010660980810234544,gov
3,166,0.0010660980810234544,reddit
3,348,0.0010660980810234544,reddit
3,642,0.0010660980810234544,gov
3,851,0.0010660980810234544,gov
3,18,0.0010660980810234544,reddit
3,262,0.0010660980810234544,reddit
3,22,0.0010548523206751056,reddit
3,861,0.0010548523206751056,gov
3,146,0.0010438413361169103,reddit
3,111,0.0010438413361169103,reddit
3,6,0.0010330578512396695,reddit
3,137,0.0010330578512396695,reddit
3,229,0.0010224948875255625,reddit
3,99,0.0010224948875255625,reddit
3,148,0.0010224948875255625,reddit
3,536,0.0010121457489878543,gov
3,385,0.0010121457489878543,reddit
3,582,0.0010121457489878543,gov
3,539,0.0010121457489878543,gov
3,739,0.0010121457489878543,gov
3,158,0.0010121457489878543,reddit
3,174,0.0010121457489878543,reddit
3,686,0.0010020040080160322,gov
3,129,0.0010020040080160322,reddit
3,390,0.0010020040080160322,reddit
3,25,0.0010020040080160322,reddit
3,692,0.0010020040080160322,gov
3,223,0.0010020040080160322,reddit
3,294,0.0009920634920634922,reddit
3,601,0.0009920634920634922,gov
3,361,0.000982318271119843,reddit
3,1059,0.000982318271119843,news
3,849,0.000982318271119843,gov
3,296,0.000982318271119843,reddit
3,283,0.000982318271119843,reddit
3,226,0.000982318271119843,reddit
3,274,0.000982318271119843,reddit
3,40,0.000982318271119843,reddit
3,250,0.000982318271119843,reddit
3,381,0.000982318271119843,reddit
3,92,0.000982318271119843,reddit
3,253,0.000972762645914397,reddit
3,1172,0.000972762645914397,news
3,37,0.000972762645914397,reddit
3,32,0.000972762645914397,reddit
3,305,0.000972762645914397,reddit
3,711,0.000972762645914397,gov
3,64,0.000972762645914397,reddit
3,62,0.000972762645914397,reddit
3,230,0.000972762645914397,reddit
3,618,0.0009633911368015415,gov
3,974,0.0009633911368015415,news
3,401,0.0009633911368015415,reddit
3,114,0.0009633911368015415,reddit
3,859,0.0009633911368015415,gov
3,232,0.0009633911368015415,reddit
3,73,0.0009541984732824428,reddit
3,94,0.0009541984732824428,reddit
3,109,0.0009541984732824428,reddit
3,136,0.0009541984732824428,reddit
3,287,0.0009541984732824428,reddit
3,159,0.0009541984732824428,reddit
3,703,0.0009541984732824428,gov
3,93,0.0009541984732824428,reddit
3,541,0.0009541984732824428,gov
3,551,0.000945179584120983,gov
3,591,0.000945179584120983,gov
3,65,0.000945179584120983,reddit
3,306,0.000945179584120983,reddit
3,648,0.000945179584120983,gov
3,110,0.000945179584120983,reddit
3,261,0.000945179584120983,reddit
3,189,0.000945179584120983,reddit
3,88,0.0009363295880149814,reddit
3,206,0.0009363295880149814,reddit
3,855,0.0009363295880149814,gov
3,412,0.0009363295880149814,reddit
3,424,0.0009363295880149814,reddit
3,419,0.0009363295880149814,reddit
3,284,0.0009363295880149814,reddit
3,688,0.000927643784786642,gov
3,271,0.000927643784786642,reddit
3,359,0.000927643784786642,reddit
3,68,0.000927643784786642,reddit
3,239,0.000927643784786642,reddit
3,617,0.000927643784786642,gov
3,149,0.000927643784786642,reddit
3,42,0.000927643784786642,reddit
3,682,0.000927643784786642,gov
3,599,0.0009191176470588236,gov
3,841,0.0009191176470588236,gov
3,332,0.0009191176470588236,reddit
3,383,0.0009191176470588236,reddit
3,403,0.0009191176470588236,reddit
3,808,0.0009107468123861568,gov
3,44,0.0009107468123861568,reddit
3,681,0.0009107468123861568,gov
3,838,0.0009025270758122744,gov
3,685,0.0009025270758122744,gov
3,119,0.0009025270758122744,reddit
3,10,0.0009025270758122744,reddit
3,684,0.0009025270758122744,gov
3,263,0.0009025270758122744,reddit
3,468,0.0009025270758122744,gov
3,352,0.0009025270758122744,reddit
3,415,0.0009025270758122744,reddit
3,337,0.000894454382826476,reddit
3,630,0.000894454382826476,gov
3,556,0.000894454382826476,gov
3,49,0.000894454382826476,reddit
3,83,0.000894454382826476,reddit
3,310,0.0008865248226950355,reddit
3,344,0.0008865248226950355,reddit
3,165,0.0008865248226950355,reddit
3,322,0.0008865248226950355,reddit
3,272,0.0008787346221441125,reddit
3,920,0.0008787346221441125,gov
3,265,0.0008787346221441125,reddit
3,1381,0.0008710801393728224,news
3,147,0.0008710801393728224,reddit
3,142,0.0008710801393728224,reddit
3,340,0.0008710801393728224,reddit
3,312,0.0008710801393728224,reddit
3,869,0.0008710801393728224,gov
3,290,0.0008635578583765113,reddit
3,870,0.0008635578583765113,gov
3,179,0.0008635578583765113,reddit
3,53,0.0008635578583765113,reddit
3,293,0.0008635578583765113,reddit
3,367,0.0008635578583765113,reddit
3,365,0.0008561643835616439,reddit
3,69,0.0008561643835616439,reddit
3,240,0.0008561643835616439,reddit
3,647,0.0008561643835616439,gov
3,275,0.0008561643835616439,reddit
3,712,0.0008561643835616439,gov
3,3,0.0008561643835616439,reddit
3,76,0.0008488964346349746,reddit
3,486,0.0008488964346349746,gov
3,853,0.0008488964346349746,gov
3,335,0.0008488964346349746,reddit
3,341,0.0008417508417508418,reddit
3,291,0.0008417508417508418,reddit
3,31,0.0008417508417508418,reddit
3,409,0.0008417508417508418,reddit
3,317,0.0008347245409015025,reddit
3,649,0.0008347245409015025,gov
3,645,0.0008347245409015025,gov
3,479,0.000827814569536424,gov
3,297,0.000827814569536424,reddit
3,485,0.000827814569536424,gov
3,467,0.000827814569536424,gov
3,95,0.000827814569536424,reddit
3,123,0.000827814569536424,reddit
3,187,0.000827814569536424,reddit
3,862,0.0008210180623973728,gov
3,555,0.0008210180623973728,gov
3,905,0.0008210180623973728,gov
3,480,0.0008210180623973728,gov
3,35,0.0008143322475570033,reddit
3,374,0.0008143322475570033,reddit
3,819,0.0008077544426494346,gov
3,342,0.0008077544426494346,reddit
3,475,0.0008012820512820514,gov
3,268,0.0008012820512820514,reddit
3,628,0.0008012820512820514,gov
3,84,0.000794912559618442,reddit
3,11,0.000794912559618442,reddit
3,16,0.000794912559618442,reddit
3,356,0.000794912559618442,reddit
3,931,0.000794912559618442,gov
3,214,0.000794912559618442,reddit
3,39,0.000794912559618442,reddit
3,546,0.0007886435331230285,gov
3,852,0.0007886435331230285,gov
3,122,0.0007886435331230285,reddit
3,238,0.0007886435331230285,reddit
3,13,0.0007886435331230285,reddit
3,140,0.0007886435331230285,reddit
3,470,0.000782472613458529,gov
3,918,0.000782472613458529,gov
3,552,0.000782472613458529,gov
3,1450,0.000782472613458529,news
3,550,0.000782472613458529,gov
3,395,0.000782472613458529,reddit
3,314,0.0007763975155279503,reddit
3,600,0.0007763975155279503,gov
3,631,0.0007763975155279503,gov
3,1415,0.0007763975155279503,news
3,55,0.0007704160246533128,reddit
3,854,0.0007704160246533128,gov
3,213,0.0007704160246533128,reddit
3,902,0.0007704160246533128,gov
3,278,0.0007704160246533128,reddit
3,503,0.0007704160246533128,gov
3,655,0.0007645259938837921,gov
3,927,0.0007645259938837921,gov
3,756,0.0007587253414264037,gov
3,115,0.0007587253414264037,reddit
3,449,0.0007587253414264037,gov
3,242,0.000753012048192771,reddit
3,281,0.000753012048192771,reddit
3,280,0.000753012048192771,reddit
3,737,0.000753012048192771,gov
3,1453,0.000753012048192771,news
3,867,0.000753012048192771,gov
3,1406,0.000753012048192771,news
3,375,0.0007473841554559044,reddit
3,826,0.0007473841554559044,gov
3,430,0.0007473841554559044,gov
3,810,0.000741839762611276,gov
3,234,0.000741839762611276,reddit
3,168,0.000741839762611276,reddit
3,821,0.000741839762611276,gov
3,520,0.0007363770250368188,gov
3,609,0.0007363770250368188,gov
3,636,0.0007363770250368188,gov
3,299,0.0007309941520467836,reddit
3,741,0.000725689404934688,gov
3,627,0.000725689404934688,gov
3,695,0.000725689404934688,gov
3,267,0.000725689404934688,reddit
3,1460,0.000725689404934688,news
3,426,0.0007204610951008645,reddit
3,427,0.0007204610951008645,gov
3,522,0.000715307582260372,gov
3,644,0.0007102272727272727,gov
3,112,0.0007102272727272727,reddit
3,680,0.0007002801120448179,gov
3,96,0.0007002801120448179,reddit
3,683,0.0006954102920723226,gov
3,690,0.0006954102920723226,gov
3,46,0.0006906077348066298,reddit
3,1221,0.0006906077348066298,news
3,968,0.0006720430107526881,news
3,914,0.0006720430107526881,gov
3,912,0.0006720430107526881,gov
3,12,0.000663129973474801,reddit
3,422,0.000663129973474801,reddit
3,632,0.000663129973474801,gov
3,738,0.000663129973474801,gov
3,489,0.0006587615283267457,gov
3,702,0.0006587615283267457,gov
3,842,0.0006544502617801048,gov
3,615,0.0006501950585175553,gov
3,116,0.0006501950585175553,reddit
3,622,0.0006459948320413437,gov
3,1179,0.0006459948320413437,news
3,435,0.0006459948320413437,gov
3,592,0.0006459948320413437,gov
3,1451,0.0006377551020408163,news
3,89,0.0006377551020408163,reddit
3,637,0.0006337135614702154,gov
3,443,0.0006180469715698393,gov
3,705,0.0006142506142506142,gov
3,928,0.0006142506142506142,gov
3,80,0.0006105006105006105,reddit
3,1,0.0006105006105006105,reddit
3,436,0.0006031363088057901,gov
3,935,0.0005959475566150178,gov
3,1418,0.0005959475566150178,news
3,1409,0.0005924170616113745,news
3,1475,0.0005924170616113745,news
3,394,0.0005924170616113745,reddit
3,602,0.000585480093676815,gov
3,540,0.000585480093676815,gov
3,734,0.0005753739930955121,gov
3,138,0.0005688282138794084,reddit
3,36,0.0005688282138794084,reddit
3,834,0.0005656108597285067,gov
3,626,0.000562429696287964,gov
3,587,0.0005592841163310962,gov
3,585,0.0005530973451327434,gov
3,8,0.0005411255411255411,reddit
3,1211,0.0005324813631522897,news
3,1335,0.0005268703898840885,news
3,696,0.0005213764337851929,gov
3,709,0.0005159958720330237,gov
3,633,0.0005159958720330237,gov
3,638,0.0005159958720330237,gov
3,1262,0.0005107252298263534,news
3,1398,0.0005107252298263534,news
3,980,0.000508130081300813,news
3,1417,0.0005055611729019212,news
3,1402,0.0005055611729019212,news
3,735,0.0005055611729019212,gov
3,651,0.0005030181086519115,gov
3,634,0.00049800796812749,gov
3,1434,0.0004955401387512388,news
3,639,0.0004955401387512388,gov
3,1110,0.0004906771344455348,news
3,1324,0.00048828125,news
3,1016,0.00048828125,news
3,431,0.00048828125,gov
3,650,0.00048828125,gov
3,1438,0.00048828125,news
3,1204,0.00048828125,news
3,845,0.00048590864917395527,gov
3,1313,0.00048123195380173246,news
3,969,0.00047664442326024784,news
3,1342,0.00046992481203007516,news
3,1214,0.0004677268475210477,news
3,978,0.0004633920296570899,news
3,933,0.0004591368227731864,gov
3,979,0.0004591368227731864,news
3,1093,0.0004570383912248629,news
3,1393,0.00045495905368516835,news
3,611,0.00045495905368516835,gov
3,518,0.0004528985507246377,gov
3,1153,0.0004528985507246377,news
3,1271,0.0004508566275924256,news
3,1161,0.00044682752457551384,news
3,1099,0.0004351610095735422,news
3,488,0.0004332755632582322,gov
3,1023,0.0004332755632582322,news
3,1321,0.00042589437819420784,news
3,985,0.00042589437819420784,news
3,1007,0.0004222972972972973,news
3,496,0.00042052144659377626,gov
3,492,0.0004187604690117253,gov
3,962,0.0004170141784820684,news
3,515,0.0004170141784820684,gov
3,491,0.0004152823920265781,gov
3,1440,0.0004152823920265781,news
3,1164,0.0004152823920265781,news
3,1157,0.00041356492969396195,news
3,1050,0.0004084967320261438,news
3,1054,0.0004084967320261438,news
3,708,0.0004051863857374392,gov
3,1033,0.000400320256204964,news
3,1397,0.00039872408293460925,news
3,1142,0.00039872408293460925,news
3,511,0.00039872408293460925,gov
3,1018,0.0003971405877680699,news
3,1297,0.00039556962025316455,news
3,864,0.00039556962025316455,gov
3,1411,0.00039093041438623924,news
3,1412,0.0003878975950349108,news
3,1073,0.0003849114703618168,news
3,1242,0.0003834355828220859,news
3,1066,0.0003819709702062643,news
3,1017,0.000380517503805175,news
3,1343,0.0003790750568612585,news
3,1315,0.00037764350453172205,news
3,1394,0.0003762227238525207,news
3,1185,0.0003762227238525207,news
3,1027,0.0003762227238525207,news
3,1376,0.0003748125937031484,news
3,1135,0.0003734129947722181,news
3,1049,0.0003720238095238095,news
3,521,0.0003720238095238095,gov
3,1266,0.00037064492216456633,news
3,1333,0.00037064492216456633,news
3,1241,0.00037064492216456633,news
3,1025,0.00036927621861152144,news
3,524,0.0003679175864606328,gov
3,1404,0.000363901018922853,news
3,1430,0.00036258158085569254,news
3,1469,0.000361271676300578,news
3,1000,0.0003599712023038157,news
3,1307,0.0003599712023038157,news
3,1117,0.0003586800573888092,news
3,1006,0.0003536067892503536,news
3,201,0.00035236081747709656,reddit
3,1400,0.00035236081747709656,news
3,1215,0.00035236081747709656,news
3,1187,0.00035236081747709656,news
3,976,0.00034989503149055286,news
3,1143,0.0003486750348675035,news
3,1433,0.00034746351633078526,news
3,1408,0.0003450655624568668,news
3,991,0.000343878954607978,news
3,1254,0.0003427004797806717,news
3,1396,0.0003403675970047652,news
3,1363,0.0003403675970047652,news
3,1420,0.0003403675970047652,news
3,1429,0.0003380662609871535,news
3,1055,0.00033692722371967657,news
3,1048,0.000335795836131632,news
3,1423,0.00033467202141900936,news
3,1128,0.00033355570380253505,news
3,523,0.0003324468085106383,gov
3,1085,0.0003313452617627568,news
3,987,0.0003291639236339697,news
3,1329,0.0003270111183780249,news
3,554,0.0003259452411994785,gov
3,1327,0.0003248862897985705,news
3,1053,0.0003238341968911917,news
3,1454,0.0003227888960619755,news
3,530,0.0003227888960619755,gov
3,1078,0.00032175032175032174,news
3,1184,0.00032175032175032174,news
3,1452,0.00032175032175032174,news
3,965,0.00031969309462915604,news
3,1146,0.00031867431485022306,news
3,1019,0.0003176620076238882,news
3,1410,0.00030883261272390367,news
3,1149,0.00030883261272390367,news
3,1458,0.0003078817733990148,news
3,1413,0.00030599755201958387,news
3,973,0.0003022974607013301,news
3,1015,0.0003013863773357444,news
3,1439,0.00030048076923076925,news
3,1152,0.0002995805871779509,news
3,1176,0.0002986857825567503,news
3,1067,0.0002977963073257892,news
3,1353,0.0002969121140142518,news
3,1056,0.00029603315571343993,news
3,1178,0.00029603315571343993,news
3,1051,0.00029342723004694836,news
3,1083,0.00029342723004694836,news
3,1170,0.0002925687536571094,news
3,1115,0.0002917152858809802,news
3,1368,0.00028669724770642203,news
3,1316,0.00028669724770642203,news
3,1090,0.0002858776443682104,news
3,1249,0.0002842524161455372,news
3,1265,0.0002842524161455372,news
3,1105,0.0002834467120181406,news
3,1470,0.00028264556246466934,news
3,1244,0.0002810567734682406,news
3,963,0.0002787068004459309,news
3,72,0.0002733734281027884,reddit
3,1401,0.0002726281352235551,news
3,1062,0.0002726281352235551,news
3,1058,0.00027188689505165854,news
3,1464,0.00027114967462039046,news
3,1319,0.0002696871628910464,news
3,1212,0.0002682403433476395,news
3,506,0.0002682403433476395,gov
3,1063,0.00026752273943285177,news
3,1232,0.00026609898882384245,news
3,1218,0.00026609898882384245,news
3,519,0.00026609898882384245,gov
3,1141,0.0002605523710265764,news
3,1237,0.0002605523710265764,news
3,1224,0.000257201646090535,news
3,1277,0.00025458248472505095,news
3,1349,0.0002539360081259523,news
3,1308,0.00025265285497726126,news
3,1194,0.00024950099800399205,news
3,1238,0.00024764735017335313,news
3,620,0.00024764735017335313,gov
3,623,0.00024764735017335313,gov
3,514,0.0002458210422812193,gov
3,1139,0.0002446183953033268,news
3,1057,0.0002446183953033268,news
3,1219,0.00024342745861733204,news
3,1294,0.0002376425855513308,news
3,531,0.00023596035865974517,gov
3,998,0.00023596035865974517,news
3,1360,0.00023485204321277596,news
3,1104,0.0002337540906965872,news
3,1160,0.0002337540906965872,news
3,1144,0.0002337540906965872,news
3,526,0.0002310536044362292,gov
3,1230,0.0002305209774089442,news
3,1198,0.00022999080036798528,news
3,1251,0.00022893772893772894,news
3,972,0.00022789425706472196,news
3,1255,0.0002268602540834846,news
3,384,0.0002243158366980709,reddit
3,1355,0.0002243158366980709,news
3,1245,0.00022232103156958648,news
3,1064,0.00021939447125932427,news
3,528,0.00021843599825251202,gov
3,1309,0.0002170138888888889,news
3,1314,0.00021240441801189465,news
3,970,0.00020842017507294707,news
3,1332,0.0002071251035625518,news
3,1267,0.00020627062706270627,news
3,1150,0.00020088388911209323,news
3,1092,0.00020088388911209323,news
3,1336,0.00020008003201280514,news
3,1252,0.00020008003201280514,news
3,1461,0.0001973164956590371,news
3,1322,0.00019538882375928098,news
3,1320,0.00019538882375928098,news
3,1231,0.00019538882375928098,news
3,1256,0.0001946282600233554,news
3,549,0.00019349845201238394,gov
3,966,0.00018910741301059005,news
3,1362,0.00018559762435040833,news
3,1225,0.0001845699520118125,news
3,1338,0.00018389113644722328,news
3,1357,0.00018221574344023326,news
3,1236,0.0001761183515322297,news
3,1285,0.00017519271198318152,news
3,1325,0.00017129153819801305,news
3,1422,0.00017070672584499832,news
3,1226,0.00016644474034620507,news
3,1383,0.0001639881928501148,news
3,1286,0.0001634521085322001,news
3,1326,0.00016265452179570593,news
3,512,0.00014819205690574987,gov
3,1223,0.0001479727730097662,news
3,1356,0.00014455044810638914,news
3,527,0.00014351320321469578,gov
3,1389,0.0001326611833377554,news
3,1028,0.0001295672454003628,news
3,1344,0.00012394645513138326,news
4,687,0.5441767068273093,gov
4,255,0.5144927536231884,reddit
4,1237,0.49791558103178735,news
4,698,0.48393574297188763,gov
4,1255,0.4789019963702359,news
4,987,0.46445029624753126,news
4,1240,0.4607263513513513,news
4,1414,0.45817120622568097,news
4,1404,0.4516011644832605,news
4,1226,0.43958055925432765,news
4,1336,0.4263705482192877,news
4,863,0.41314031180400895,gov
4,1031,0.40433482810164423,news
4,1257,0.39992531740104553,news
4,308,0.39843749999999994,reddit
4,1432,0.3972772277227723,news
4,1110,0.39303238469087337,news
4,1459,0.3928571428571428,news
4,323,0.38607594936708856,reddit
4,983,0.385036496350365,news
4,1322,0.38315748339194994,news
4,1020,0.37722852512155586,news
4,544,0.3740359897172237,gov
4,1241,0.3673091178650852,news
4,1043,0.361244019138756,news
4,1316,0.35865825688073394,news
4,1383,0.34945883896359464,news
4,107,0.34745762711864403,reddit
4,1256,0.346632931101596,news
4,1323,0.3419768151311775,news
4,1267,0.33849009900990096,news
4,432,0.3384146341463415,gov
4,1137,0.3379801734820322,news
4,192,0.33626760563380287,reddit
4,1092,0.3336681398151868,news
4,1268,0.3336564559906941,news
4,1111,0.3322281167108753,news
4,1198,0.33141674333026677,news
4,1297,0.32476265822784806,news
4,1394,0.32392776523702027,news
4,1118,0.32107843137254904,news
4,1081,0.32049763033175355,news
4,1389,0.3171928893605731,news
4,1249,0.3101193860147811,news
4,1045,0.3093242535358826,news
4,857,0.3058375634517767,gov
4,1339,0.3054812834224599,news
4,1259,0.30517770952172,news
4,1291,0.30193756727664156,news
4,536,0.2945344129554656,gov
4,1285,0.2927470217238963,news
4,537,0.2912404092071611,gov
4,1203,0.2908163265306123,news
4,934,0.2804568527918782,gov
4,1315,0.279833836858006,news
4,1384,0.2788789098792196,news
4,176,0.277027027027027,reddit
4,279,0.2751937984496124,reddit
4,1102,0.2751396648044693,news
4,1313,0.2699711260827719,news
4,1033,0.2686148919135308,news
4,1386,0.2685911142789261,news
4,1090,0.26615208690680386,news
4,369,0.265224358974359,reddit
4,126,0.2630979498861048,reddit
4,1345,0.2620383356708742,news
4,1388,0.2615317667536989,news
4,1266,0.259822090437361,news
4,856,0.2569296375266525,gov
4,1373,0.2563694267515924,news
4,1341,0.25400801603206413,news
4,384,0.25370121130551815,reddit
4,1140,0.25303234501347704,news
4,932,0.25214132762312635,gov
4,1327,0.2504873294346978,news
4,1354,0.24722782258064513,news
4,324,0.24652777777777776,reddit
4,851,0.24626865671641793,gov
4,1419,0.24471598414795243,news
4,855,0.24438202247191013,gov
4,1129,0.24421513445903686,news
4,1134,0.24241540256709448,news
4,396,0.2421875,reddit
4,682,0.24211502782931357,gov
4,1344,0.23562221120475954,news
4,1371,0.23154885654885654,news
4,1018,0.2307386814932486,news
4,1026,0.22980416156670744,news
4,1272,0.2292802617230098,news
4,1247,0.22905181918412346,news
4,299,0.2273391812865497,reddit
4,1307,0.2271418286537077,news
4,909,0.2268170426065163,gov
4,502,0.22664359861591696,gov
4,1321,0.22614991482112434,news
4,870,0.22538860103626945,gov
4,184,0.2232704402515723,reddit
4,1165,0.2229872881355932,news
4,862,0.22249589490968802,gov
4,1128,0.21714476317545028,news
4,1453,0.21159638554216867,news
4,1353,0.20813539192399047,news
4,1096,0.20770243581303488,news
4,214,0.20747217806041338,reddit
4,1105,0.20719954648526076,news
4,1303,0.20627289377289376,news
4,1085,0.20576540755467196,news
4,663,0.20327552986512526,gov
4,1369,0.20287720888083371,news
4,183,0.2021604938271605,reddit
4,1310,0.2018513401492125,news
4,1235,0.1993006993006993,news
4,1069,0.1981077981651376,news
4,1471,0.19739235900545782,news
4,675,0.19666182873730043,gov
4,259,0.19444444444444445,reddit
4,1439,0.19260817307692304,news
4,349,0.19029850746268656,reddit
4,1166,0.18952802359882004,news
4,695,0.18940493468795355,gov
4,1359,0.18792995622263914,news
4,1435,0.18596601636249213,news
4,1254,0.18197395476353667,news
4,549,0.1801470588235294,gov
4,1347,0.1794998354721948,news
4,1262,0.17926455566905006,news
4,335,0.17911714770797965,reddit
4,1047,0.17713833157338962,news
4,1428,0.17670316301703162,news
4,1083,0.17634976525821597,news
4,1317,0.17567567567567569,news
4,979,0.174931129476584,news
4,148,0.17484662576687118,reddit
4,1239,0.17392784206943498,news
4,991,0.17228335625859698,news
4,1050,0.17197712418300654,news
4,160,0.1709809264305177,reddit
4,378,0.17028985507246377,reddit
4,1215,0.16948555320648342,news
4,1300,0.1685323383084577,news
4,688,0.1679035250463822,gov
4,108,0.16648230088495575,reddit
4,1318,0.16605839416058393,news
4,1004,0.16587864460204885,news
4,970,0.1648603584827011,news
4,681,0.16484517304189436,gov
4,1028,0.1646799689038611,news
4,965,0.16336317135549872,news
4,1446,0.16285081240768096,news
4,425,0.16212871287128713,reddit
4,926,0.1613372093023256,gov
4,11,0.15977742448330684,reddit
4,1152,0.1560814859197124,news
4,1275,0.15568676196395276,news
4,1273,0.15547815072830906,news
4,1356,0.15481352992194275,news
4,1232,0.15460351250665247,news
4,342,0.15428109854604202,reddit
4,1145,0.15424876847290642,news
4,554,0.15352020860495436,gov
4,957,0.15230582524271843,gov
4,357,0.15088757396449703,reddit
4,167,0.14903846153846154,reddit
4,1264,0.14856711915535445,news
4,1056,0.1483126110124334,news
4,20,0.14688715953307394,reddit
4,1115,0.14614935822637107,news
4,853,0.14516129032258066,gov
4,994,0.14509646302250803,news
4,1119,0.14500762195121952,news
4,1205,0.14390120967741934,news
4,1363,0.14329475833900612,news
4,1234,0.14323220536756126,news
4,918,0.14162754303599376,gov
4,990,0.14149226569608736,news
4,150,0.1396453451551615,reddit
4,156,0.13873626373626374,reddit
4,1164,0.13745847176079734,news
4,1229,0.13739789964994165,news
4,198,0.13735377168212987,reddit
4,1058,0.1362153344208809,news
4,233,0.13596491228070176,reddit
4,1260,0.13377869133264816,news
4,1293,0.13310685608400247,news
4,1328,0.132640586797066,news
4,1466,0.1305939788445891,news
4,1064,0.12966213251426065,news
4,226,0.12868369351669942,reddit
4,968,0.12836021505376344,news
4,1314,0.12553101104502973,news
4,6,0.125,reddit
4,235,0.125,reddit
4,362,0.125,reddit
4,73,0.125,reddit
4,1048,0.12122229684351914,news
4,637,0.12103929024081116,gov
4,1185,0.12076749435665914,news
4,1282,0.11981327800829876,news
4,1442,0.11924846625766872,news
4,1475,0.11907582938388625,news
4,1470,0.11899378179762578,news
4,1059,0.11886051080550099,news
4,919,0.11771561771561771,gov
4,1403,0.11670353982300885,news
4,1070,0.11577934573444516,news
4,1103,0.11552456033959976,news
4,154,0.11545801526717557,reddit
4,306,0.11436672967863894,reddit
4,1233,0.11312351543942993,news
4,421,0.11224489795918367,reddit
4,1265,0.11114269471290505,news
4,1390,0.11049883990719257,news
4,395,0.11032863849765258,reddit
4,1276,0.10772268538832822,news
4,1162,0.10469837587006961,news
4,34,0.10411311053984576,reddit
4,1155,0.10387864823348696,news
4,1312,0.1026679371129109,news
4,1320,0.10179757717858538,news
4,1109,0.10084700899947062,news
4,1245,0.1002667852378835,news
4,350,0.10014204545454544,reddit
4,1351,0.10006045949214026,news
4,998,0.09933931099575272,news
4,556,0.09928443649373882,gov
4,201,0.09901338971106413,reddit
4,1062,0.09841875681570338,news
4,1087,0.09820010587612493,news
4,121,0.09754521963824288,reddit
4,1350,0.09720908230842006,news
4,1331,0.09710680209295168,news
4,1308,0.09626073774633653,news
4,553,0.09503424657534247,gov
4,1365,0.09464928057553956,news
4,1352,0.09446505875077305,news
4,1349,0.09421025901472829,news
4,1175,0.09382793017456359,news
4,149,0.09369202226345083,reddit
4,81,0.09322033898305085,reddit
4,774,0.09304703476482618,gov
4,383,0.09283088235294118,reddit
4,1227,0.09116500649631876,news
4,1274,0.09099740932642487,news
4,1113,0.08866891322662174,news
4,1236,0.08823529411764706,news
4,1362,0.08741648106904233,news
4,1399,0.08728448275862069,news
4,1000,0.08675305975521959,news
4,1120,0.08663682864450128,news
4,100,0.0859375,reddit
4,1294,0.08578897338403042,news
4,641,0.08573853989813243,gov
4,1192,0.08443509615384616,news
4,394,0.08353080568720378,reddit
4,57,0.08282208588957055,reddit
4,691,0.08275058275058275,gov
4,1080,0.08110627719080174,news
4,1287,0.08058058058058058,news
4,1061,0.08038692461641095,news
4,138,0.08020477815699659,reddit
4,417,0.07971014492753624,reddit
4,230,0.07879377431906615,reddit
4,1123,0.07855863921217547,news
4,488,0.07842287694974004,gov
4,1093,0.07815356489945155,news
4,1346,0.07801642451042325,news
4,1455,0.07785299806576403,news
4,1253,0.07730328192961645,news
4,1223,0.0770938147380882,news
4,1124,0.0766574585635359,news
4,46,0.0766574585635359,reddit
4,1150,0.07653676175170751,news
4,1027,0.07562076749435666,news
4,68,0.075139146567718,reddit
4,1299,0.07385433715220949,news
4,1337,0.07372291021671827,news
4,1306,0.07368232341340983,news
4,763,0.07176656151419558,gov
4,651,0.07092555331991951,gov
4,1451,0.0707908163265306,news
4,134,0.07072829131652661,reddit
4,869,0.07055749128919861,gov
4,92,0.06974459724950884,reddit
4,1073,0.06966897613548884,news
4,1013,0.06966897613548884,news
4,97,0.06962025316455696,reddit
4,30,0.06934931506849315,reddit
4,36,0.0688282138794084,reddit
4,1269,0.06798116539140671,news
4,1173,0.06788931788931789,news
4,1194,0.06761477045908183,news
4,168,0.0675074183976261,reddit
4,354,0.06728232189973614,reddit
4,169,0.06547619047619048,reddit
4,1199,0.06461001164144353,news
4,1112,0.06457703927492447,news
4,1063,0.06447298020331728,news
4,1130,0.0642968142968143,news
4,972,0.06403828623518687,news
4,1139,0.0638454011741683,news
4,314,0.06288819875776397,reddit
4,1157,0.06244830438378825,news
4,1244,0.06211354693648117,news
4,1326,0.06197137280416396,news
4,1188,0.061357702349869446,news
4,172,0.060859188544152745,reddit
4,1358,0.06077694235588973,news
4,1279,0.05996822875297855,news
4,1370,0.059960356788899896,news
4,19,0.05976430976430976,reddit
4,1278,0.059325744308231176,news
4,1378,0.058556611927398444,news
4,1292,0.05778032036613272,news
4,88,0.05711610486891386,reddit
4,191,0.05706521739130435,reddit
4,1136,0.05651423641069887,news
4,140,0.055993690851735015,reddit
4,1012,0.05555555555555555,news
4,132,0.05555555555555555,reddit
4,1228,0.055063739376770546,news
4,170,0.053916309012875537,reddit
4,1071,0.053909952606635066,news
4,517,0.05366682855755221,gov
4,1338,0.05351232070614197,news
4,1051,0.053110328638497656,news
4,1099,0.0526544821583986,news
4,1361,0.05205631715450167,news
4,333,0.05175363558597091,reddit
4,1263,0.051741049534085336,news
4,1057,0.05161448140900196,news
4,269,0.050595238095238096,reddit
4,380,0.05045871559633028,reddit
4,1225,0.05001845699520119,news
4,988,0.04988331388564761,news
4,1329,0.04937867887508175,news
4,1250,0.04897864438254411,news
4,1348,0.04896593673965937,news
4,1296,0.04868208714362561,news
4,93,0.04866412213740458,reddit
4,205,0.048245614035087724,reddit
4,110,0.04820415879017013,reddit
4,457,0.04794520547945206,gov
4,1029,0.04767533490937746,news
4,1385,0.04754020813623463,news
4,728,0.047112462006079034,gov
4,1193,0.04682955206515416,news
4,1437,0.046605293440736474,news
4,1006,0.04632248939179632,news
4,1251,0.04601648351648352,news
4,1212,0.045869098712446356,news
4,1452,0.045366795366795366,news
4,310,0.045212765957446804,reddit
4,1178,0.04470100651272942,news
4,1422,0.04455445544554456,news
4,1324,0.04443359374999999,news
4,1202,0.044354838709677415,news
4,1286,0.04429552141222622,news
4,465,0.04418103448275862,gov
4,951,0.04388133498145859,gov
4,999,0.04379210779595765,news
4,1196,0.04378311000311624,news
4,1060,0.04369315935152234,news
4,1052,0.043572044866264016,news
4,257,0.043248945147679324,reddit
4,645,0.042570951585976624,gov
4,1364,0.0424347158218126,news
4,1066,0.04239877769289534,news
4,313,0.04133858267716536,reddit
4,981,0.040825549864417,news
4,1357,0.04026967930029155,news
4,238,0.04022082018927445,reddit
4,264,0.03990610328638498,reddit
4,1183,0.03963893249607535,news
4,973,0.03960096735187424,news
4,591,0.0387523629489603,gov
4,731,0.03819444444444445,gov
4,1283,0.038121314237573714,news
4,742,0.03793532338308457,gov
4,254,0.03734061930783242,reddit
4,10,0.03700361010830325,reddit
4,1091,0.0369718309859155,news
4,1053,0.035945595854922276,news
4,1372,0.03460743801652893,news
4,70,0.03459119496855346,reddit
4,1343,0.03449583017437452,news
4,1325,0.03442959917780062,news
4,1106,0.03441641727233861,news
4,317,0.0342237061769616,reddit
4,227,0.034140969162995596,reddit
4,1405,0.03270042194092827,news
4,518,0.03215579710144927,gov
4,1141,0.03152683689421574,news
4,80,0.031135531135531132,reddit
4,643,0.03041543026706231,gov
4,1270,0.029801324503311254,news
4,287,0.029580152671755726,reddit
4,557,0.029513888888888885,gov
4,428,0.029100529100529106,gov
4,1289,0.028547201808931597,news
4,76,0.026315789473684213,reddit
4,315,0.026315789473684213,reddit
4,1309,0.026258680555555552,news
4,1382,0.026122148638704927,news
4,962,0.02543786488740617,news
4,1238,0.025012382367508666,news
4,1054,0.02491830065359477,news
4,319,0.024764150943396228,reddit
4,1094,0.024616626311541562,news
4,377,0.02455357142857143,reddit
4,503,0.023882896764252697,gov
4,816,0.02372685185185185,gov
4,652,0.02364864864864865,gov
4,440,0.023504273504273508,gov
4,398,0.022997032640949554,reddit
4,609,0.022827687776141383,gov
4,667,0.022803114571746382,gov
4,1181,0.02254098360655738,news
4,1379,0.022326350606394707,news
4,861,0.022151898734177215,gov
4,15,0.021920668058455117,reddit
4,111,0.021920668058455117,reddit
4,1209,0.021720613287904596,news
4,408,0.021255060728744942,reddit
4,382,0.020833333333333336,reddit
4,67,0.020833333333333336,reddit
4,980,0.02083333333333333,news
4,274,0.0206286836935167,reddit
4,151,0.0206286836935167,reddit
4,318,0.020446096654275096,reddit
4,62,0.020428015564202335,reddit
4,1434,0.02031714568880079,news
4,116,0.02015604681404421,reddit
4,273,0.01966292134831461,reddit
4,893,0.019366197183098594,gov
4,1135,0.01904406273338312,news
4,1144,0.018934081346423562,news
4,1332,0.018848384424192212,news
4,272,0.018453427065026364,reddit
4,193,0.018092105263157895,reddit
4,1132,0.01774287376381617,news
4,27,0.017515923566878984,reddit
4,1171,0.017241379310344827,news
4,38,0.017241379310344827,reddit
4,1040,0.016693163751987282,news
4,852,0.016561514195583597,gov
4,1142,0.016347687400318976,news
4,195,0.016304347826086956,reddit
4,1206,0.015831593597773138,news
4,471,0.015750463248919083,gov
4,565,0.015601217656012174,gov
4,1342,0.01456766917293233,news
4,1214,0.014499532273152479,news
4,462,0.01430517711171662,gov
4,1281,0.014018691588785047,news
4,1034,0.01331615120274914,news
4,588,0.013307984790874524,gov
4,429,0.013259195893926433,gov
4,1037,0.013091216216216216,news
4,928,0.012899262899262898,gov
4,249,0.012820512820512822,reddit
4,370,0.012820512820512822,reddit
4,366,0.012820512820512822,reddit
4,1088,0.012756378189094546,news
4,514,0.012536873156342181,gov
4,653,0.01224944320712695,gov
4,141,0.01224944320712695,reddit
4,1067,0.012209648600357354,news
4,1242,0.011886503067484662,news
4,1368,0.011754587155963302,news
4,955,0.011487964989059081,gov
4,818,0.011487964989059081,gov
4,102,0.011363636363636364,reddit
4,99,0.011247443762781187,reddit
4,25,0.011022044088176353,reddit
4,924,0.010912698412698414,gov
4,1218,0.01091005854177754,news
4,296,0.010805500982318273,reddit
4,1305,0.010771369006254344,news
4,1420,0.01055139550714772,news
4,703,0.010496183206106872,gov
4,206,0.010299625468164795,reddit
4,284,0.010299625468164795,reddit
4,90,0.010204081632653062,reddit
4,42,0.010204081632653062,reddit
4,325,0.01020408163265306,reddit
4,368,0.01020408163265306,reddit
4,83,0.009838998211091235,reddit
4,525,0.009510869565217392,gov
4,712,0.009417808219178083,gov
4,1015,0.009342977697408076,news
4,1114,0.009337860780984721,news
4,664,0.00925925925925926,gov
4,301,0.009259259259259259,reddit
4,404,0.009259259259259259,reddit
4,295,0.009259259259259259,reddit
4,87,0.009259259259259259,reddit
4,288,0.009259259259259259,reddit
4,50,0.009259259259259259,reddit
4,157,0.009259259259259259,reddit
4,187,0.009105960264900664,reddit
4,885,0.008957654723127036,gov
4,612,0.008885298869143781,gov
4,16,0.008744038155802863,reddit
4,631,0.008540372670807454,gov
4,225,0.00847457627118644,reddit
4,402,0.00847457627118644,reddit
4,139,0.00847457627118644,reddit
4,63,0.00847457627118644,reddit
4,101,0.00847457627118644,reddit
4,769,0.008409785932721712,gov
4,785,0.00792507204610951,gov
4,21,0.007868383404864092,reddit
4,629,0.007868383404864092,gov
4,406,0.0078125,reddit
4,112,0.0078125,reddit
4,298,0.007596685082872928,reddit
4,1042,0.007442489851150203,news
4,1079,0.007384468794664126,news
4,316,0.007246376811594203,reddit
4,303,0.007246376811594203,reddit
4,202,0.007246376811594203,reddit
4,292,0.007246376811594203,reddit
4,392,0.007246376811594203,reddit
4,1230,0.00714615029967727,news
4,523,0.006981382978723404,gov
4,388,0.006756756756756757,reddit
4,2,0.006756756756756757,reddit
4,98,0.006756756756756757,reddit
4,104,0.006756756756756757,reddit
4,749,0.006715506715506716,gov
4,1146,0.006692160611854685,news
4,590,0.00640279394644936,gov
4,798,0.006365740740740741,gov
4,155,0.006329113924050633,reddit
4,243,0.006329113924050633,reddit
4,1158,0.006003430531732418,news
4,17,0.005952380952380952,reddit
4,220,0.005952380952380952,reddit
4,26,0.005952380952380952,reddit
4,387,0.005952380952380952,reddit
4,113,0.005952380952380952,reddit
4,1464,0.0056941431670282,news
4,638,0.005675954592363261,gov
4,347,0.0056179775280898875,reddit
4,74,0.0056179775280898875,reddit
4,911,0.0056179775280898875,gov
4,79,0.0056179775280898875,reddit
4,133,0.0056179775280898875,reddit
4,0,0.0056179775280898875,reddit
4,634,0.005478087649402391,gov
4,639,0.005450941526263627,gov
4,1016,0.00537109375,news
4,228,0.005319148936170213,reddit
4,194,0.005121042830540037,reddit
4,14,0.005050505050505051,reddit
4,1447,0.005050505050505051,news
4,208,0.005050505050505051,reddit
4,282,0.004807692307692308,reddit
4,355,0.004807692307692308,reddit
4,473,0.0046063651591289785,gov
4,105,0.0045871559633027525,reddit
4,376,0.0045871559633027525,reddit
4,899,0.0045871559633027525,gov
4,989,0.004511894995898278,news
4,490,0.0043859649122807015,gov
4,1147,0.0043859649122807015,news
4,199,0.0043859649122807015,reddit
4,58,0.0043859649122807015,reddit
4,494,0.0043859649122807015,gov
4,497,0.0043859649122807015,gov
4,504,0.0043859649122807015,gov
4,505,0.0043859649122807015,gov
4,507,0.0043859649122807015,gov
4,508,0.0043859649122807015,gov
4,1197,0.004368546465448769,news
4,241,0.004201680672268907,reddit
4,48,0.004201680672268907,reddit
4,246,0.004201680672268907,reddit
4,221,0.004201680672268907,reddit
4,61,0.004201680672268907,reddit
4,103,0.004032258064516129,reddit
4,1430,0.003988397389412618,news
4,300,0.003875968992248062,reddit
4,929,0.003875968992248062,gov
4,420,0.003862359550561798,reddit
4,959,0.0038220986796386382,news
4,177,0.0037313432835820895,reddit
4,446,0.0037313432835820895,gov
4,500,0.0036813922356091033,gov
4,197,0.0035971223021582736,reddit
4,130,0.0035971223021582736,reddit
4,9,0.0034722222222222225,reddit
4,343,0.0034722222222222225,reddit
4,410,0.0034722222222222225,reddit
4,777,0.0034722222222222225,gov
4,906,0.003355704697986577,gov
4,266,0.003246753246753247,reddit
4,251,0.0031446540880503146,reddit
4,418,0.0031446540880503146,reddit
4,143,0.0031446540880503146,reddit
4,351,0.0031446540880503146,reddit
4,391,0.0031446540880503146,reddit
4,164,0.0030487804878048786,reddit
4,835,0.0030487804878048786,gov
4,848,0.0030487804878048786,gov
4,895,0.0030487804878048786,gov
4,844,0.0030487804878048786,gov
4,1301,0.003023639362286971,news
4,71,0.002958579881656805,reddit
4,693,0.002958579881656805,gov
4,320,0.002958579881656805,reddit
4,56,0.002873563218390805,reddit
4,117,0.002873563218390805,reddit
4,196,0.002873563218390805,reddit
4,579,0.0028438469493278183,gov
4,1224,0.002829218106995885,news
4,830,0.0027932960893854754,gov
4,836,0.0027932960893854754,gov
4,828,0.0027932960893854754,gov
4,660,0.0027932960893854754,gov
4,847,0.0027932960893854754,gov
4,125,0.0027932960893854754,reddit
4,832,0.0027932960893854754,gov
4,393,0.0027932960893854754,reddit
4,438,0.0027932960893854754,gov
4,533,0.002724120851906885,gov
4,371,0.0027173913043478264,reddit
4,399,0.0027173913043478264,reddit
4,153,0.0027173913043478264,reddit
4,145,0.0027173913043478264,reddit
4,224,0.0027173913043478264,reddit
4,407,0.002645502645502646,reddit
4,252,0.002645502645502646,reddit
4,581,0.0025773195876288664,gov
4,245,0.0025773195876288664,reddit
4,894,0.0025773195876288664,gov
4,783,0.0025773195876288664,gov
4,439,0.0025773195876288664,gov
4,526,0.0025415896487985213,gov
4,724,0.0025125628140703522,gov
4,733,0.0025125628140703522,gov
4,779,0.002450980392156863,gov
4,782,0.002450980392156863,gov
4,386,0.002450980392156863,reddit
4,679,0.002392344497607656,gov
4,694,0.002392344497607656,gov
4,330,0.0023364485981308414,reddit
4,41,0.0023364485981308414,reddit
4,442,0.0022831050228310505,gov
4,1101,0.0022831050228310505,news
4,329,0.0022321428571428575,reddit
4,701,0.0022321428571428575,gov
4,411,0.0022321428571428575,reddit
4,43,0.0022321428571428575,reddit
4,326,0.0021834061135371182,reddit
4,217,0.002136752136752137,reddit
4,786,0.002136752136752137,gov
4,416,0.002136752136752137,reddit
4,212,0.002092050209205021,reddit
4,977,0.002092050209205021,news
4,794,0.002092050209205021,gov
4,901,0.0020491803278688526,gov
4,723,0.0020491803278688526,gov
4,915,0.0020491803278688526,gov
4,414,0.0020080321285140565,reddit
4,51,0.0020080321285140565,reddit
4,52,0.0020080321285140565,reddit
4,458,0.0019685039370078744,gov
4,244,0.0019685039370078744,reddit
4,466,0.0019685039370078744,gov
4,839,0.0018939393939393942,gov
4,904,0.0018939393939393942,gov
4,674,0.0018939393939393942,gov
4,1222,0.0018939393939393942,news
4,960,0.0018248175182481753,news
4,736,0.0018248175182481753,gov
4,78,0.001792114695340502,reddit
4,270,0.001792114695340502,reddit
4,891,0.001792114695340502,gov
4,445,0.0017605633802816904,gov
4,215,0.0017605633802816904,reddit
4,260,0.0017605633802816904,reddit
4,907,0.001730103806228374,gov
4,727,0.001730103806228374,gov
4,247,0.001730103806228374,reddit
4,689,0.0017006802721088437,gov
4,676,0.0016722408026755855,gov
4,182,0.0016722408026755855,reddit
4,865,0.0016447368421052633,gov
4,722,0.0016447368421052633,gov
4,1098,0.0016447368421052633,news
4,66,0.0016447368421052633,reddit
4,455,0.0016181229773462784,gov
4,7,0.0016181229773462784,reddit
4,106,0.0016181229773462784,reddit
4,668,0.0015923566878980893,gov
4,967,0.0015923566878980893,news
4,231,0.0015673981191222572,reddit
4,673,0.0015673981191222572,gov
4,200,0.0015673981191222572,reddit
4,896,0.0015673981191222572,gov
4,86,0.0015673981191222572,reddit
4,662,0.00154320987654321,gov
4,773,0.00154320987654321,gov
4,1001,0.00154320987654321,news
4,543,0.00154320987654321,gov
4,339,0.0015197568389057753,reddit
4,209,0.0014970059880239522,reddit
4,666,0.0014970059880239522,gov
4,658,0.0014970059880239522,gov
4,258,0.0014749262536873158,reddit
4,277,0.0014749262536873158,reddit
4,180,0.0014534883720930235,reddit
4,286,0.0014534883720930235,reddit
4,740,0.0014326647564469916,gov
4,897,0.0014326647564469916,gov
4,5,0.0014326647564469916,reddit
4,302,0.0014326647564469916,reddit
4,982,0.0014124293785310737,news
4,311,0.0014124293785310737,reddit
4,548,0.0014124293785310737,gov
4,289,0.0014124293785310737,reddit
4,900,0.0013927576601671311,gov
4,219,0.0013927576601671311,reddit
4,461,0.0013927576601671311,gov
4,952,0.0013736263736263737,gov
4,806,0.0013736263736263737,gov
4,807,0.0013736263736263737,gov
4,903,0.0013736263736263737,gov
4,534,0.0013550135501355016,gov
4,656,0.0013550135501355016,gov
4,883,0.0013550135501355016,gov
4,59,0.0013550135501355016,reddit
4,815,0.0013550135501355016,gov
4,812,0.0013550135501355016,gov
4,809,0.0013550135501355016,gov
4,971,0.0013368983957219253,news
4,463,0.0013368983957219253,gov
4,586,0.0013192612137203168,gov
4,725,0.0013192612137203168,gov
4,1138,0.0013020833333333335,news
4,188,0.0013020833333333335,reddit
4,423,0.0013020833333333335,reddit
4,309,0.0013020833333333335,reddit
4,908,0.0013020833333333335,gov
4,447,0.0013020833333333335,gov
4,866,0.0012853470437017996,gov
4,216,0.0012853470437017996,reddit
4,1334,0.0012853470437017996,news
4,877,0.0012853470437017996,gov
4,669,0.001269035532994924,gov
4,797,0.001269035532994924,gov
4,210,0.001269035532994924,reddit
4,562,0.0012531328320802006,gov
4,610,0.0012531328320802006,gov
4,661,0.0012531328320802006,gov
4,499,0.0012376237623762376,gov
4,560,0.0012376237623762376,gov
4,328,0.0012224938875305626,reddit
4,441,0.0012224938875305626,gov
4,917,0.001207729468599034,gov
4,360,0.001207729468599034,reddit
4,304,0.001207729468599034,reddit
4,596,0.001207729468599034,gov
4,413,0.001207729468599034,reddit
4,493,0.0011933174224343676,gov
4,956,0.0011933174224343676,gov
4,222,0.0011933174224343676,reddit
4,787,0.0011933174224343676,gov
4,256,0.0011933174224343676,reddit
4,580,0.001179245283018868,gov
4,203,0.001179245283018868,reddit
4,450,0.001179245283018868,gov
4,185,0.0011655011655011655,reddit
4,846,0.001152073732718894,gov
4,1448,0.0011389521640091118,news
4,878,0.0011389521640091118,gov
4,784,0.0011389521640091118,gov
4,874,0.0011389521640091118,gov
4,400,0.0011389521640091118,reddit
4,1449,0.0011261261261261261,news
4,1097,0.0011261261261261261,news
4,336,0.0011261261261261261,reddit
4,495,0.0011261261261261261,gov
4,831,0.0011261261261261261,gov
4,82,0.0011261261261261261,reddit
4,1330,0.0011261261261261261,news
4,171,0.0011261261261261261,reddit
4,945,0.00111358574610245,gov
4,178,0.00111358574610245,reddit
4,45,0.00111358574610245,reddit
4,671,0.00111358574610245,gov
4,331,0.0011013215859030838,reddit
4,163,0.0011013215859030838,reddit
4,791,0.0011013215859030838,gov
4,405,0.0010893246187363835,reddit
4,211,0.0010893246187363835,reddit
4,871,0.0010893246187363835,gov
4,124,0.0010893246187363835,reddit
4,190,0.0010893246187363835,reddit
4,606,0.0010775862068965517,gov
4,29,0.0010775862068965517,reddit
4,535,0.0010775862068965517,gov
4,501,0.0010775862068965517,gov
4,677,0.0010775862068965517,gov
4,18,0.0010660980810234544,reddit
4,120,0.0010660980810234544,reddit
4,262,0.0010660980810234544,reddit
4,166,0.0010660980810234544,reddit
4,704,0.0010660980810234544,gov
4,348,0.0010660980810234544,reddit
4,173,0.0010660980810234544,reddit
4,358,0.0010660980810234544,reddit
4,642,0.0010660980810234544,gov
4,285,0.0010548523206751056,reddit
4,22,0.0010548523206751056,reddit
4,346,0.0010438413361169103,reddit
4,146,0.0010438413361169103,reddit
4,175,0.0010330578512396695,reddit
4,137,0.0010330578512396695,reddit
4,958,0.0010330578512396695,gov
4,1035,0.0010330578512396695,news
4,768,0.0010224948875255625,gov
4,162,0.0010224948875255625,reddit
4,85,0.0010224948875255625,reddit
4,229,0.0010224948875255625,reddit
4,801,0.0010224948875255625,gov
4,181,0.0010121457489878543,reddit
4,584,0.0010121457489878543,gov
4,174,0.0010121457489878543,reddit
4,739,0.0010121457489878543,gov
4,868,0.0010121457489878543,gov
4,158,0.0010121457489878543,reddit
4,385,0.0010121457489878543,reddit
4,614,0.0010121457489878543,gov
4,539,0.0010121457489878543,gov
4,582,0.0010121457489878543,gov
4,884,0.0010020040080160322,gov
4,223,0.0010020040080160322,reddit
4,692,0.0010020040080160322,gov
4,129,0.0010020040080160322,reddit
4,135,0.0010020040080160322,reddit
4,686,0.0010020040080160322,gov
4,390,0.0010020040080160322,reddit
4,601,0.0009920634920634922,gov
4,886,0.0009920634920634922,gov
4,334,0.0009920634920634922,reddit
4,294,0.0009920634920634922,reddit
4,127,0.0009920634920634922,reddit
4,706,0.0009920634920634922,gov
4,772,0.0009920634920634922,gov
4,379,0.000982318271119843,reddit
4,40,0.000982318271119843,reddit
4,593,0.000982318271119843,gov
4,363,0.000982318271119843,reddit
4,361,0.000982318271119843,reddit
4,849,0.000982318271119843,gov
4,283,0.000982318271119843,reddit
4,250,0.000982318271119843,reddit
4,389,0.000982318271119843,reddit
4,381,0.000982318271119843,reddit
4,32,0.000972762645914397,reddit
4,1039,0.000972762645914397,news
4,305,0.000972762645914397,reddit
4,253,0.000972762645914397,reddit
4,37,0.000972762645914397,reddit
4,1172,0.000972762645914397,news
4,822,0.000972762645914397,gov
4,218,0.000972762645914397,reddit
4,373,0.000972762645914397,reddit
4,64,0.000972762645914397,reddit
4,711,0.000972762645914397,gov
4,232,0.0009633911368015415,reddit
4,248,0.0009633911368015415,reddit
4,859,0.0009633911368015415,gov
4,401,0.0009633911368015415,reddit
4,618,0.0009633911368015415,gov
4,1392,0.0009633911368015415,news
4,114,0.0009633911368015415,reddit
4,974,0.0009633911368015415,news
4,94,0.0009541984732824428,reddit
4,898,0.0009541984732824428,gov
4,109,0.0009541984732824428,reddit
4,718,0.0009541984732824428,gov
4,159,0.0009541984732824428,reddit
4,541,0.0009541984732824428,gov
4,207,0.0009541984732824428,reddit
4,136,0.0009541984732824428,reddit
4,551,0.000945179584120983,gov
4,648,0.000945179584120983,gov
4,65,0.000945179584120983,reddit
4,307,0.000945179584120983,reddit
4,261,0.000945179584120983,reddit
4,189,0.000945179584120983,reddit
4,424,0.0009363295880149814,reddit
4,419,0.0009363295880149814,reddit
4,128,0.0009363295880149814,reddit
4,1213,0.0009363295880149814,news
4,799,0.0009363295880149814,gov
4,995,0.0009363295880149814,news
4,942,0.0009363295880149814,gov
4,451,0.0009363295880149814,gov
4,412,0.0009363295880149814,reddit
4,239,0.000927643784786642,reddit
4,617,0.000927643784786642,gov
4,943,0.000927643784786642,gov
4,359,0.000927643784786642,reddit
4,271,0.000927643784786642,reddit
4,599,0.0009191176470588236,gov
4,925,0.0009191176470588236,gov
4,332,0.0009191176470588236,reddit
4,91,0.0009191176470588236,reddit
4,613,0.0009191176470588236,gov
4,403,0.0009191176470588236,reddit
4,881,0.0009191176470588236,gov
4,841,0.0009191176470588236,gov
4,876,0.0009191176470588236,gov
4,757,0.0009107468123861568,gov
4,44,0.0009107468123861568,reddit
4,204,0.0009107468123861568,reddit
4,672,0.0009107468123861568,gov
4,808,0.0009107468123861568,gov
4,119,0.0009025270758122744,reddit
4,321,0.0009025270758122744,reddit
4,415,0.0009025270758122744,reddit
4,685,0.0009025270758122744,gov
4,838,0.0009025270758122744,gov
4,684,0.0009025270758122744,gov
4,468,0.0009025270758122744,gov
4,1065,0.0009025270758122744,news
4,263,0.0009025270758122744,reddit
4,352,0.0009025270758122744,reddit
4,49,0.000894454382826476,reddit
4,923,0.000894454382826476,gov
4,237,0.000894454382826476,reddit
4,730,0.000894454382826476,gov
4,337,0.000894454382826476,reddit
4,630,0.000894454382826476,gov
4,161,0.000894454382826476,reddit
4,776,0.000894454382826476,gov
4,1441,0.000894454382826476,news
4,595,0.0008865248226950355,gov
4,781,0.0008865248226950355,gov
4,640,0.0008865248226950355,gov
4,344,0.0008865248226950355,reddit
4,1005,0.0008865248226950355,news
4,33,0.0008865248226950355,reddit
4,889,0.0008865248226950355,gov
4,670,0.0008865248226950355,gov
4,165,0.0008865248226950355,reddit
4,322,0.0008865248226950355,reddit
4,60,0.0008787346221441125,reddit
4,186,0.0008787346221441125,reddit
4,265,0.0008787346221441125,reddit
4,954,0.0008787346221441125,gov
4,594,0.0008787346221441125,gov
4,804,0.0008787346221441125,gov
4,920,0.0008787346221441125,gov
4,659,0.0008787346221441125,gov
4,921,0.0008710801393728224,gov
4,459,0.0008710801393728224,gov
4,340,0.0008710801393728224,reddit
4,397,0.0008710801393728224,reddit
4,456,0.0008710801393728224,gov
4,1381,0.0008710801393728224,news
4,948,0.0008710801393728224,gov
4,142,0.0008710801393728224,reddit
4,312,0.0008710801393728224,reddit
4,147,0.0008710801393728224,reddit
4,833,0.0008635578583765113,gov
4,53,0.0008635578583765113,reddit
4,179,0.0008635578583765113,reddit
4,131,0.0008635578583765113,reddit
4,482,0.0008635578583765113,gov
4,4,0.0008635578583765113,reddit
4,290,0.0008635578583765113,reddit
4,367,0.0008635578583765113,reddit
4,28,0.0008635578583765113,reddit
4,293,0.0008635578583765113,reddit
4,3,0.0008561643835616439,reddit
4,69,0.0008561643835616439,reddit
4,353,0.0008561643835616439,reddit
4,647,0.0008561643835616439,gov
4,764,0.0008561643835616439,gov
4,240,0.0008561643835616439,reddit
4,365,0.0008561643835616439,reddit
4,275,0.0008561643835616439,reddit
4,717,0.0008488964346349746,gov
4,486,0.0008488964346349746,gov
4,31,0.0008417508417508418,reddit
4,910,0.0008417508417508418,gov
4,23,0.0008417508417508418,reddit
4,409,0.0008417508417508418,reddit
4,291,0.0008417508417508418,reddit
4,276,0.0008417508417508418,reddit
4,873,0.0008417508417508418,gov
4,879,0.0008417508417508418,gov
4,341,0.0008417508417508418,reddit
4,144,0.0008417508417508418,reddit
4,1424,0.0008347245409015025,news
4,635,0.0008347245409015025,gov
4,649,0.0008347245409015025,gov
4,77,0.000827814569536424,reddit
4,467,0.000827814569536424,gov
4,805,0.000827814569536424,gov
4,485,0.000827814569536424,gov
4,95,0.000827814569536424,reddit
4,803,0.000827814569536424,gov
4,1014,0.000827814569536424,news
4,479,0.000827814569536424,gov
4,297,0.000827814569536424,reddit
4,123,0.000827814569536424,reddit
4,236,0.0008210180623973728,reddit
4,905,0.0008210180623973728,gov
4,480,0.0008210180623973728,gov
4,715,0.0008210180623973728,gov
4,372,0.0008210180623973728,reddit
4,555,0.0008210180623973728,gov
4,699,0.0008210180623973728,gov
4,374,0.0008143322475570033,reddit
4,448,0.0008143322475570033,gov
4,35,0.0008143322475570033,reddit
4,892,0.0008143322475570033,gov
4,843,0.0008143322475570033,gov
4,850,0.0008143322475570033,gov
4,345,0.0008143322475570033,reddit
4,1367,0.0008077544426494346,news
4,819,0.0008077544426494346,gov
4,628,0.0008012820512820514,gov
4,475,0.0008012820512820514,gov
4,268,0.0008012820512820514,reddit
4,483,0.0008012820512820514,gov
4,84,0.000794912559618442,reddit
4,931,0.000794912559618442,gov
4,39,0.000794912559618442,reddit
4,469,0.000794912559618442,gov
4,356,0.000794912559618442,reddit
4,697,0.0007886435331230285,gov
4,546,0.0007886435331230285,gov
4,788,0.0007886435331230285,gov
4,583,0.0007886435331230285,gov
4,13,0.0007886435331230285,reddit
4,122,0.0007886435331230285,reddit
4,765,0.0007886435331230285,gov
4,54,0.0007886435331230285,reddit
4,1450,0.000782472613458529,news
4,550,0.000782472613458529,gov
4,552,0.000782472613458529,gov
4,827,0.000782472613458529,gov
4,470,0.000782472613458529,gov
4,1427,0.000782472613458529,news
4,761,0.000782472613458529,gov
4,820,0.000782472613458529,gov
4,657,0.000782472613458529,gov
4,605,0.000782472613458529,gov
4,616,0.000782472613458529,gov
4,452,0.000782472613458529,gov
4,1415,0.0007763975155279503,news
4,840,0.0007763975155279503,gov
4,1290,0.0007763975155279503,news
4,600,0.0007763975155279503,gov
4,213,0.0007704160246533128,reddit
4,55,0.0007704160246533128,reddit
4,278,0.0007704160246533128,reddit
4,902,0.0007704160246533128,gov
4,946,0.0007704160246533128,gov
4,854,0.0007704160246533128,gov
4,927,0.0007645259938837921,gov
4,678,0.0007645259938837921,gov
4,888,0.0007645259938837921,gov
4,655,0.0007645259938837921,gov
4,327,0.0007587253414264037,reddit
4,756,0.0007587253414264037,gov
4,449,0.0007587253414264037,gov
4,950,0.0007587253414264037,gov
4,364,0.0007587253414264037,reddit
4,115,0.0007587253414264037,reddit
4,872,0.0007587253414264037,gov
4,1406,0.000753012048192771,news
4,867,0.000753012048192771,gov
4,280,0.000753012048192771,reddit
4,281,0.000753012048192771,reddit
4,1195,0.000753012048192771,news
4,1190,0.000753012048192771,news
4,242,0.000753012048192771,reddit
4,737,0.000753012048192771,gov
4,476,0.0007473841554559044,gov
4,375,0.0007473841554559044,reddit
4,802,0.0007473841554559044,gov
4,826,0.0007473841554559044,gov
4,793,0.0007473841554559044,gov
4,430,0.0007473841554559044,gov
4,234,0.000741839762611276,reddit
4,598,0.000741839762611276,gov
4,821,0.000741839762611276,gov
4,713,0.000741839762611276,gov
4,1126,0.000741839762611276,news
4,559,0.000741839762611276,gov
4,939,0.000741839762611276,gov
4,810,0.000741839762611276,gov
4,545,0.000741839762611276,gov
4,930,0.0007363770250368188,gov
4,654,0.0007363770250368188,gov
4,520,0.0007363770250368188,gov
4,636,0.0007363770250368188,gov
4,477,0.0007309941520467836,gov
4,792,0.0007309941520467836,gov
4,860,0.0007309941520467836,gov
4,741,0.000725689404934688,gov
4,1154,0.000725689404934688,news
4,529,0.000725689404934688,gov
4,627,0.000725689404934688,gov
4,118,0.000725689404934688,reddit
4,267,0.000725689404934688,reddit
4,1460,0.000725689404934688,news
4,750,0.000725689404934688,gov
4,426,0.0007204610951008645,reddit
4,427,0.0007204610951008645,gov
4,604,0.000715307582260372,gov
4,1003,0.000715307582260372,news
4,597,0.000715307582260372,gov
4,522,0.000715307582260372,gov
4,940,0.0007102272727272727,gov
4,453,0.0007102272727272727,gov
4,829,0.0007102272727272727,gov
4,644,0.0007102272727272727,gov
4,890,0.0007052186177715092,gov
4,755,0.0007052186177715092,gov
4,770,0.0007052186177715092,gov
4,790,0.0007002801120448179,gov
4,542,0.0007002801120448179,gov
4,96,0.0007002801120448179,reddit
4,680,0.0007002801120448179,gov
4,690,0.0006954102920723226,gov
4,683,0.0006954102920723226,gov
4,624,0.0006954102920723226,gov
4,1095,0.0006954102920723226,news
4,460,0.0006906077348066298,gov
4,509,0.0006906077348066298,gov
4,1221,0.0006906077348066298,news
4,811,0.0006906077348066298,gov
4,474,0.0006906077348066298,gov
4,771,0.0006858710562414266,gov
4,24,0.0006858710562414266,reddit
4,472,0.0006858710562414266,gov
4,434,0.0006811989100817438,gov
4,975,0.0006811989100817438,news
4,937,0.0006811989100817438,gov
4,589,0.0006765899864682002,gov
4,953,0.0006765899864682002,gov
4,752,0.0006765899864682002,gov
4,887,0.0006765899864682002,gov
4,912,0.0006720430107526881,gov
4,914,0.0006720430107526881,gov
4,795,0.0006720430107526881,gov
4,936,0.0006675567423230974,gov
4,732,0.0006675567423230974,gov
4,766,0.0006675567423230974,gov
4,1038,0.0006675567423230974,news
4,12,0.000663129973474801,reddit
4,632,0.000663129973474801,gov
4,484,0.000663129973474801,gov
4,913,0.000663129973474801,gov
4,738,0.000663129973474801,gov
4,422,0.000663129973474801,reddit
4,702,0.0006587615283267457,gov
4,489,0.0006587615283267457,gov
4,758,0.0006544502617801048,gov
4,760,0.0006544502617801048,gov
4,751,0.0006544502617801048,gov
4,842,0.0006544502617801048,gov
4,47,0.0006544502617801048,reddit
4,1425,0.0006501950585175553,news
4,615,0.0006501950585175553,gov
4,622,0.0006459948320413437,gov
4,592,0.0006459948320413437,gov
4,1179,0.0006459948320413437,news
4,435,0.0006459948320413437,gov
4,1456,0.0006418485237483953,news
4,437,0.0006377551020408163,gov
4,938,0.0006377551020408163,gov
4,89,0.0006377551020408163,reddit
4,729,0.0006297229219143577,gov
4,714,0.0006297229219143577,gov
4,1375,0.0006297229219143577,news
4,944,0.0006257822277847309,gov
4,824,0.0006218905472636816,gov
4,1044,0.0006218905472636816,news
4,778,0.0006218905472636816,gov
4,443,0.0006180469715698393,gov
4,880,0.0006180469715698393,gov
4,705,0.0006142506142506142,gov
4,621,0.0006105006105006105,gov
4,547,0.0006105006105006105,gov
4,1,0.0006105006105006105,reddit
4,837,0.0006105006105006105,gov
4,716,0.0006105006105006105,gov
4,665,0.0006105006105006105,gov
4,1036,0.0006067961165048543,news
4,436,0.0006031363088057901,gov
4,538,0.0006031363088057901,gov
4,753,0.0006031363088057901,gov
4,1168,0.0005995203836930455,news
4,935,0.0005959475566150178,gov
4,1418,0.0005959475566150178,news
4,747,0.0005959475566150178,gov
4,748,0.0005959475566150178,gov
4,997,0.0005924170616113745,news
4,1409,0.0005924170616113745,news
4,478,0.0005889281507656066,gov
4,464,0.000585480093676815,gov
4,540,0.000585480093676815,gov
4,602,0.000585480093676815,gov
4,719,0.000585480093676815,gov
4,789,0.0005820721769499418,gov
4,433,0.0005787037037037037,gov
4,825,0.0005787037037037037,gov
4,875,0.0005787037037037037,gov
4,734,0.0005753739930955121,gov
4,1032,0.0005753739930955121,news
4,767,0.0005720823798627002,gov
4,1084,0.0005720823798627002,news
4,1022,0.0005656108597285067,news
4,834,0.0005656108597285067,gov
4,882,0.000562429696287964,gov
4,1391,0.000562429696287964,news
4,626,0.000562429696287964,gov
4,587,0.0005592841163310962,gov
4,444,0.0005592841163310962,gov
4,603,0.0005561735261401557,gov
4,949,0.0005561735261401557,gov
4,585,0.0005530973451327434,gov
4,762,0.0005530973451327434,gov
4,796,0.0005470459518599562,gov
4,754,0.0005470459518599562,gov
4,726,0.000544069640914037,gov
4,8,0.0005411255411255411,reddit
4,721,0.0005411255411255411,gov
4,608,0.0005382131324004305,gov
4,800,0.0005382131324004305,gov
4,1100,0.0005382131324004305,news
4,947,0.0005382131324004305,gov
4,1211,0.0005324813631522897,news
4,454,0.0005296610169491525,gov
4,1335,0.0005268703898840885,news
4,696,0.0005213764337851929,gov
4,710,0.0005159958720330237,gov
4,633,0.0005159958720330237,gov
4,709,0.0005159958720330237,gov
4,1474,0.000513347022587269,news
4,964,0.000513347022587269,news
4,1398,0.0005107252298263534,news
4,759,0.0005107252298263534,gov
4,1311,0.000508130081300813,news
4,1217,0.000508130081300813,news
4,1402,0.0005055611729019212,news
4,735,0.0005055611729019212,gov
4,1417,0.0005055611729019212,news
4,1074,0.0005005005005005005,news
4,707,0.00049800796812749,gov
4,1075,0.00049800796812749,news
4,743,0.00049800796812749,gov
4,922,0.0004930966469428008,gov
4,1200,0.0004906771344455348,news
4,1208,0.0004906771344455348,news
4,1204,0.00048828125,news
4,650,0.00048828125,gov
4,1438,0.00048828125,news
4,431,0.00048828125,gov
4,1416,0.00048590864917395527,news
4,845,0.00048590864917395527,gov
4,1030,0.00048355899419729207,news
4,720,0.00048355899419729207,gov
4,1127,0.00048123195380173246,news
4,969,0.00047664442326024784,news
4,1121,0.0004743833017077799,news
4,1011,0.00047214353163361664,news
4,916,0.00047214353163361664,gov
4,1024,0.00047214353163361664,news
4,1072,0.00046992481203007516,news
4,1009,0.00046992481203007516,news
4,1131,0.0004677268475210477,news
4,1189,0.0004655493482309125,news
4,775,0.0004655493482309125,gov
4,814,0.0004633920296570899,gov
4,978,0.0004633920296570899,news
4,646,0.00046125461254612545,gov
4,941,0.00046125461254612545,gov
4,75,0.00046125461254612545,reddit
4,933,0.0004591368227731864,gov
4,1457,0.0004570383912248629,news
4,611,0.00045495905368516835,gov
4,1393,0.00045495905368516835,news
4,1153,0.0004528985507246377,news
4,1271,0.0004508566275924256,news
4,745,0.0004488330341113106,gov
4,152,0.0004488330341113106,reddit
4,1161,0.00044682752457551384,news
4,823,0.0004428697962798937,gov
4,607,0.0004409171075837742,gov
4,1472,0.0004409171075837742,news
4,813,0.0004389815627743635,gov
4,1023,0.0004332755632582322,news
4,532,0.0004314063848144953,gov
4,1468,0.0004314063848144953,news
4,1340,0.000427715996578272,news
4,561,0.000427715996578272,gov
4,985,0.00042589437819420784,news
4,487,0.00042408821034775233,gov
4,1467,0.0004222972972972973,news
4,1007,0.0004222972972972973,news
4,1002,0.0004222972972972973,news
4,746,0.00042052144659377626,gov
4,496,0.00042052144659377626,gov
4,492,0.0004187604690117253,gov
4,1108,0.0004170141784820684,news
4,515,0.0004170141784820684,gov
4,491,0.0004152823920265781,gov
4,1440,0.0004152823920265781,news
4,817,0.00041356492969396195,gov
4,780,0.00041186161449752884,gov
4,1280,0.00041017227235438887,news
4,1463,0.0004084967320261438,news
4,1156,0.0004068348250610252,news
4,708,0.0004051863857374392,gov
4,858,0.0004035512510088781,gov
4,574,0.00040192926045016077,gov
4,1397,0.00039872408293460925,news
4,1151,0.00039872408293460925,news
4,511,0.00039872408293460925,gov
4,864,0.00039556962025316455,gov
4,573,0.0003940110323089047,gov
4,1395,0.0003924646781789639,news
4,1411,0.00039093041438623924,news
4,992,0.00039093041438623924,news
4,1412,0.0003878975950349108,news
4,1125,0.0003863987635239567,news
4,1288,0.0003863987635239567,news
4,961,0.0003849114703618168,news
4,1380,0.0003834355828220859,news
4,1201,0.0003819709702062643,news
4,1017,0.000380517503805175,news
4,569,0.0003790750568612585,gov
4,1376,0.0003748125937031484,news
4,1086,0.0003720238095238095,news
4,521,0.0003720238095238095,gov
4,1049,0.0003720238095238095,news
4,1333,0.00037064492216456633,news
4,567,0.00037064492216456633,gov
4,1431,0.00037064492216456633,news
4,481,0.00037064492216456633,gov
4,1025,0.00036927621861152144,news
4,524,0.0003679175864606328,gov
4,1473,0.00036656891495601173,news
4,563,0.000363901018922853,gov
4,984,0.00036258158085569254,news
4,498,0.00036258158085569254,gov
4,577,0.000361271676300578,gov
4,1469,0.000361271676300578,news
4,1008,0.0003586800573888092,news
4,1117,0.0003586800573888092,news
4,568,0.00035739814152966406,gov
4,1010,0.00035612535612535614,news
4,1443,0.00035612535612535614,news
4,1462,0.00035486160397445,news
4,1445,0.00035486160397445,news
4,1041,0.0003536067892503536,news
4,1107,0.0003536067892503536,news
4,1407,0.00035236081747709656,news
4,1400,0.00035236081747709656,news
4,1187,0.00035236081747709656,news
4,564,0.00034989503149055286,gov
4,976,0.00034989503149055286,news
4,1177,0.0003486750348675035,news
4,1143,0.0003486750348675035,news
4,575,0.0003486750348675035,gov
4,1421,0.00034746351633078526,news
4,1433,0.00034746351633078526,news
4,510,0.0003450655624568668,gov
4,1408,0.0003450655624568668,news
4,1089,0.000343878954607978,news
4,1261,0.000343878954607978,news
4,1396,0.0003403675970047652,news
4,1116,0.0003403675970047652,news
4,1186,0.0003380662609871535,news
4,1429,0.0003380662609871535,news
4,558,0.0003380662609871535,gov
4,1055,0.00033692722371967657,news
4,1207,0.000335795836131632,news
4,1423,0.00033467202141900936,news
4,1465,0.00033355570380253505,news
4,338,0.0003324468085106383,reddit
4,1243,0.0003313452617627568,news
4,1174,0.0003270111183780249,news
4,572,0.0003270111183780249,gov
4,1248,0.0003259452411994785,news
4,576,0.0003259452411994785,gov
4,1122,0.0003248862897985705,news
4,1454,0.0003227888960619755,news
4,530,0.0003227888960619755,gov
4,1078,0.00032175032175032174,news
4,1184,0.00032175032175032174,news
4,1387,0.0003207184092366902,news
4,996,0.00031867431485022306,news
4,1019,0.0003176620076238882,news
4,1180,0.00031466331025802394,news
4,570,0.00031466331025802394,gov
4,571,0.00031367628607277293,gov
4,1082,0.00031269543464665416,news
4,1410,0.00030883261272390367,news
4,1149,0.00030883261272390367,news
4,1169,0.0003078817733990148,news
4,1458,0.0003078817733990148,news
4,1436,0.0003078817733990148,news
4,1159,0.00030693677102516884,news
4,1077,0.00030599755201958387,news
4,1413,0.00030599755201958387,news
4,578,0.00030599755201958387,gov
4,993,0.0003050640634533252,news
4,1046,0.00030413625304136254,news
4,1220,0.0002995805871779509,news
4,1176,0.0002986857825567503,news
4,1246,0.0002986857825567503,news
4,1366,0.0002969121140142518,news
4,1170,0.0002925687536571094,news
4,1076,0.0002891844997108155,news
4,625,0.0002858776443682104,gov
4,1426,0.0002858776443682104,news
4,1444,0.0002842524161455372,news
4,566,0.0002834467120181406,gov
4,619,0.0002802690582959641,gov
4,963,0.0002787068004459309,news
4,516,0.00027793218454697053,gov
4,1298,0.00027793218454697053,news
4,1216,0.0002756339581036384,news
4,700,0.0002756339581036384,gov
4,72,0.0002733734281027884,reddit
4,1401,0.0002726281352235551,news
4,1021,0.00027114967462039046,news
4,1319,0.0002696871628910464,news
4,506,0.0002682403433476395,gov
4,519,0.00026609898882384245,gov
4,1133,0.0002653927813163482,news
4,1167,0.0002565418163160595,news
4,1277,0.00025458248472505095,news
4,1182,0.0002501250625312656,news
4,620,0.00024764735017335313,gov
4,623,0.00024764735017335313,gov
4,1191,0.00024764735017335313,news
4,1148,0.0002464268112370626,news
4,1219,0.00024342745861733204,news
4,1163,0.0002428363283147159,news
4,986,0.00024224806201550387,news
4,1295,0.0002376425855513308,news
4,531,0.00023596035865974517,gov
4,1360,0.00023485204321277596,news
4,1160,0.0002337540906965872,news
4,1104,0.0002337540906965872,news
4,1210,0.00023212627669452182,news
4,1374,0.00022999080036798528,news
4,1284,0.00022893772893772894,news
4,1258,0.00022789425706472196,news
4,513,0.00022634676324128565,gov
4,1355,0.0002243158366980709,news
4,528,0.00021843599825251202,gov
4,744,0.00021150592216582066,gov
4,1302,0.0002106149957877001,news
4,1252,0.00020008003201280514,news
4,1461,0.0001973164956590371,news
4,1231,0.00019538882375928098,news
4,1304,0.00019425019425019428,news
4,966,0.00018910741301059005,news
4,1377,0.0001758087201125176,news
4,1068,0.00016672224074691566,news
4,512,0.00014819205690574987,gov
4,527,0.00014351320321469578,gov
5,626,0.9960629921259841,gov
5,705,0.9957002457002456,gov
5,615,0.995448634590377,gov
5,522,0.9949928469241772,gov
5,821,0.9948071216617209,gov
5,826,0.9947683109118085,gov
5,470,0.9945226917057903,gov
5,475,0.9943910256410257,gov
5,819,0.994345718901454,gov
5,479,0.994205298013245,gov
5,485,0.994205298013245,gov
5,467,0.994205298013245,gov
5,486,0.9940577249575552,gov
5,468,0.9936823104693141,gov
5,808,0.9936247723132968,gov
5,618,0.9932562620423891,gov
5,812,0.9905149051490515,gov
5,809,0.9905149051490515,gov
5,807,0.9903846153846153,gov
5,806,0.9903846153846153,gov
5,702,0.9888010540184452,gov
5,738,0.9887267904509283,gov
5,482,0.9853195164075993,gov
5,735,0.9812942366026288,gov
5,828,0.9804469273743018,gov
5,830,0.9804469273743018,gov
5,836,0.9804469273743018,gov
5,847,0.9804469273743018,gov
5,810,0.9799703264094954,gov
5,835,0.978658536585366,gov
5,844,0.978658536585366,gov
5,831,0.9695945945945945,gov
5,611,0.9695177434030936,gov
5,714,0.9641057934508815,gov
5,734,0.9499424626006904,gov
5,815,0.9498644986449865,gov
5,848,0.9481707317073172,gov
5,726,0.9472252448313383,gov
5,628,0.9463141025641025,gov
5,721,0.942099567099567,gov
5,768,0.941717791411043,gov
5,709,0.9396284829721362,gov
5,469,0.9308426073131956,gov
5,480,0.9285714285714285,gov
5,832,0.9245810055865923,gov
5,632,0.9224137931034482,gov
5,529,0.9150943396226414,gov
5,474,0.9122928176795579,gov
5,631,0.9091614906832297,gov
5,616,0.9084507042253521,gov
5,704,0.9072494669509594,gov
5,532,0.9063848144952544,gov
5,472,0.9060356652949244,gov
5,617,0.9007421150278293,gov
5,525,0.8926630434782608,gov
5,458,0.8877952755905513,gov
5,445,0.8820422535211269,gov
5,627,0.878809869375907,gov
5,630,0.8774597495527727,gov
5,741,0.8715529753265601,gov
5,811,0.8639502762430938,gov
5,825,0.845486111111111,gov
5,622,0.840439276485788,gov
5,732,0.8351134846461948,gov
5,524,0.8281824871228844,gov
5,450,0.8266509433962264,gov
5,449,0.8050075872534141,gov
5,487,0.7849872773536896,gov
5,515,0.7802335279399499,gov
5,455,0.7783171521035599,gov
5,516,0.7757087270705948,gov
5,518,0.7613224637681159,gov
5,740,0.7607449856733525,gov
5,606,0.7553879310344828,gov
5,607,0.7499999999999999,gov
5,719,0.7499999999999999,gov
5,717,0.7478777589134126,gov
5,716,0.7454212454212453,gov
5,722,0.7417763157894738,gov
5,610,0.7406015037593986,gov
5,710,0.7332301341589267,gov
5,708,0.729740680713128,gov
5,629,0.7088698140200285,gov
5,720,0.6968085106382979,gov
5,520,0.6929307805596464,gov
5,139,0.6864406779661016,reddit
5,521,0.6848958333333333,gov
5,625,0.6749571183533447,gov
5,715,0.674055829228243,gov
5,530,0.6717236927049709,gov
5,837,0.666056166056166,gov
5,640,0.6657801418439716,gov
5,712,0.6515410958904109,gov
5,473,0.6494974874371858,gov
5,608,0.6302475780409041,gov
5,533,0.6292719167904903,gov
5,488,0.6286828422876949,gov
5,613,0.6259191176470588,gov
5,728,0.6246200607902737,gov
5,914,0.6189516129032258,gov
5,660,0.61731843575419,gov
5,648,0.6153119092627599,gov
5,782,0.6151960784313726,gov
5,787,0.6097852028639619,gov
5,818,0.6077680525164113,gov
5,664,0.5984848484848484,gov
5,801,0.5940695296523518,gov
5,798,0.5850694444444444,gov
5,895,0.5823170731707318,gov
5,737,0.5805722891566264,gov
5,528,0.572520751419834,gov
5,766,0.5680907877169559,gov
5,456,0.5670731707317073,gov
5,813,0.5667251975417031,gov
5,514,0.5656342182890856,gov
5,87,0.5648148148148148,reddit
5,295,0.5648148148148148,reddit
5,718,0.5639312977099237,gov
5,916,0.5481586402266289,gov
5,614,0.5475708502024291,gov
5,388,0.5472972972972973,reddit
5,519,0.540447046301224,gov
5,651,0.5387323943661971,gov
5,920,0.5369068541300528,gov
5,512,0.5321576763485478,gov
5,621,0.5317460317460316,gov
5,457,0.5273972602739727,gov
5,527,0.5167910447761195,gov
5,824,0.5167910447761194,gov
5,773,0.5108024691358025,gov
5,700,0.5101984564498346,gov
5,926,0.5101744186046512,gov
5,517,0.5077707625060709,gov
5,634,0.5034860557768924,gov
5,451,0.4971910112359551,gov
5,842,0.4914921465968586,gov
5,511,0.49082934609250395,gov
5,921,0.4799651567944251,gov
5,945,0.4799554565701559,gov
5,635,0.4682804674457429,gov
5,526,0.4669593345656192,gov
5,513,0.4642372114078768,gov
5,918,0.4624413145539906,gov
5,523,0.45578457446808507,gov
5,551,0.4546313799621928,gov
5,446,0.4514925373134328,gov
5,440,0.4508547008547009,gov
5,654,0.4499263622974963,gov
5,444,0.447986577181208,gov
5,612,0.44507269789983844,gov
5,441,0.441320293398533,gov
5,476,0.4342301943198804,gov
5,464,0.43384074941451983,gov
5,461,0.4331476323119777,gov
5,946,0.43220338983050843,gov
5,678,0.4288990825688073,gov
5,888,0.4212538226299694,gov
5,785,0.41138328530259366,gov
5,711,0.40953307392996113,gov
5,786,0.40811965811965817,gov
5,833,0.4067357512953368,gov
5,642,0.40618336886993606,gov
5,727,0.39965397923875434,gov
5,428,0.3994708994708995,gov
5,748,0.39392133492252673,gov
5,649,0.3931552587646077,gov
5,531,0.3919301557338367,gov
5,677,0.3890086206896552,gov
5,944,0.38235294117647056,gov
5,701,0.3816964285714286,gov
5,839,0.38068181818181823,gov
5,580,0.37853773584905664,gov
5,703,0.37309160305343514,gov
5,823,0.37245349867139055,gov
5,609,0.3689248895434462,gov
5,739,0.3653846153846154,gov
5,930,0.36156111929307805,gov
5,840,0.35015527950310554,gov
5,463,0.34893048128342247,gov
5,453,0.3487215909090909,gov
5,817,0.34780810587262195,gov
5,560,0.3477722772277228,gov
5,225,0.34745762711864403,reddit
5,941,0.34640221402214016,gov
5,217,0.34401709401709407,reddit
5,594,0.343585237258348,gov
5,852,0.33990536277602523,gov
5,661,0.33959899749373434,gov
5,484,0.33885941644562334,gov
5,799,0.3380149812734083,gov
5,438,0.33798882681564246,gov
5,245,0.33762886597938147,reddit
5,659,0.3347978910369069,gov
5,448,0.3346905537459284,gov
5,1221,0.3321823204419889,news
5,542,0.32983193277310924,gov
5,724,0.3291457286432161,gov
5,908,0.3268229166666667,gov
5,459,0.3231707317073171,gov
5,820,0.32159624413145543,gov
5,636,0.3173784977908689,gov
5,731,0.3159722222222222,gov
5,880,0.3158220024721879,gov
5,43,0.31473214285714285,reddit
5,562,0.31453634085213034,gov
5,619,0.31418161434977576,gov
5,907,0.31314878892733566,gov
5,884,0.311623246492986,gov
5,541,0.3062977099236641,gov
5,776,0.30500894454382826,gov
5,460,0.30455801104972374,gov
5,465,0.30280172413793105,gov
5,656,0.2994579945799458,gov
5,202,0.29710144927536225,reddit
5,392,0.29710144927536225,reddit
5,803,0.2905629139072848,gov
5,452,0.29029733959311427,gov
5,924,0.2886904761904762,gov
5,5,0.2879656160458453,reddit
5,1138,0.2877604166666667,news
5,665,0.2875457875457875,gov
5,454,0.2865466101694915,gov
5,623,0.28504210004952946,gov
5,582,0.2844129554655871,gov
5,620,0.28256562654779593,gov
5,859,0.28034682080924855,gov
5,900,0.27994428969359336,gov
5,733,0.27889447236180903,gov
5,903,0.2760989010989011,gov
5,153,0.27445652173913043,reddit
5,224,0.27445652173913043,reddit
5,940,0.2705965909090909,gov
5,802,0.26980568011958145,gov
5,889,0.2668439716312057,gov
5,96,0.2668067226890756,reddit
5,1157,0.26509511993382956,news
5,581,0.2603092783505155,gov
5,535,0.259698275862069,gov
5,872,0.25872534142640363,gov
5,416,0.25854700854700857,reddit
5,647,0.2577054794520548,gov
5,829,0.25639204545454547,gov
5,413,0.25483091787439616,reddit
5,31,0.2533670033670034,reddit
5,796,0.2521881838074398,gov
5,223,0.2515030060120241,reddit
5,816,0.24942129629629628,gov
5,595,0.24911347517730498,gov
5,893,0.2482394366197183,gov
5,272,0.24692442882249563,reddit
5,777,0.24652777777777776,gov
5,990,0.24613284804367605,news
5,713,0.24554896142433233,gov
5,412,0.24438202247191013,reddit
5,220,0.244047619047619,reddit
5,639,0.24331020812685827,gov
5,210,0.2423857868020305,reddit
5,344,0.24024822695035464,reddit
5,641,0.23853989813242787,gov
5,35,0.23697068403908797,reddit
5,882,0.23678290213723283,gov
5,1153,0.23596014492753623,news
5,447,0.23567708333333337,gov
5,309,0.23567708333333337,reddit
5,645,0.2345575959933222,gov
5,783,0.2345360824742268,gov
5,1318,0.2340743198407432,news
5,539,0.23380566801619435,gov
5,729,0.2336272040302267,gov
5,791,0.2323788546255507,gov
5,434,0.23228882833787465,gov
5,794,0.23221757322175732,gov
5,72,0.22990705303444503,reddit
5,797,0.22969543147208124,gov
5,1222,0.22916666666666669,news
5,591,0.2277882797731569,gov
5,1135,0.22442120985810307,news
5,939,0.22329376854599406,gov
5,779,0.22303921568627452,gov
5,947,0.22120559741657697,gov
5,672,0.21948998178506376,gov
5,130,0.21942446043165464,reddit
5,466,0.21850393700787402,gov
5,958,0.21797520661157027,gov
5,603,0.21746384872080088,gov
5,769,0.21483180428134555,gov
5,644,0.2137784090909091,gov
5,122,0.2137223974763407,reddit
5,192,0.2130281690140845,reddit
5,403,0.21231617647058826,reddit
5,1048,0.21188717259905976,news
5,159,0.21087786259541988,reddit
5,890,0.20521861777150915,gov
5,1312,0.20509766555502618,news
5,271,0.2050092764378479,reddit
5,33,0.2047872340425532,reddit
5,1132,0.20389761489237926,news
5,652,0.20382882882882886,gov
5,752,0.20365358592692828,gov
5,1415,0.202639751552795,news
5,136,0.20133587786259544,reddit
5,707,0.1997011952191235,gov
5,646,0.19880073800738007,gov
5,266,0.19805194805194803,reddit
5,88,0.19756554307116106,reddit
5,561,0.1971770744225834,gov
5,1139,0.19593933463796476,news
5,774,0.19529652351738244,gov
5,400,0.19476082004555811,reddit
5,1244,0.19421023046655422,news
5,1217,0.19359756097560976,news
5,757,0.19216757741347906,gov
5,746,0.1896551724137931,gov
5,706,0.189484126984127,gov
5,1306,0.1884187880960918,news
5,1161,0.18811438784629134,news
5,959,0.18797776233495483,news
5,822,0.1857976653696498,gov
5,437,0.18558673469387754,gov
5,26,0.18452380952380953,reddit
5,152,0.18447037701974864,reddit
5,784,0.18337129840546698,gov
5,1402,0.18250758341759352,news
5,18,0.18230277185501068,reddit
5,843,0.17996742671009774,gov
5,923,0.17978533094812166,gov
5,277,0.17846607669616518,reddit
5,107,0.17796610169491525,reddit
5,137,0.1766528925619835,reddit
5,655,0.17660550458715596,gov
5,1424,0.17612687813021705,news
5,62,0.17607003891050585,reddit
5,633,0.17595459236326108,gov
5,876,0.1755514705882353,gov
5,187,0.17466887417218543,reddit
5,897,0.17335243553008597,gov
5,89,0.17283163265306123,reddit
5,725,0.17282321899736147,gov
5,246,0.17226890756302518,reddit
5,1272,0.17202835332606325,news
5,545,0.17136498516320475,gov
5,730,0.1708407871198569,gov
5,483,0.16907051282051283,gov
5,146,0.16805845511482256,reddit
5,274,0.16797642436149315,reddit
5,142,0.16637630662020908,reddit
5,901,0.16598360655737704,gov
5,41,0.1658878504672897,reddit
5,228,0.16489361702127658,reddit
5,909,0.16416040100250626,gov
5,321,0.16335740072202168,reddit
5,891,0.16308243727598568,gov
5,1144,0.16152407667134172,news
5,252,0.16137566137566137,reddit
5,1309,0.16080729166666666,news
5,418,0.16037735849056603,reddit
5,1064,0.16037735849056603,news
5,351,0.16037735849056603,reddit
5,215,0.1602112676056338,reddit
5,1445,0.16004258339247693,news
5,1223,0.1584788398934596,news
5,1251,0.1581959706959707,news
5,1163,0.15808644973288002,news
5,881,0.15716911764705885,gov
5,1057,0.15680039138943247,news
5,1013,0.15434949961508854,news
5,838,0.15433212996389895,gov
5,624,0.15368567454798332,gov
5,124,0.15359477124183007,reddit
5,1148,0.15303104977821588,news
5,1277,0.1530040733197556,news
5,984,0.15264684554024655,news
5,1208,0.15260058881256133,news
5,66,0.14967105263157895,reddit
5,1053,0.14928756476683938,news
5,1350,0.14924314096499527,news
5,126,0.1492027334851936,reddit
5,1141,0.1487754038561751,news
5,744,0.14826565143824025,gov
5,332,0.14797794117647062,reddit
5,218,0.14688715953307394,reddit
5,1150,0.1448372840498192,news
5,778,0.14365671641791045,gov
5,1011,0.1421152030217186,news
5,419,0.14138576779026218,reddit
5,1317,0.1411730879815986,news
5,1399,0.1411637931034483,news
5,219,0.14066852367688024,reddit
5,600,0.140527950310559,gov
5,667,0.13959955506117908,gov
5,296,0.13850687622789784,reddit
5,365,0.13784246575342468,reddit
5,981,0.13724013257005122,news
5,1307,0.13714902807775378,news
5,462,0.1369209809264305,gov
5,15,0.13674321503131523,reddit
5,248,0.13583815028901733,reddit
5,1391,0.13554555680539931,news
5,1422,0.13502902014339366,news
5,1434,0.13429137760158572,news
5,1254,0.13399588759424264,news
5,637,0.13371356147021546,gov
5,158,0.1325910931174089,reddit
5,147,0.13153310104529617,reddit
5,267,0.1313497822931785,reddit
5,1022,0.13065610859728508,news
5,241,0.13025210084033614,reddit
5,928,0.1296068796068796,gov
5,967,0.12898089171974522,news
5,27,0.12898089171974522,reddit
5,204,0.1284153005464481,reddit
5,1060,0.12672993277975483,news
5,913,0.126657824933687,gov
5,1051,0.12646713615023475,news
5,1078,0.1258043758043758,news
5,1001,0.125,news
5,171,0.125,reddit
5,1091,0.125,news
5,723,0.125,gov
5,742,0.125,gov
5,1233,0.125,news
5,1425,0.12418725617685306,news
5,993,0.12233068944478341,news
5,604,0.1223175965665236,gov
5,1395,0.12205651491365777,news
5,1043,0.12200956937799043,news
5,281,0.12123493975903614,reddit
5,1033,0.12049639711769415,news
5,389,0.11886051080550099,reddit
5,47,0.11845549738219896,reddit
5,827,0.11815336463223787,gov
5,1335,0.11643835616438357,news
5,1047,0.11642027455121436,news
5,1314,0.114910790144435,news
5,991,0.11382393397524071,news
5,998,0.11349693251533742,news
5,422,0.11339522546419098,reddit
5,1230,0.11318579990779161,news
5,965,0.11221227621483376,news
5,86,0.11128526645768025,reddit
5,1169,0.11114532019704433,news
5,1176,0.11081242532855436,news
5,662,0.1095679012345679,gov
5,597,0.10801144492131616,gov
5,1128,0.10707138092061375,news
5,114,0.1069364161849711,reddit
5,1372,0.10692148760330579,news
5,265,0.1063268892794376,reddit
5,1149,0.10531192093885114,news
5,1339,0.10494652406417113,news
5,696,0.10479666319082377,gov
5,128,0.10393258426966293,reddit
5,546,0.10331230283911672,gov
5,1298,0.10311284046692606,news
5,1080,0.10285891858297079,news
5,1411,0.10203283815480844,news
5,676,0.1020066889632107,gov
5,301,0.10185185185185186,reddit
5,1062,0.10114503816793893,news
5,1288,0.1008500772797527,news
5,972,0.10050136736554238,news
5,49,0.09928443649373882,reddit
5,361,0.09921414538310412,reddit
5,922,0.09911242603550297,gov
5,32,0.09824902723735408,reddit
5,298,0.0973756906077348,reddit
5,1311,0.09705284552845529,news
5,1337,0.09694272445820434,news
5,674,0.09659090909090909,gov
5,1232,0.09606173496540714,news
5,189,0.09546313799621928,reddit
5,1191,0.09435364041604755,news
5,1256,0.09361619307123395,news
5,579,0.09332988624612203,gov
5,846,0.09331797235023041,gov
5,63,0.09322033898305085,reddit
5,101,0.09322033898305085,reddit
5,81,0.09322033898305085,reddit
5,875,0.0931712962962963,gov
5,1361,0.09281215264912931,news
5,408,0.09210526315789473,reddit
5,1097,0.09121621621621621,news
5,10,0.09115523465703972,reddit
5,237,0.09033989266547406,reddit
5,588,0.08935361216730037,gov
5,1266,0.0893254262416605,news
5,961,0.08891454965357967,news
5,1042,0.08863328822733423,news
5,1252,0.08823529411764706,news
5,61,0.08823529411764706,reddit
5,214,0.08823529411764706,reddit
5,795,0.08803763440860214,gov
5,1404,0.08770014556040757,news
5,28,0.08721934369602763,reddit
5,1173,0.0871943371943372,news
5,1346,0.08643925036849863,news
5,969,0.08627264061010487,news
5,749,0.08608058608058607,gov
5,396,0.0859375,reddit
5,304,0.0857487922705314,reddit
5,1228,0.08516288951841361,news
5,1002,0.08488175675675676,news
5,927,0.08486238532110091,gov
5,814,0.08387395736793328,gov
5,374,0.08224755700325732,reddit
5,1420,0.0820285908781484,news
5,584,0.08198380566801619,gov
5,1058,0.08183795541054921,news
5,1041,0.08168316831683169,news
5,1032,0.0811277330264672,news
5,569,0.07998483699772554,gov
5,1330,0.07995495495495496,news
5,1253,0.07928034796362199,news
5,758,0.07918848167539266,gov
5,264,0.07902973395931143,reddit
5,933,0.07851239669421488,gov
5,349,0.07835820895522388,reddit
5,980,0.07672764227642276,news
5,1291,0.0758880516684607,news
5,433,0.07581018518518517,gov
5,775,0.07495344506517691,gov
5,780,0.07454695222405272,gov
5,1012,0.07392102846648302,news
5,1349,0.07389537836465211,news
5,44,0.07377049180327869,reddit
5,1077,0.07374541003671971,news
5,845,0.07337220602526724,gov
5,1193,0.07300756253635834,news
5,986,0.07291666666666667,news
5,330,0.07242990654205608,reddit
5,931,0.07233704292527822,gov
5,1377,0.07225738396624473,news
5,319,0.07193396226415094,reddit
5,181,0.07186234817813765,reddit
5,1109,0.07173107464266808,news
5,442,0.07077625570776257,gov
5,1237,0.0706096925482022,news
5,150,0.06998100063331222,reddit
5,870,0.06994818652849741,gov
5,97,0.06962025316455696,reddit
5,37,0.06906614785992218,reddit
5,64,0.06906614785992218,reddit
5,305,0.06906614785992218,reddit
5,333,0.0688622754491018,reddit
5,1473,0.06634897360703812,news
5,1301,0.06624518966465091,news
5,387,0.06547619047619048,reddit
5,1003,0.06509298998569384,news
5,1457,0.06444241316270566,news
5,938,0.06441326530612244,gov
5,1278,0.06370402802101577,news
5,322,0.06294326241134751,reddit
5,1347,0.06268509378084897,news
5,148,0.0623721881390593,reddit
5,328,0.062347188264058676,reddit
5,1384,0.06209352740786622,news
5,948,0.06184668989547038,gov
5,1017,0.061263318112633185,news
5,430,0.060538116591928245,gov
5,75,0.06042435424354243,reddit
5,1260,0.060123329907502576,news
5,489,0.05994729907773386,gov
5,1143,0.0596234309623431,news
5,393,0.05865921787709498,reddit
5,999,0.05822906641000962,news
5,1356,0.05796472969066205,news
5,1182,0.05777888944472236,news
5,834,0.05712669683257918,gov
5,90,0.05658627087198516,reddit
5,1040,0.05643879173290938,news
5,1189,0.056331471135940406,news
5,599,0.05606617647058823,gov
5,578,0.05538555691554468,gov
5,352,0.055054151624548735,reddit
5,1204,0.05419921874999999,news
5,282,0.052884615384615384,reddit
5,544,0.05269922879177378,gov
5,994,0.052652733118971055,news
5,1257,0.05265123226288274,news
5,1145,0.05264778325123153,news
5,792,0.05190058479532163,gov
5,194,0.05167597765363128,reddit
5,1430,0.051124002900652644,news
5,571,0.05050188205771644,gov
5,805,0.050496688741721855,gov
5,1379,0.04988974641675855,news
5,134,0.04971988795518207,reddit
5,885,0.0496742671009772,gov
5,230,0.04961089494163424,reddit
5,1286,0.04919908466819223,news
5,1392,0.04913294797687861,news
5,800,0.048977395048439176,gov
5,896,0.04858934169278997,gov
5,199,0.048245614035087724,reddit
5,1152,0.04823247453565009,news
5,1202,0.048020527859237536,news
5,1140,0.04750673854447439,news
5,950,0.04628224582701061,gov
5,364,0.04628224582701061,reddit
5,1406,0.04593373493975903,news
5,293,0.04404145077720207,reddit
5,179,0.04404145077720207,reddit
5,1380,0.04256134969325153,news
5,1315,0.041918429003021146,news
5,905,0.04187192118226601,gov
5,1447,0.04178145087235996,news
5,759,0.04136874361593462,gov
5,1199,0.04132712456344586,news
5,1235,0.041197932502280335,news
5,481,0.04114158636026686,gov
5,1134,0.0411318553092182,news
5,593,0.04027504911591356,gov
5,379,0.04027504911591356,reddit
5,1018,0.04011119936457506,news
5,1110,0.039744847890088315,news
5,1276,0.039710399297937696,news
5,197,0.03956834532374101,reddit
5,1052,0.039257981018119066,news
5,1371,0.039241164241164236,news
5,109,0.03912213740458015,reddit
5,1070,0.03880692751763951,news
5,1273,0.0383153894870171,news
5,343,0.03819444444444445,reddit
5,1342,0.038063909774436085,news
5,1044,0.03793532338308457,news
5,1133,0.037420382165605094,news
5,80,0.03724053724053723,reddit
5,436,0.03679131483715319,gov
5,638,0.03663570691434468,gov
5,935,0.03635280095351608,gov
5,502,0.03633217993079585,gov
5,1162,0.03509280742459397,news
5,1106,0.03441641727233861,news
5,1239,0.034377127297481276,news
5,1092,0.03435114503816794,news
5,554,0.03292046936114733,gov
5,1248,0.03292046936114733,news
5,22,0.03270042194092827,reddit
5,550,0.032081377151799685,gov
5,605,0.032081377151799685,gov
5,201,0.03206483439041578,reddit
5,868,0.031376518218623486,gov
5,180,0.03052325581395349,reddit
5,381,0.03045186640471513,reddit
5,250,0.03045186640471513,reddit
5,1075,0.03037848605577689,news
5,338,0.030252659574468082,reddit
5,1321,0.030238500851788752,news
5,20,0.030155642023346304,reddit
5,1358,0.02944862155388471,news
5,384,0.029385374607447286,reddit
5,1292,0.029176201372997708,news
5,1462,0.028743789921930444,news
5,1259,0.028740675734971476,news
5,978,0.02826691380908248,news
5,1210,0.028087279480037138,news
5,1216,0.027839029768467475,news
5,1338,0.02776756160353071,news
5,161,0.027728085867620753,reddit
5,8,0.027597402597402593,reddit
5,1073,0.02732871439568899,news
5,1118,0.026960784313725495,news
5,53,0.02677029360967185,reddit
5,131,0.02677029360967185,reddit
5,3,0.02654109589041096,reddit
5,315,0.026315789473684213,reddit
5,1375,0.02581863979848866,news
5,753,0.02472858866103739,gov
5,1212,0.02440987124463519,news
5,195,0.024068322981366456,reddit
5,1079,0.02405907575035731,news
5,326,0.0240174672489083,reddit
5,1385,0.0238883632923368,news
5,979,0.023415977961432504,news
5,1303,0.02312271062271062,news
5,1327,0.023066926575698504,news
5,212,0.023012552301255235,reddit
5,1403,0.022676991150442475,news
5,348,0.02238805970149254,reddit
5,173,0.02238805970149254,reddit
5,257,0.022151898734177215,reddit
5,1175,0.02213216957605985,news
5,790,0.021708683473389355,gov
5,67,0.020833333333333336,reddit
5,382,0.020833333333333336,reddit
5,1170,0.020772381509654766,news
5,500,0.02041499330655957,gov
5,751,0.020287958115183247,gov
5,1127,0.019730510105871027,news
5,78,0.019713261648745522,reddit
5,925,0.019301470588235295,gov
5,1045,0.01859612362493452,news
5,1284,0.018543956043956044,news
5,1123,0.01812891674127126,news
5,1136,0.017687661777394302,news
5,291,0.01767676767676768,reddit
5,236,0.017241379310344827,reddit
5,38,0.017241379310344827,reddit
5,183,0.01697530864197531,reddit
5,1050,0.016748366013071895,news
5,1156,0.01668022782750203,news
5,932,0.016595289079229122,gov
5,1450,0.01643192488262911,news
5,1290,0.016304347826086956,news
5,1146,0.016252390057361375,news
5,503,0.016178736517719568,gov
5,854,0.016178736517719568,gov
5,1458,0.015701970443349752,news
5,793,0.01569506726457399,gov
5,1352,0.015615337043908472,news
5,1343,0.015542077331311598,news
5,1074,0.015515515515515515,news
5,1027,0.015425131677953346,news
5,1313,0.014918190567853705,news
5,755,0.014809590973201692,gov
5,46,0.014502762430939226,reddit
5,934,0.013959390862944164,gov
5,1111,0.013925729442970821,news
5,499,0.013613861386138616,gov
5,360,0.013285024154589374,reddit
5,249,0.012820512820512822,reddit
5,366,0.012820512820512822,reddit
5,370,0.012820512820512822,reddit
5,1348,0.012469586374695862,news
5,1219,0.012414800389483933,news
5,1397,0.012360446570972886,news
5,1229,0.011960326721120185,news
5,1242,0.011886503067484662,news
5,856,0.011727078891257996,gov
5,120,0.011727078891257996,reddit
5,1158,0.011720983419096625,news
5,1086,0.011532738095238096,news
5,1035,0.011363636363636366,news
5,235,0.011363636363636364,reddit
5,102,0.011363636363636364,reddit
5,362,0.011363636363636364,reddit
5,1021,0.011117136659436007,news
5,129,0.011022044088176353,reddit
5,1400,0.010923185341789992,news
5,127,0.010912698412698414,reddit
5,269,0.010912698412698414,reddit
5,601,0.010912698412698414,gov
5,1172,0.010700389105058368,news
5,1039,0.010700389105058368,news
5,73,0.010496183206106872,reddit
5,273,0.010299625468164795,reddit
5,1213,0.010299625468164795,news
5,1419,0.01023778071334214,news
5,239,0.010204081632653062,reddit
5,368,0.01020408163265306,reddit
5,421,0.01020408163265306,reddit
5,325,0.01020408163265306,reddit
5,91,0.01011029411764706,reddit
5,1263,0.01005394801373222,news
5,263,0.009927797833935019,reddit
5,684,0.009927797833935019,gov
5,310,0.00975177304964539,reddit
5,1119,0.009717987804878049,news
5,1093,0.009597806215722121,news
5,397,0.009581881533101046,reddit
5,367,0.009499136442141624,reddit
5,553,0.009417808219178083,gov
5,30,0.009417808219178083,reddit
5,240,0.009417808219178083,reddit
5,276,0.00925925925925926,reddit
5,259,0.009259259259259259,reddit
5,288,0.009259259259259259,reddit
5,50,0.009259259259259259,reddit
5,404,0.009259259259259259,reddit
5,157,0.009259259259259259,reddit
5,1056,0.009177027827116636,news
5,985,0.008943781942078365,news
5,492,0.008793969849246231,gov
5,16,0.008744038155802863,reddit
5,697,0.008675078864353314,gov
5,402,0.00847457627118644,reddit
5,864,0.008306962025316455,gov
5,1195,0.008283132530120483,news
5,375,0.008221225710014948,reddit
5,398,0.008160237388724036,reddit
5,860,0.00804093567251462,gov
5,565,0.007990867579908675,gov
5,1224,0.007973251028806584,news
5,549,0.00793343653250774,gov
5,1331,0.007848568790397045,news
5,1049,0.0078125,news
5,112,0.0078125,reddit
5,308,0.0078125,reddit
5,406,0.0078125,reddit
5,100,0.0078125,reddit
5,770,0.007757404795486601,gov
5,1270,0.00772626931567329,news
5,975,0.007493188010899182,news
5,1443,0.007478632478632479,news
5,1006,0.007425742574257425,news
5,564,0.00734779566130161,gov
5,303,0.007246376811594203,reddit
5,417,0.007246376811594203,reddit
5,255,0.007246376811594203,reddit
5,292,0.007246376811594203,reddit
5,316,0.007246376811594203,reddit
5,1179,0.0071059431524547806,news
5,1454,0.006778566817301485,news
5,104,0.006756756756756757,reddit
5,2,0.006756756756756757,reddit
5,176,0.006756756756756757,reddit
5,98,0.006756756756756757,reddit
5,478,0.006478209658421673,gov
5,557,0.006365740740740741,gov
5,323,0.006329113924050633,reddit
5,155,0.006329113924050633,reddit
5,243,0.006329113924050633,reddit
5,138,0.006257110352673493,reddit
5,949,0.006117908787541713,gov
5,762,0.006084070796460177,gov
5,169,0.005952380952380952,reddit
5,113,0.005952380952380952,reddit
5,17,0.005952380952380952,reddit
5,1474,0.005646817248459959,news
5,133,0.0056179775280898875,reddit
5,347,0.0056179775280898875,reddit
5,74,0.0056179775280898875,reddit
5,79,0.0056179775280898875,reddit
5,0,0.0056179775280898875,reddit
5,911,0.0056179775280898875,gov
5,1088,0.005252626313156579,news
5,208,0.005050505050505051,reddit
5,14,0.005050505050505051,reddit
5,1393,0.005004549590536852,news
5,355,0.004807692307692308,reddit
5,167,0.004807692307692308,reddit
5,496,0.00462573591253154,gov
5,376,0.0045871559633027525,reddit
5,899,0.0045871559633027525,gov
5,105,0.0045871559633027525,reddit
5,380,0.0045871559633027525,reddit
5,1463,0.004493464052287582,news
5,858,0.00443906376109766,gov
5,505,0.0043859649122807015,gov
5,507,0.0043859649122807015,gov
5,58,0.0043859649122807015,reddit
5,490,0.0043859649122807015,gov
5,494,0.0043859649122807015,gov
5,497,0.0043859649122807015,gov
5,205,0.0043859649122807015,reddit
5,508,0.0043859649122807015,gov
5,233,0.0043859649122807015,reddit
5,504,0.0043859649122807015,gov
5,1147,0.0043859649122807015,news
5,970,0.004376823676531888,news
5,1267,0.004331683168316832,news
5,48,0.004201680672268907,reddit
5,221,0.004201680672268907,reddit
5,1025,0.004062038404726736,news
5,103,0.004032258064516129,reddit
5,279,0.003875968992248062,reddit
5,929,0.003875968992248062,gov
5,300,0.003875968992248062,reddit
5,1421,0.0038220986796386382,news
5,1363,0.0037440435670524166,news
5,177,0.0037313432835820895,reddit
5,1386,0.0036825849370396772,news
5,1085,0.003644797879390325,news
5,1068,0.003501167055685229,news
5,324,0.0034722222222222225,reddit
5,9,0.0034722222222222225,reddit
5,410,0.0034722222222222225,reddit
5,1180,0.003461296412838263,news
5,1082,0.0034396497811131957,news
5,906,0.003355704697986577,gov
5,1046,0.003345498783454988,news
5,70,0.0031446540880503146,reddit
5,391,0.0031446540880503146,reddit
5,143,0.0031446540880503146,reddit
5,251,0.0031446540880503146,reddit
5,184,0.0031446540880503146,reddit
5,432,0.0030487804878048786,gov
5,164,0.0030487804878048786,reddit
5,1247,0.003031973539140022,news
5,320,0.002958579881656805,reddit
5,71,0.002958579881656805,reddit
5,693,0.002958579881656805,gov
5,357,0.002958579881656805,reddit
5,196,0.002873563218390805,reddit
5,56,0.002873563218390805,reddit
5,117,0.002873563218390805,reddit
5,125,0.0027932960893854754,reddit
5,1028,0.002720912153407619,news
5,191,0.0027173913043478264,reddit
5,399,0.0027173913043478264,reddit
5,145,0.0027173913043478264,reddit
5,371,0.0027173913043478264,reddit
5,407,0.002645502645502646,reddit
5,1295,0.002614068441064639,news
5,439,0.0025773195876288664,gov
5,894,0.0025773195876288664,gov
5,1198,0.0025298988040478383,news
5,1355,0.00246747420367878,news
5,386,0.002450980392156863,reddit
5,694,0.002392344497607656,gov
5,679,0.002392344497607656,gov
5,1227,0.00238198354265916,news
5,1113,0.0023167649536647013,news
5,1101,0.0022831050228310505,news
5,377,0.0022321428571428575,reddit
5,329,0.0022321428571428575,reddit
5,411,0.0022321428571428575,reddit
5,977,0.002092050209205021,news
5,915,0.0020491803278688526,gov
5,1181,0.0020491803278688526,news
5,687,0.0020080321285140565,gov
5,51,0.0020080321285140565,reddit
5,52,0.0020080321285140565,reddit
5,698,0.0020080321285140565,gov
5,414,0.0020080321285140565,reddit
5,244,0.0019685039370078744,reddit
5,313,0.0019685039370078744,reddit
5,904,0.0018939393939393942,gov
5,318,0.001858736059479554,reddit
5,960,0.0018248175182481753,news
5,736,0.0018248175182481753,gov
5,983,0.0018248175182481753,news
5,270,0.001792114695340502,reddit
5,260,0.0017605633802816904,reddit
5,247,0.001730103806228374,reddit
5,1196,0.0017139295730757248,news
5,689,0.0017006802721088437,gov
5,1203,0.0017006802721088437,news
5,182,0.0016722408026755855,reddit
5,1098,0.0016447368421052633,news
5,865,0.0016447368421052633,gov
5,193,0.0016447368421052633,reddit
5,106,0.0016181229773462784,reddit
5,7,0.0016181229773462784,reddit
5,1373,0.0015923566878980893,news
5,668,0.0015923566878980893,gov
5,673,0.0015673981191222572,gov
5,200,0.0015673981191222572,reddit
5,231,0.0015673981191222572,reddit
5,543,0.00154320987654321,gov
5,339,0.0015197568389057753,reddit
5,658,0.0014970059880239522,gov
5,666,0.0014970059880239522,gov
5,209,0.0014970059880239522,reddit
5,258,0.0014749262536873158,reddit
5,286,0.0014534883720930235,reddit
5,302,0.0014326647564469916,reddit
5,982,0.0014124293785310737,news
5,311,0.0014124293785310737,reddit
5,548,0.0014124293785310737,gov
5,289,0.0014124293785310737,reddit
5,156,0.0013736263736263737,reddit
5,952,0.0013736263736263737,gov
5,59,0.0013550135501355016,reddit
5,883,0.0013550135501355016,gov
5,534,0.0013550135501355016,gov
5,971,0.0013368983957219253,news
5,586,0.0013192612137203168,gov
5,354,0.0013192612137203168,reddit
5,188,0.0013020833333333335,reddit
5,423,0.0013020833333333335,reddit
5,216,0.0012853470437017996,reddit
5,866,0.0012853470437017996,gov
5,34,0.0012853470437017996,reddit
5,1334,0.0012853470437017996,news
5,877,0.0012853470437017996,gov
5,669,0.001269035532994924,gov
5,857,0.001269035532994924,gov
5,1432,0.0012376237623762376,news
5,425,0.0012376237623762376,reddit
5,596,0.001207729468599034,gov
5,917,0.001207729468599034,gov
5,378,0.001207729468599034,reddit
5,956,0.0011933174224343676,gov
5,493,0.0011933174224343676,gov
5,256,0.0011933174224343676,reddit
5,222,0.0011933174224343676,reddit
5,172,0.0011933174224343676,reddit
5,203,0.001179245283018868,reddit
5,919,0.0011655011655011655,gov
5,185,0.0011655011655011655,reddit
5,691,0.0011655011655011655,gov
5,1448,0.0011389521640091118,news
5,878,0.0011389521640091118,gov
5,874,0.0011389521640091118,gov
5,82,0.0011261261261261261,reddit
5,495,0.0011261261261261261,gov
5,1449,0.0011261261261261261,news
5,336,0.0011261261261261261,reddit
5,178,0.00111358574610245,reddit
5,141,0.00111358574610245,reddit
5,653,0.00111358574610245,gov
5,45,0.00111358574610245,reddit
5,863,0.00111358574610245,gov
5,671,0.00111358574610245,gov
5,163,0.0011013215859030838,reddit
5,227,0.0011013215859030838,reddit
5,331,0.0011013215859030838,reddit
5,211,0.0010893246187363835,reddit
5,405,0.0010893246187363835,reddit
5,871,0.0010893246187363835,gov
5,190,0.0010893246187363835,reddit
5,132,0.0010893246187363835,reddit
5,29,0.0010775862068965517,reddit
5,501,0.0010775862068965517,gov
5,851,0.0010660980810234544,gov
5,358,0.0010660980810234544,reddit
5,262,0.0010660980810234544,reddit
5,166,0.0010660980810234544,reddit
5,285,0.0010548523206751056,reddit
5,861,0.0010548523206751056,gov
5,1405,0.0010548523206751056,news
5,111,0.0010438413361169103,reddit
5,346,0.0010438413361169103,reddit
5,175,0.0010330578512396695,reddit
5,6,0.0010330578512396695,reddit
5,229,0.0010224948875255625,reddit
5,85,0.0010224948875255625,reddit
5,57,0.0010224948875255625,reddit
5,99,0.0010224948875255625,reddit
5,162,0.0010224948875255625,reddit
5,174,0.0010121457489878543,reddit
5,536,0.0010121457489878543,gov
5,385,0.0010121457489878543,reddit
5,25,0.0010020040080160322,reddit
5,390,0.0010020040080160322,reddit
5,692,0.0010020040080160322,gov
5,686,0.0010020040080160322,gov
5,135,0.0010020040080160322,reddit
5,886,0.0009920634920634922,gov
5,294,0.0009920634920634922,reddit
5,334,0.0009920634920634922,reddit
5,772,0.0009920634920634922,gov
5,226,0.000982318271119843,reddit
5,849,0.000982318271119843,gov
5,363,0.000982318271119843,reddit
5,1059,0.000982318271119843,news
5,151,0.000982318271119843,reddit
5,40,0.000982318271119843,reddit
5,283,0.000982318271119843,reddit
5,92,0.000982318271119843,reddit
5,373,0.000972762645914397,reddit
5,253,0.000972762645914397,reddit
5,1414,0.000972762645914397,news
5,663,0.0009633911368015415,gov
5,232,0.0009633911368015415,reddit
5,401,0.0009633911368015415,reddit
5,974,0.0009633911368015415,news
5,898,0.0009541984732824428,gov
5,287,0.0009541984732824428,reddit
5,94,0.0009541984732824428,reddit
5,207,0.0009541984732824428,reddit
5,154,0.0009541984732824428,reddit
5,93,0.0009541984732824428,reddit
5,65,0.000945179584120983,reddit
5,307,0.000945179584120983,reddit
5,110,0.000945179584120983,reddit
5,306,0.000945179584120983,reddit
5,261,0.000945179584120983,reddit
5,284,0.0009363295880149814,reddit
5,855,0.0009363295880149814,gov
5,942,0.0009363295880149814,gov
5,995,0.0009363295880149814,news
5,206,0.0009363295880149814,reddit
5,424,0.0009363295880149814,reddit
5,149,0.000927643784786642,reddit
5,682,0.000927643784786642,gov
5,943,0.000927643784786642,gov
5,688,0.000927643784786642,gov
5,42,0.000927643784786642,reddit
5,68,0.000927643784786642,reddit
5,359,0.000927643784786642,reddit
5,841,0.0009191176470588236,gov
5,383,0.0009191176470588236,reddit
5,254,0.0009107468123861568,reddit
5,681,0.0009107468123861568,gov
5,1065,0.0009025270758122744,news
5,119,0.0009025270758122744,reddit
5,415,0.0009025270758122744,reddit
5,685,0.0009025270758122744,gov
5,1441,0.000894454382826476,news
5,83,0.000894454382826476,reddit
5,556,0.000894454382826476,gov
5,337,0.000894454382826476,reddit
5,670,0.0008865248226950355,gov
5,781,0.0008865248226950355,gov
5,1005,0.0008865248226950355,news
5,165,0.0008865248226950355,reddit
5,60,0.0008787346221441125,reddit
5,804,0.0008787346221441125,gov
5,186,0.0008787346221441125,reddit
5,954,0.0008787346221441125,gov
5,1381,0.0008710801393728224,news
5,312,0.0008710801393728224,reddit
5,340,0.0008710801393728224,reddit
5,869,0.0008710801393728224,gov
5,4,0.0008635578583765113,reddit
5,290,0.0008635578583765113,reddit
5,69,0.0008561643835616439,reddit
5,764,0.0008561643835616439,gov
5,275,0.0008561643835616439,reddit
5,353,0.0008561643835616439,reddit
5,853,0.0008488964346349746,gov
5,1114,0.0008488964346349746,news
5,335,0.0008488964346349746,reddit
5,76,0.0008488964346349746,reddit
5,341,0.0008417508417508418,reddit
5,19,0.0008417508417508418,reddit
5,23,0.0008417508417508418,reddit
5,873,0.0008417508417508418,gov
5,910,0.0008417508417508418,gov
5,409,0.0008417508417508418,reddit
5,144,0.0008417508417508418,reddit
5,879,0.0008417508417508418,gov
5,317,0.0008347245409015025,reddit
5,123,0.000827814569536424,reddit
5,1014,0.000827814569536424,news
5,77,0.000827814569536424,reddit
5,297,0.000827814569536424,reddit
5,95,0.000827814569536424,reddit
5,699,0.0008210180623973728,gov
5,372,0.0008210180623973728,reddit
5,862,0.0008210180623973728,gov
5,555,0.0008210180623973728,gov
5,892,0.0008143322475570033,gov
5,850,0.0008143322475570033,gov
5,345,0.0008143322475570033,reddit
5,1367,0.0008077544426494346,news
5,342,0.0008077544426494346,reddit
5,369,0.0008012820512820514,reddit
5,268,0.0008012820512820514,reddit
5,84,0.000794912559618442,reddit
5,39,0.000794912559618442,reddit
5,356,0.000794912559618442,reddit
5,11,0.000794912559618442,reddit
5,763,0.0007886435331230285,gov
5,238,0.0007886435331230285,reddit
5,765,0.0007886435331230285,gov
5,140,0.0007886435331230285,reddit
5,788,0.0007886435331230285,gov
5,583,0.0007886435331230285,gov
5,54,0.0007886435331230285,reddit
5,13,0.0007886435331230285,reddit
5,761,0.000782472613458529,gov
5,657,0.000782472613458529,gov
5,552,0.000782472613458529,gov
5,1427,0.000782472613458529,news
5,395,0.000782472613458529,reddit
5,314,0.0007763975155279503,reddit
5,55,0.0007704160246533128,reddit
5,278,0.0007704160246533128,reddit
5,902,0.0007704160246533128,gov
5,213,0.0007704160246533128,reddit
5,756,0.0007587253414264037,gov
5,115,0.0007587253414264037,reddit
5,327,0.0007587253414264037,reddit
5,1453,0.000753012048192771,news
5,242,0.000753012048192771,reddit
5,1190,0.000753012048192771,news
5,280,0.000753012048192771,reddit
5,867,0.000753012048192771,gov
5,1031,0.0007473841554559044,news
5,1126,0.000741839762611276,news
5,559,0.000741839762611276,gov
5,168,0.000741839762611276,reddit
5,643,0.000741839762611276,gov
5,598,0.000741839762611276,gov
5,234,0.000741839762611276,reddit
5,299,0.0007309941520467836,reddit
5,477,0.0007309941520467836,gov
5,1154,0.000725689404934688,news
5,750,0.000725689404934688,gov
5,675,0.000725689404934688,gov
5,1460,0.000725689404934688,news
5,118,0.000725689404934688,reddit
5,695,0.000725689404934688,gov
5,426,0.0007204610951008645,reddit
5,427,0.0007204610951008645,gov
5,21,0.000715307582260372,reddit
5,350,0.0007102272727272727,reddit
5,680,0.0007002801120448179,gov
5,683,0.0006954102920723226,gov
5,690,0.0006954102920723226,gov
5,1095,0.0006954102920723226,news
5,1124,0.0006906077348066298,news
5,509,0.0006906077348066298,gov
5,771,0.0006858710562414266,gov
5,24,0.0006858710562414266,reddit
5,937,0.0006811989100817438,gov
5,160,0.0006811989100817438,reddit
5,589,0.0006765899864682002,gov
5,953,0.0006765899864682002,gov
5,887,0.0006765899864682002,gov
5,912,0.0006720430107526881,gov
5,968,0.0006720430107526881,news
5,1038,0.0006675567423230974,news
5,1281,0.0006675567423230974,news
5,936,0.0006675567423230974,gov
5,12,0.000663129973474801,reddit
5,760,0.0006544502617801048,gov
5,116,0.0006501950585175553,reddit
5,121,0.0006459948320413437,reddit
5,435,0.0006459948320413437,gov
5,592,0.0006459948320413437,gov
5,1456,0.0006418485237483953,news
5,1451,0.0006377551020408163,news
5,1300,0.0006218905472636816,news
5,951,0.0006180469715698393,gov
5,443,0.0006180469715698393,gov
5,547,0.0006105006105006105,gov
5,1,0.0006105006105006105,reddit
5,957,0.0006067961165048543,gov
5,1036,0.0006067961165048543,news
5,538,0.0006031363088057901,gov
5,1168,0.0005995203836930455,news
5,1418,0.0005959475566150178,news
5,747,0.0005959475566150178,gov
5,1409,0.0005924170616113745,news
5,1475,0.0005924170616113745,news
5,1081,0.0005924170616113745,news
5,997,0.0005924170616113745,news
5,394,0.0005924170616113745,reddit
5,1071,0.0005924170616113745,news
5,540,0.000585480093676815,gov
5,602,0.000585480093676815,gov
5,590,0.0005820721769499418,gov
5,789,0.0005820721769499418,gov
5,1437,0.0005753739930955121,news
5,767,0.0005720823798627002,gov
5,1084,0.0005720823798627002,news
5,36,0.0005688282138794084,reddit
5,587,0.0005592841163310962,gov
5,108,0.0005530973451327434,reddit
5,585,0.0005530973451327434,gov
5,754,0.0005470459518599562,gov
5,955,0.0005470459518599562,gov
5,1100,0.0005382131324004305,news
5,1211,0.0005324813631522897,news
5,1165,0.0005296610169491525,news
5,1282,0.0005186721991701245,news
5,964,0.000513347022587269,news
5,1398,0.0005107252298263534,news
5,1262,0.0005107252298263534,news
5,1417,0.0005055611729019212,news
5,1287,0.0005005005005005005,news
5,743,0.00049800796812749,gov
5,1370,0.0004955401387512388,news
5,1200,0.0004906771344455348,news
5,1438,0.00048828125,news
5,431,0.00048828125,gov
5,1324,0.00048828125,news
5,650,0.00048828125,gov
5,1016,0.00048828125,news
5,1416,0.00048590864917395527,news
5,1455,0.00048355899419729207,news
5,1030,0.00048355899419729207,news
5,1121,0.0004743833017077799,news
5,1024,0.00047214353163361664,news
5,1072,0.00046992481203007516,news
5,1009,0.00046992481203007516,news
5,1214,0.0004677268475210477,news
5,1131,0.0004677268475210477,news
5,1102,0.0004655493482309125,news
5,1271,0.0004508566275924256,news
5,745,0.0004488330341113106,gov
5,1472,0.0004409171075837742,news
5,1188,0.0004351610095735422,news
5,1388,0.0004351610095735422,news
5,1099,0.0004351610095735422,news
5,1023,0.0004332755632582322,news
5,1468,0.0004314063848144953,news
5,1034,0.000429553264604811,news
5,1340,0.000427715996578272,news
5,429,0.000427715996578272,gov
5,1209,0.00042589437819420784,news
5,1240,0.0004222972972972973,news
5,1037,0.0004222972972972973,news
5,1007,0.0004222972972972973,news
5,1467,0.0004222972972972973,news
5,1108,0.0004170141784820684,news
5,962,0.0004170141784820684,news
5,1164,0.0004152823920265781,news
5,1440,0.0004152823920265781,news
5,491,0.0004152823920265781,gov
5,1280,0.00041017227235438887,news
5,989,0.00041017227235438887,news
5,1054,0.0004084967320261438,news
5,1466,0.0004068348250610252,news
5,1020,0.0004051863857374392,news
5,1094,0.0004035512510088781,news
5,574,0.00040192926045016077,gov
5,1142,0.00039872408293460925,news
5,1151,0.00039872408293460925,news
5,1279,0.0003971405877680699,news
5,1197,0.0003971405877680699,news
5,1297,0.00039556962025316455,news
5,1029,0.0003940110323089047,news
5,1004,0.0003940110323089047,news
5,573,0.0003940110323089047,gov
5,1459,0.0003924646781789639,news
5,1183,0.0003924646781789639,news
5,992,0.00039093041438623924,news
5,1412,0.0003878975950349108,news
5,1125,0.0003863987635239567,news
5,1442,0.0003834355828220859,news
5,1066,0.0003819709702062643,news
5,1201,0.0003819709702062643,news
5,1112,0.00037764350453172205,news
5,1185,0.0003762227238525207,news
5,1394,0.0003762227238525207,news
5,1376,0.0003748125937031484,news
5,1333,0.00037064492216456633,news
5,1241,0.00037064492216456633,news
5,1431,0.00037064492216456633,news
5,567,0.00037064492216456633,gov
5,1446,0.00036927621861152144,news
5,1382,0.0003679175864606328,news
5,563,0.000363901018922853,gov
5,498,0.00036258158085569254,gov
5,1469,0.000361271676300578,news
5,577,0.000361271676300578,gov
5,1000,0.0003599712023038157,news
5,1117,0.0003586800573888092,news
5,1008,0.0003586800573888092,news
5,568,0.00035739814152966406,gov
5,1010,0.00035612535612535614,news
5,1107,0.0003536067892503536,news
5,1215,0.00035236081747709656,news
5,1187,0.00035236081747709656,news
5,1407,0.00035236081747709656,news
5,420,0.00035112359550561797,reddit
5,976,0.00034989503149055286,news
5,1177,0.0003486750348675035,news
5,575,0.0003486750348675035,gov
5,1305,0.00034746351633078526,news
5,1433,0.00034746351633078526,news
5,1408,0.0003450655624568668,news
5,510,0.0003450655624568668,gov
5,1089,0.000343878954607978,news
5,1261,0.000343878954607978,news
5,1396,0.0003403675970047652,news
5,1116,0.0003403675970047652,news
5,558,0.0003380662609871535,gov
5,1186,0.0003380662609871535,news
5,1429,0.0003380662609871535,news
5,1055,0.00033692722371967657,news
5,1207,0.000335795836131632,news
5,1423,0.00033467202141900936,news
5,1465,0.00033355570380253505,news
5,1061,0.00033355570380253505,news
5,1243,0.0003313452617627568,news
5,987,0.0003291639236339697,news
5,1096,0.0003291639236339697,news
5,1174,0.0003270111183780249,news
5,1329,0.0003270111183780249,news
5,572,0.0003270111183780249,gov
5,576,0.0003259452411994785,gov
5,1122,0.0003248862897985705,news
5,1274,0.0003238341968911917,news
5,1452,0.00032175032175032174,news
5,1184,0.00032175032175032174,news
5,1387,0.0003207184092366902,news
5,1120,0.00031969309462915604,news
5,537,0.00031969309462915604,gov
5,996,0.00031867431485022306,news
5,1019,0.0003176620076238882,news
5,1435,0.00031466331025802394,news
5,570,0.00031466331025802394,gov
5,1359,0.00031269543464665416,news
5,1129,0.00031269543464665416,news
5,1275,0.0003107520198881293,news
5,1137,0.0003097893432465923,news
5,1293,0.00030883261272390367,news
5,471,0.00030883261272390367,gov
5,1410,0.00030883261272390367,news
5,1436,0.0003078817733990148,news
5,1159,0.00030693677102516884,news
5,1413,0.00030599755201958387,news
5,1026,0.00030599755201958387,news
5,1323,0.0003050640634533252,news
5,1428,0.00030413625304136254,news
5,1471,0.00030321406913280777,news
5,1103,0.00030321406913280777,news
5,1351,0.0003022974607013301,news
5,973,0.0003022974607013301,news
5,1015,0.0003013863773357444,news
5,1192,0.00030048076923076925,news
5,1439,0.00030048076923076925,news
5,1220,0.0002995805871779509,news
5,1246,0.0002986857825567503,news
5,1067,0.0002977963073257892,news
5,1366,0.0002969121140142518,news
5,1353,0.0002969121140142518,news
5,1178,0.00029603315571343993,news
5,1269,0.0002942907592701589,news
5,1083,0.00029342723004694836,news
5,1234,0.0002917152858809802,news
5,1115,0.0002917152858809802,news
5,988,0.0002917152858809802,news
5,1390,0.0002900232018561485,news
5,1076,0.0002891844997108155,news
5,1069,0.00028669724770642203,news
5,1316,0.00028669724770642203,news
5,1368,0.00028669724770642203,news
5,1426,0.0002858776443682104,news
5,1090,0.0002858776443682104,news
5,1444,0.0002842524161455372,news
5,1249,0.0002842524161455372,news
5,1265,0.0002842524161455372,news
5,566,0.0002834467120181406,gov
5,1105,0.0002834467120181406,news
5,1289,0.00028264556246466934,news
5,1470,0.00028264556246466934,news
5,1171,0.00028264556246466934,news
5,963,0.0002787068004459309,news
5,1401,0.0002726281352235551,news
5,1464,0.00027114967462039046,news
5,1319,0.0002696871628910464,news
5,1296,0.0002689618074233459,news
5,170,0.0002682403433476395,reddit
5,506,0.0002682403433476395,gov
5,1063,0.00026752273943285177,news
5,1218,0.00026609898882384245,news
5,1087,0.00026469031233456857,news
5,1167,0.0002565418163160595,news
5,1308,0.00025265285497726126,news
5,1354,0.00025201612903225806,news
5,1205,0.00025201612903225806,news
5,1264,0.0002513826043237808,news
5,1194,0.00024950099800399205,news
5,1238,0.00024764735017335313,news
5,1166,0.0002458210422812193,news
5,1294,0.0002376425855513308,news
5,1360,0.00023485204321277596,news
5,1160,0.0002337540906965872,news
5,1104,0.0002337540906965872,news
5,1345,0.0002337540906965872,news
5,1250,0.00023212627669452182,news
5,1374,0.00022999080036798528,news
5,1258,0.00022789425706472196,news
5,1255,0.0002268602540834846,news
5,1365,0.0002248201438848921,news
5,1245,0.00022232103156958648,news
5,1378,0.000216076058772688,news
5,1302,0.0002106149957877001,news
5,1283,0.0002106149957877001,news
5,1332,0.0002071251035625518,news
5,1299,0.00020458265139116204,news
5,1328,0.00020374898125509374,news
5,198,0.0002016942315449778,reddit
5,1336,0.00020008003201280514,news
5,1461,0.0001973164956590371,news
5,1320,0.00019538882375928098,news
5,1322,0.00019538882375928098,news
5,1231,0.00019538882375928098,news
5,1130,0.00019425019425019428,news
5,1304,0.00019425019425019428,news
5,1268,0.0001938735944164405,news
5,1364,0.00019201228878648236,news
5,1155,0.00019201228878648236,news
5,966,0.00018910741301059005,news
5,1362,0.00018559762435040833,news
5,1225,0.0001845699520118125,news
5,1357,0.00018221574344023326,news
5,1236,0.0001761183515322297,news
5,1285,0.00017519271198318152,news
5,1206,0.00017397355601948508,news
5,1325,0.00017129153819801305,news
5,1341,0.00016700066800267202,news
5,1226,0.00016644474034620507,news
5,1383,0.0001639881928501148,news
5,1326,0.00016265452179570593,news
5,1310,0.00013815971262779776,news
5,1389,0.0001326611833377554,news
5,1344,0.00012394645513138326,news
5,1369,0.0001132759401903036,news
6,443,0.9956736711990111,gov
6,690,0.9951321279554937,gov
6,692,0.9929859719438877,gov
6,917,0.9915458937198067,gov
6,586,0.9907651715039577,gov
6,435,0.9890180878552971,gov
6,694,0.9832535885167465,gov
6,679,0.9832535885167465,gov
6,686,0.9829659318637274,gov
6,683,0.9812239221140472,gov
6,427,0.9805475504322765,gov
6,693,0.9792899408284025,gov
6,699,0.9778325123152709,gov
6,601,0.9732142857142857,gov
6,756,0.971927162367223,gov
6,508,0.9692982456140351,gov
6,507,0.9692982456140351,gov
6,505,0.9692982456140351,gov
6,504,0.9692982456140351,gov
6,497,0.9692982456140351,gov
6,490,0.9692982456140351,gov
6,494,0.9692982456140351,gov
6,899,0.9678899082568808,gov
6,904,0.9678030303030304,gov
6,866,0.9652956298200513,gov
6,867,0.9646084337349397,gov
6,911,0.9606741573033708,gov
6,436,0.959589867310012,gov
6,552,0.9553990610328639,gov
6,906,0.9429530201342282,gov
6,861,0.939873417721519,gov
6,599,0.9384191176470588,gov
6,697,0.9313880126182965,gov
6,583,0.9313880126182965,gov
6,503,0.9252696456086286,gov
6,846,0.8997695852534562,gov
6,850,0.8965798045602605,gov
6,929,0.8953488372093024,gov
6,952,0.8942307692307692,gov
6,546,0.8919558359621451,gov
6,433,0.8917824074074073,gov
6,954,0.8884007029876977,gov
6,605,0.877151799687011,gov
6,849,0.8752455795677799,gov
6,689,0.8690476190476191,gov
6,680,0.869047619047619,gov
6,650,0.8549804687499999,gov
6,439,0.8530927835051547,gov
6,588,0.8498098859315588,gov
6,510,0.8492063492063492,gov
6,653,0.8474387527839643,gov
6,509,0.843232044198895,gov
6,860,0.8413742690058479,gov
6,928,0.8359950859950859,gov
6,584,0.8309716599190283,gov
6,489,0.8175230566534913,gov
6,534,0.8143631436314364,gov
6,696,0.8086548488008342,gov
6,540,0.8085480093676815,gov
6,892,0.8070032573289903,gov
6,691,0.8053613053613053,gov
6,755,0.8046544428772918,gov
6,915,0.8012295081967213,gov
6,495,0.8006756756756757,gov
6,695,0.7989840348330913,gov
6,891,0.7903225806451614,gov
6,481,0.7861378799110451,gov
6,471,0.7847436689314391,gov
6,898,0.773854961832061,gov
6,853,0.7733446519524617,gov
6,927,0.7729357798165136,gov
6,462,0.7704359673024522,gov
6,874,0.7642369020501139,gov
6,834,0.7641402714932126,gov
6,869,0.7587108013937282,gov
6,431,0.7573242187499999,gov
6,931,0.7559618441971383,gov
6,638,0.7538699690402476,gov
6,868,0.75,gov
6,600,0.7461180124223601,gov
6,935,0.7455303933253873,gov
6,682,0.7430426716141002,gov
6,498,0.7400290065264684,gov
6,547,0.7393162393162392,gov
6,477,0.7390350877192982,gov
6,777,0.732638888888889,gov
6,591,0.7287334593572778,gov
6,502,0.7283737024221454,gov
6,585,0.7251106194690264,gov
6,589,0.7246278755074423,gov
6,581,0.7242268041237114,gov
6,637,0.7230671736375157,gov
6,761,0.7206572769953051,gov
6,557,0.7181712962962962,gov
6,933,0.7167125803489439,gov
6,620,0.715948489351164,gov
6,623,0.7134720158494304,gov
6,592,0.7112403100775193,gov
6,871,0.7091503267973855,gov
6,604,0.7088698140200285,gov
6,881,0.7086397058823529,gov
6,633,0.7074303405572755,gov
6,733,0.706030150753769,gov
6,791,0.7059471365638766,gov
6,856,0.7046908315565031,gov
6,644,0.7038352272727272,gov
6,602,0.7031615925058547,gov
6,854,0.7018489984591678,gov
6,539,0.6993927125506072,gov
6,582,0.6993927125506072,gov
6,590,0.69906868451688,gov
6,754,0.6952954048140043,gov
6,843,0.6929967426710097,gov
6,865,0.6924342105263158,gov
6,541,0.6879770992366412,gov
6,81,0.6864406779661016,reddit
6,639,0.6843409316154608,gov
6,905,0.6822660098522167,gov
6,492,0.6788107202680066,gov
6,896,0.6755485893416928,gov
6,545,0.6683976261127595,gov
6,506,0.6681866952789699,gov
6,736,0.6587591240875913,gov
6,50,0.6574074074074073,reddit
6,555,0.6494252873563218,gov
6,729,0.6492443324937027,gov
6,934,0.6484771573604061,gov
6,496,0.6480235492010092,gov
6,465,0.6476293103448276,gov
6,645,0.6435726210350584,gov
6,430,0.6434977578475335,gov
6,910,0.6405723905723906,gov
6,500,0.6362115127175367,gov
6,491,0.635797342192691,gov
6,684,0.6326714801444043,gov
6,685,0.6326714801444043,gov
6,652,0.6317567567567568,gov
6,864,0.6293512658227848,gov
6,731,0.6284722222222222,gov
6,855,0.6282771535580524,gov
6,936,0.6281708945260346,gov
6,587,0.6269574944071588,gov
6,930,0.6266568483063327,gov
6,483,0.625801282051282,gov
6,543,0.6188271604938272,gov
6,442,0.6187214611872147,gov
6,897,0.6174785100286534,gov
6,438,0.61731843575419,gov
6,1118,0.6151960784313726,news
6,862,0.6083743842364532,gov
6,499,0.6076732673267327,gov
6,671,0.6024498886414255,gov
6,501,0.59375,gov
6,858,0.5936238902340597,gov
6,779,0.590686274509804,gov
6,727,0.5899653979238755,gov
6,925,0.5891544117647058,gov
6,642,0.5874200426439232,gov
6,1190,0.5805722891566264,news
6,863,0.5801781737193764,gov
6,771,0.5768175582990397,gov
6,953,0.5757780784844383,gov
6,655,0.5741590214067277,gov
6,428,0.5582010582010583,gov
6,647,0.5573630136986301,gov
6,432,0.551829268292683,gov
6,619,0.546804932735426,gov
6,548,0.538135593220339,gov
6,913,0.5377984084880636,gov
6,908,0.53515625,gov
6,649,0.5350584307178631,gov
6,950,0.5318664643399089,gov
6,749,0.5317460317460316,gov
6,859,0.5308285163776494,gov
6,663,0.5308285163776494,gov
6,724,0.5301507537688442,gov
6,893,0.5299295774647887,gov
6,603,0.5233592880978865,gov
6,852,0.5212933753943217,gov
6,969,0.5200190657769304,news
6,902,0.5169491525423728,gov
6,762,0.514933628318584,gov
6,493,0.5143198090692125,gov
6,839,0.5132575757575758,gov
6,912,0.5114247311827956,gov
6,957,0.5103155339805825,gov
6,1017,0.5026636225266362,news
6,554,0.5022816166883963,gov
6,1187,0.5007047216349542,news
6,538,0.4951749095295536,gov
6,641,0.49320882852292025,gov
6,1029,0.49290780141843965,news
6,894,0.4922680412371135,gov
6,553,0.48886986301369867,gov
6,698,0.48393574297188763,gov
6,840,0.4821428571428571,gov
6,675,0.47968069666182866,gov
6,753,0.4770808202653799,gov
6,544,0.47686375321336766,gov
6,1136,0.4749784296807592,news
6,923,0.4749552772808587,gov
6,537,0.47346547314578,gov
6,580,0.47287735849056606,gov
6,1376,0.47263868065967013,news
6,596,0.47222222222222227,gov
6,1093,0.4712065813528336,news
6,982,0.46751412429378536,news
6,924,0.46726190476190477,gov
6,536,0.46659919028340086,gov
6,1000,0.464722822174226,news
6,814,0.4638554216867469,gov
6,670,0.4618794326241135,gov
6,922,0.4590729783037475,gov
6,597,0.45851216022889835,gov
6,646,0.4571033210332103,gov
6,802,0.4566517189835575,gov
6,478,0.45406360424028264,gov
6,446,0.4514925373134328,gov
6,434,0.4502724795640326,gov
6,851,0.44882729211087424,gov
6,688,0.4461966604823748,gov
6,919,0.44405594405594406,gov
6,1004,0.43774625689519303,news
6,551,0.4357277882797732,gov
6,758,0.43259162303664916,gov
6,535,0.4321120689655173,gov
6,440,0.42948717948717957,gov
6,687,0.4236947791164659,gov
6,556,0.42128801431127016,gov
6,1090,0.42052601486563745,news
6,793,0.4192825112107623,gov
6,441,0.41687041564792177,gov
6,885,0.4161237785016287,gov
6,621,0.41575091575091566,gov
6,460,0.4150552486187845,gov
6,789,0.41385331781140855,gov
6,901,0.4118852459016394,gov
6,1364,0.4110983102918587,news
6,921,0.4102787456445993,gov
6,437,0.4088010204081632,gov
6,706,0.4077380952380953,gov
6,452,0.4076682316118936,gov
6,669,0.4073604060913706,gov
6,1007,0.4058277027027027,news
6,484,0.4051724137931034,gov
6,681,0.4016393442622951,gov
6,778,0.3986318407960198,gov
6,249,0.39743589743589747,reddit
6,932,0.3966809421841541,gov
6,594,0.39630931458699475,gov
6,857,0.39467005076142136,gov
6,595,0.39095744680851063,gov
6,1184,0.3896396396396396,news
6,549,0.389125386996904,gov
6,1178,0.38217880402605087,news
6,822,0.3803501945525292,gov
6,838,0.3799638989169675,gov
6,845,0.379494655004859,gov
6,542,0.3788515406162465,gov
6,920,0.3787346221441125,gov
6,1085,0.37806494367130544,news
6,429,0.3768177929854576,gov
6,948,0.37543554006968644,gov
6,1145,0.3697660098522167,news
6,634,0.36902390438247007,gov
6,636,0.3689248895434462,gov
6,654,0.3689248895434462,gov
6,890,0.36741889985895626,gov
6,842,0.3671465968586387,gov
6,700,0.36686879823594265,gov
6,878,0.36560364464692485,gov
6,907,0.3650519031141869,gov
6,703,0.3635496183206107,gov
6,900,0.3635097493036212,gov
6,26,0.3630952380952381,reddit
6,975,0.361716621253406,news
6,657,0.3607198748043819,gov
6,1214,0.3606173994387277,news
6,1037,0.35937499999999994,news
6,887,0.35926928281461434,gov
6,1034,0.3569587628865979,news
6,914,0.3568548387096774,gov
6,1192,0.35486778846153844,news
6,1059,0.35461689587426326,news
6,958,0.3522727272727273,gov
6,968,0.3501344086021505,news
6,795,0.3501344086021505,gov
6,979,0.3494031221303948,news
6,1403,0.34900442477876104,news
6,1186,0.3485463150777552,news
6,561,0.3468776732249786,gov
6,780,0.3463756177924217,gov
6,1201,0.3441558441558441,news
6,711,0.3414396887159533,gov
6,519,0.3408728046833422,gov
6,1013,0.33910700538876054,news
6,833,0.3376511226252159,gov
6,977,0.33682008368200844,news
6,526,0.3352587800369686,gov
6,739,0.3350202429149798,gov
6,643,0.33456973293768544,gov
6,1142,0.3273524720893142,news
6,562,0.32706766917293234,gov
6,1412,0.32622187742435993,news
6,662,0.32561728395061734,gov
6,817,0.3229942100909842,gov
6,569,0.32259287338893095,gov
6,1171,0.3224985867721876,news
6,751,0.3213350785340314,gov
6,559,0.3197329376854599,gov
6,1238,0.3197127290737989,news
6,737,0.3170180722891566,gov
6,658,0.3158682634730539,gov
6,1054,0.3149509803921568,news
6,870,0.3117443868739206,gov
6,1092,0.3115709120128565,news
6,513,0.3103214124038026,gov
6,1018,0.31016679904686256,news
6,775,0.3077281191806331,gov
6,742,0.30534825870646765,gov
6,464,0.3050351288056206,gov
6,531,0.304624823029731,gov
6,1475,0.3027251184834123,news
6,972,0.3010483135824977,news
6,560,0.2982673267326733,gov
6,313,0.297244094488189,reddit
6,823,0.29716563330380863,gov
6,511,0.2954545454545454,gov
6,528,0.2951070336391437,gov
6,648,0.29395085066162574,gov
6,1297,0.2931170886075949,news
6,1398,0.2916241062308478,news
6,750,0.29100145137880984,gov
6,488,0.29072790294627376,gov
6,903,0.28983516483516486,gov
6,1114,0.2894736842105263,news
6,1165,0.2865466101694915,news
6,799,0.2818352059925094,gov
6,938,0.28125,gov
6,1369,0.2787720888083371,news
6,1083,0.2761150234741784,news
6,1109,0.27554261514028583,news
6,1147,0.27551834130781494,news
6,1202,0.2752932551319648,news
6,1400,0.2751937984496124,news
6,550,0.2746478873239437,gov
6,1402,0.2735085945399393,news
6,1363,0.27263444520081687,news
6,1006,0.2726308345120226,news
6,1048,0.2723304231027535,news
6,996,0.2711918419375398,news
6,1084,0.2694508009153318,news
6,1285,0.2682200420462509,news
6,629,0.265379113018598,gov
6,1027,0.26373212942061697,news
6,999,0.26034648700673724,news
6,1245,0.26033792796798577,news
6,339,0.2598784194528876,reddit
6,1371,0.2575363825363825,news
6,314,0.25698757763975155,reddit
6,1342,0.2542293233082707,news
6,1293,0.25355157504632486,news
6,787,0.25178997613365156,gov
6,517,0.25036425449247207,gov
6,1068,0.25025008336112037,news
6,926,0.248546511627907,gov
6,773,0.2484567901234568,gov
6,533,0.24789499752352648,gov
6,701,0.24776785714285715,gov
6,757,0.24681238615664847,gov
6,1063,0.24638844301765647,news
6,976,0.24527641707487752,news
6,1188,0.24412532637075718,news
6,1071,0.24348341232227488,news
6,1251,0.24290293040293037,news
6,1010,0.2425213675213675,news
6,759,0.24055158324821246,gov
6,523,0.2396941489361702,gov
6,1176,0.23924731182795697,news
6,962,0.23811509591326105,news
6,1103,0.23681018799272283,news
6,1451,0.23660714285714285,news
6,1366,0.23485748218527314,news
6,949,0.23414905450500556,gov
6,1185,0.23363431151241534,news
6,1156,0.2323026851098454,news
6,1020,0.23136142625607778,news
6,715,0.23070607553366176,gov
6,981,0.2306417595661344,news
6,728,0.22948328267477205,gov
6,1173,0.22876447876447875,news
6,1129,0.22858036272670415,news
6,1332,0.2280447390223695,news
6,1070,0.2280307889672867,news
6,1250,0.22771587743732588,news
6,1330,0.22635135135135137,news
6,1437,0.22497123130034521,news
6,744,0.22440778341793569,gov
6,1102,0.2239292364990689,news
6,1086,0.2235863095238095,news
6,760,0.2231675392670157,gov
6,1461,0.22119179163378055,news
6,1174,0.21942446043165464,news
6,1112,0.2194108761329305,news
6,1055,0.2193396226415094,news
6,676,0.21906354515050167,gov
6,369,0.2171474358974359,reddit
6,1149,0.21649166151945642,news
6,1310,0.21566731141199227,news
6,221,0.21428571428571427,reddit
6,974,0.21290944123314068,news
6,841,0.21231617647058826,gov
6,1160,0.21061243571762503,news
6,785,0.20965417867435157,gov
6,978,0.20898980537534753,news
6,457,0.2077625570776256,gov
6,208,0.20707070707070704,reddit
6,360,0.2065217391304348,reddit
6,746,0.20647603027754416,gov
6,712,0.20633561643835618,gov
6,774,0.20552147239263804,gov
6,1353,0.20516627078384797,news
6,640,0.2047872340425532,gov
6,1217,0.20376016260162602,news
6,1025,0.2034711964549483,news
6,1469,0.20267341040462428,news
6,527,0.2024971297359357,gov
6,661,0.2017543859649123,gov
6,1212,0.20144849785407723,news
6,884,0.20140280561122245,gov
6,1404,0.20050946142649198,news
6,1094,0.19814366424535915,news
6,776,0.19767441860465118,gov
6,1343,0.1974981046247157,news
6,444,0.19630872483221476,gov
6,624,0.19541029207232266,gov
6,1052,0.19456427955133734,news
6,970,0.1940391829929137,news
6,168,0.19362017804154302,reddit
6,1111,0.1929708222811671,news
6,512,0.19279786603438057,gov
6,1155,0.1922043010752688,news
6,651,0.19164989939637828,gov
6,1146,0.19152326322498406,news
6,747,0.19129916567342073,gov
6,1351,0.1907496977025393,news
6,1061,0.1904603068712475,news
6,38,0.18965517241379312,reddit
6,448,0.18811074918566778,gov
6,530,0.18754034861200775,gov
6,1372,0.18612258953168045,news
6,895,0.18597560975609756,gov
6,1445,0.18488289567068844,news
6,1072,0.1837406015037594,news
6,1359,0.18167604752970606,news
6,1143,0.1816596931659693,news
6,1226,0.18159121171770973,news
6,1065,0.18140794223826717,news
6,1388,0.17885117493472585,news
6,942,0.17883895131086144,gov
6,1167,0.1772703950743971,news
6,1023,0.17374350086655113,news
6,1081,0.17239336492890994,news
6,767,0.17219679633867277,gov
6,1325,0.17146282973621105,news
6,963,0.17028985507246377,news
6,769,0.16896024464831805,gov
6,1253,0.1682483194938711,news
6,271,0.1679035250463822,reddit
6,459,0.16637630662020908,gov
6,450,0.16627358490566038,gov
6,722,0.16611842105263158,gov
6,1389,0.16595914035553197,news
6,1074,0.16566566566566565,news
6,1140,0.1654312668463612,news
6,918,0.16510172143974963,gov
6,1269,0.16509711595055915,news
6,514,0.1649459193706981,gov
6,796,0.1646608315098468,gov
6,1313,0.16410009624639077,news
6,100,0.1640625,reddit
6,1350,0.16343424787133395,news
6,1133,0.16215498938428874,news
6,1419,0.1621532364597094,news
6,1356,0.1620410523272622,news
6,745,0.1620287253141831,gov
6,991,0.16196698762035763,news
6,1438,0.16162109375,news
6,1373,0.160828025477707,news
6,206,0.16011235955056183,reddit
6,1397,0.1598883572567783,news
6,1040,0.15977742448330684,news
6,635,0.159432387312187,gov
6,1453,0.1588855421686747,news
6,1262,0.1588355464759959,news
6,1189,0.15875232774674114,news
6,1473,0.15799120234604105,news
6,1031,0.1576980568011958,news
6,965,0.1569693094629156,news
6,1164,0.15406976744186046,news
6,717,0.1536502546689304,gov
6,837,0.15323565323565325,gov
6,1311,0.15294715447154472,news
6,1062,0.1529443838604144,news
6,521,0.15290178571428573,gov
6,1110,0.15260058881256133,news
6,1231,0.15259867135599842,news
6,449,0.15250379362670713,gov
6,879,0.15235690235690239,gov
6,1303,0.15132783882783882,news
6,524,0.15121412803532008,gov
6,1166,0.15019665683382497,news
6,1323,0.14978645515558267,news
6,943,0.14935064935064937,gov
6,121,0.14922480620155038,reddit
6,1151,0.14792663476874002,news
6,1254,0.1477039067854695,news
6,1304,0.14588189588189587,news
6,280,0.1438253012048193,reddit
6,1235,0.14305259957433872,news
6,1320,0.14282923016803437,news
6,1335,0.142781875658588,news
6,955,0.1427789934354486,gov
6,1385,0.14214758751182593,news
6,1241,0.1412157153446998,news
6,366,0.14102564102564105,reddit
6,1028,0.14006219227779218,news
6,294,0.13988095238095238,reddit
6,667,0.13959955506117908,gov
6,1299,0.1393207855973813,news
6,1224,0.13914609053497942,news
6,290,0.13903281519861832,reddit
6,1047,0.13753959873284055,news
6,1024,0.13739376770538245,news
6,998,0.13709296838131194,news
6,1264,0.1359979889391654,news
6,16,0.1359300476947536,reddit
6,1030,0.13588007736943908,news
6,1379,0.13533627342888643,news
6,625,0.1346483704974271,gov
6,154,0.13454198473282442,reddit
6,258,0.13421828908554573,reddit
6,708,0.13411669367909237,gov
6,229,0.13394683026584867,reddit
6,1459,0.13383045525902668,news
6,805,0.13327814569536425,gov
6,193,0.13322368421052633,reddit
6,1153,0.13179347826086957,news
6,1115,0.13156359393232206,news
6,1045,0.13122053431115768,news
6,1050,0.13112745098039216,news
6,1135,0.13106796116504854,news
6,201,0.13072586328400282,reddit
6,1232,0.13065460351250666,news
6,1464,0.1304229934924078,news
6,1435,0.12932662051604782,news
6,30,0.1292808219178082,reddit
6,143,0.1289308176100629,reddit
6,1315,0.12877643504531722,news
6,829,0.12855113636363635,gov
6,990,0.1278434940855323,news
6,212,0.12761506276150628,reddit
6,1268,0.12621170996510275,news
6,235,0.125,reddit
6,17,0.125,reddit
6,123,0.125,reddit
6,1124,0.125,news
6,1139,0.125,news
6,1080,0.12461155997513984,news
6,1329,0.12459123610202746,news
6,1384,0.12248374109631464,news
6,129,0.12124248496993988,reddit
6,1205,0.12121975806451613,news
6,1286,0.11948349133703824,news
6,1382,0.11810154525386314,news
6,116,0.1176853055916775,reddit
6,454,0.11705508474576272,gov
6,627,0.11683599419448476,gov
6,160,0.1164850136239782,reddit
6,1067,0.11643835616438356,news
6,1396,0.11606535057862491,news
6,1012,0.11524334251606978,news
6,1374,0.11522539098436063,news
6,784,0.11503416856492027,gov
6,1312,0.11457837065269176,news
6,1408,0.11421670117322291,news
6,909,0.11403508771929824,gov
6,179,0.11312607944732297,reddit
6,882,0.11304836895388076,gov
6,268,0.11298076923076923,reddit
6,1300,0.11256218905472637,news
6,1049,0.11197916666666667,news
6,983,0.11131386861313869,news
6,1026,0.11046511627906977,news
6,1206,0.10977731384829507,news
6,1215,0.10958421423537702,news
6,1272,0.10932388222464558,news
6,89,0.1090561224489796,reddit
6,800,0.10818083961248655,gov
6,748,0.10786650774731824,gov
6,410,0.1076388888888889,reddit
6,1417,0.10667340748230536,news
6,1406,0.10617469879518071,news
6,1198,0.10602575896964121,news
6,207,0.10591603053435114,reddit
6,813,0.1057945566286216,gov
6,476,0.1053811659192825,gov
6,743,0.1050796812749004,gov
6,1218,0.1040447046301224,news
6,1175,0.10317955112219451,news
6,76,0.10271646859083192,reddit
6,1296,0.10247444862829479,news
6,1193,0.10209424083769633,news
6,1341,0.10203740814963261,news
6,182,0.1020066889632107,reddit
6,916,0.09962228517469311,gov
6,1434,0.09960356788899902,news
6,770,0.09943582510578278,gov
6,987,0.09907834101382489,news
6,1316,0.09776376146788991,news
6,622,0.09754521963824288,gov
6,391,0.09748427672955975,reddit
6,1117,0.09720229555236728,news
6,1444,0.0969300739056282,news
6,1229,0.09655775962660444,news
6,1168,0.09652278177458033,news
6,1033,0.09647718174539632,news
6,656,0.09620596205962059,gov
6,1152,0.09616536848412223,news
6,54,0.09542586750788644,reddit
6,1154,0.09506531204644411,news
6,118,0.09506531204644411,reddit
6,820,0.094679186228482,gov
6,1422,0.09405940594059407,news
6,1105,0.09382086167800453,news
6,1246,0.09289127837514935,news
6,1386,0.09277738180090282,news
6,473,0.09254606365159129,gov
6,233,0.09210526315789473,reddit
6,58,0.09210526315789473,reddit
6,1228,0.09047450424929179,news
6,630,0.09033989266547406,gov
6,985,0.08986371379897785,news
6,487,0.08948261238337574,gov
6,40,0.0893909626719057,reddit
6,516,0.08921623123957755,gov
6,1368,0.08916284403669725,news
6,198,0.08894715611133522,reddit
6,1383,0.08871761233191211,news
6,286,0.08866279069767442,reddit
6,241,0.08823529411764706,reddit
6,1257,0.08625840179238238,news
6,1077,0.08598531211750306,news
6,794,0.08577405857740586,gov
6,257,0.08544303797468354,reddit
6,1019,0.08290978398983481,news
6,7,0.0825242718446602,reddit
6,598,0.08234421364985162,gov
6,374,0.08224755700325732,reddit
6,875,0.08159722222222221,gov
6,1270,0.08130978660779986,news
6,1141,0.08103178738926524,news
6,244,0.08070866141732283,reddit
6,322,0.08067375886524823,reddit
6,1458,0.08035714285714286,news
6,39,0.08028616852146264,reddit
6,783,0.07989690721649485,gov
6,1413,0.07986536107711138,news
6,303,0.07971014492753624,reddit
6,1104,0.07971014492753624,news
6,1347,0.07913787430075683,news
6,367,0.07858376511226252,reddit
6,992,0.07857701329163409,news
6,1357,0.07853498542274054,news
6,1290,0.07841614906832298,news
6,631,0.07841614906832298,gov
6,34,0.07840616966580977,reddit
6,567,0.0782060785767235,gov
6,1362,0.07813659985152191,news
6,275,0.07791095890410958,reddit
6,93,0.07729007633587787,reddit
6,1326,0.0766102797657775,news
6,816,0.07581018518518517,gov
6,798,0.07581018518518517,gov
6,1432,0.07549504950495049,news
6,1267,0.07446369636963697,news
6,1208,0.07409224730127575,news
6,1263,0.07381069151544875,news
6,1119,0.07259908536585367,news
6,330,0.07242990654205608,reddit
6,572,0.0722694571615435,gov
6,966,0.0720499243570348,news
6,1454,0.07133634602969659,news
6,1429,0.07133198106828939,news
6,219,0.07103064066852367,reddit
6,1266,0.07079318013343218,news
6,195,0.07065217391304347,reddit
6,1423,0.07061579651941098,news
6,213,0.07010785824345145,reddit
6,1132,0.07009889470622455,news
6,593,0.06974459724950884,gov
6,323,0.06962025316455696,reddit
6,1420,0.06841388699795779,news
6,341,0.06818181818181818,reddit
6,945,0.06792873051224944,gov
6,1197,0.06791104050833996,news
6,1127,0.06785370548604427,news
6,1318,0.06652289316522894,news
6,88,0.06647940074906367,reddit
6,1277,0.06644602851323829,news
6,113,0.06547619047619048,reddit
6,876,0.06525735294117647,gov
6,1360,0.06364490371066228,news
6,1333,0.06338028169014084,news
6,1108,0.06296914095079233,news
6,1338,0.06270687752850314,news
6,946,0.06240369799691833,gov
6,148,0.0623721881390593,reddit
6,71,0.062130177514792904,reddit
6,0,0.06179775280898877,reddit
6,988,0.06155192532088682,news
6,1328,0.06132844335778321,news
6,240,0.06078767123287671,reddit
6,1378,0.06071737251512532,news
6,1150,0.060466050622740054,news
6,56,0.060344827586206906,reddit
6,632,0.06034482758620689,gov
6,47,0.05955497382198952,reddit
6,792,0.05921052631578946,gov
6,832,0.05865921787709498,gov
6,125,0.05865921787709498,reddit
6,1354,0.05821572580645162,news
6,65,0.05765595463137996,reddit
6,1265,0.05713473564525299,news
6,128,0.05711610486891386,reddit
6,951,0.05624227441285537,gov
6,407,0.05555555555555556,reddit
6,1078,0.05501930501930502,news
6,1399,0.05495689655172414,news
6,525,0.05480072463768115,gov
6,1158,0.05460263007432819,news
6,1324,0.05419921874999999,news
6,1008,0.05416068866571018,news
6,150,0.05414819506016466,reddit
6,1060,0.05357848952155002,news
6,1407,0.05320648343904157,news
6,1391,0.05118110236220472,news
6,426,0.05115273775216138,reddit
6,1307,0.050755939524838006,news
6,1287,0.05055055055055055,news
6,380,0.05045871559633028,reddit
6,515,0.05045871559633027,gov
6,1358,0.05033416875522139,news
6,361,0.05009823182711198,reddit
6,1352,0.04962894248608535,news
6,1418,0.048271752085816445,news
6,13,0.04810725552050473,reddit
6,1011,0.04768649669499527,news
6,1275,0.04692355500310752,news
6,1096,0.04641211323238973,news
6,1447,0.046372819100091826,news
6,1425,0.04616384915474642,news
6,415,0.04602888086642599,reddit
6,1195,0.04593373493975903,news
6,1157,0.04590570719602977,news
6,1106,0.04510474561778538,news
6,1123,0.04498657117278425,news
6,416,0.04487179487179488,reddit
6,108,0.044800884955752206,reddit
6,132,0.04466230936819172,reddit
6,1239,0.044588155207624235,news
6,1227,0.04352533564313556,news
6,1349,0.04342305738953784,news
6,453,0.04332386363636363,gov
6,1331,0.04324407510003078,news
6,973,0.042623941958887544,news
6,194,0.04236499068901303,reddit
6,297,0.042218543046357616,reddit
6,1278,0.04181260945709282,news
6,1457,0.04159049360146252,news
6,35,0.041530944625407164,reddit
6,1199,0.04132712456344586,news
6,342,0.04119547657512116,reddit
6,763,0.04022082018927445,gov
6,1427,0.03990610328638498,news
6,64,0.03988326848249027,reddit
6,1344,0.039786812097174024,news
6,1258,0.03896991795806746,news
6,1340,0.03892215568862275,news
6,1234,0.0382147024504084,news
6,617,0.038033395176252316,gov
6,170,0.03782188841201717,reddit
6,520,0.03755522827687775,gov
6,321,0.03700361010830325,reddit
6,956,0.0369928400954654,gov
6,172,0.0369928400954654,reddit
6,993,0.036912751677852344,news
6,319,0.036556603773584904,reddit
6,1056,0.03582001184132623,news
6,1183,0.03571428571428571,news
6,1236,0.035399788657978166,news
6,1087,0.03467443091582848,news
6,1321,0.034497444633730834,news
6,1163,0.034239922292374936,news
6,1289,0.034200113058224985,news
6,803,0.03394039735099338,gov
6,1247,0.03335170893054024,news
6,1179,0.03294573643410852,news
6,356,0.03259141494435612,reddit
6,1387,0.032392559332905704,news
6,85,0.03169734151329243,reddit
6,1345,0.03062178588125292,news
6,1309,0.030598958333333332,news
6,72,0.03034445051940951,reddit
6,394,0.03021327014218009,reddit
6,37,0.030155642023346304,reddit
6,1466,0.028885272579332787,news
6,383,0.028492647058823532,reddit
6,1244,0.028386734120292297,news
6,811,0.028314917127071817,gov
6,611,0.027752502274795265,gov
6,237,0.027728085867620753,reddit
6,1401,0.02753544165757906,news
6,33,0.0274822695035461,reddit
6,312,0.02700348432055749,reddit
6,386,0.026960784313725495,reddit
6,131,0.02677029360967185,reddit
6,1390,0.02639211136890951,news
6,1043,0.026315789473684216,news
6,315,0.026315789473684213,reddit
6,1456,0.026315789473684206,news
6,413,0.025362318840579712,reddit
6,377,0.02455357142857143,reddit
6,1279,0.024225575853852262,news
6,1032,0.023590333716915993,news
6,1196,0.023527578684948584,news
6,1069,0.023222477064220183,news
6,939,0.022997032640949554,gov
6,1260,0.022439191503939707,news
6,358,0.02238805970149254,reddit
6,166,0.02238805970149254,reddit
6,1064,0.02215884159719175,news
6,1468,0.022001725625539256,news
6,532,0.022001725625539256,gov
6,1177,0.02126917712691771,news
6,1210,0.021123491179201485,news
6,964,0.021047227926078025,news
6,67,0.020833333333333336,reddit
6,382,0.020833333333333336,reddit
6,732,0.02069425901201602,gov
6,92,0.0206286836935167,reddit
6,363,0.0206286836935167,reddit
6,20,0.020428015564202335,reddit
6,260,0.019366197183098594,reddit
6,1044,0.01927860696517413,news
6,254,0.01912568306010929,reddit
6,119,0.018953068592057764,reddit
6,10,0.018953068592057764,reddit
6,1203,0.018707482993197282,news
6,659,0.018453427065026364,gov
6,1365,0.018210431654676257,news
6,1336,0.018207282913165264,news
6,4,0.018134715025906738,reddit
6,138,0.01763367463026166,reddit
6,84,0.016693163751987282,reddit
6,11,0.016693163751987282,reddit
6,55,0.016178736517719568,reddit
6,302,0.01575931232091691,reddit
6,740,0.01575931232091691,gov
6,735,0.015672396359959553,gov
6,713,0.015578635014836795,gov
6,1276,0.015577007459412021,news
6,461,0.015320334261838441,gov
6,1220,0.015278609946075493,news
6,156,0.015109890109890112,reddit
6,940,0.014914772727272726,gov
6,1430,0.014865844815083393,news
6,1306,0.014521333811401936,news
6,1128,0.013675783855903935,news
6,1209,0.013202725724020443,news
6,203,0.01297169811320755,reddit
6,370,0.012820512820512822,reddit
6,1194,0.01272455089820359,news
6,831,0.01238738738738739,gov
6,211,0.01198257080610022,reddit
6,1288,0.011978361669242658,news
6,606,0.01185344827586207,gov
6,262,0.011727078891257996,reddit
6,1355,0.011440107671601614,news
6,102,0.011363636363636364,reddit
6,362,0.011363636363636364,reddit
6,162,0.011247443762781187,reddit
6,223,0.011022044088176353,reddit
6,709,0.010835913312693499,gov
6,296,0.010805500982318273,reddit
6,62,0.010700389105058368,reddit
6,1172,0.010700389105058368,news
6,401,0.010597302504816957,reddit
6,1016,0.01025390625,news
6,421,0.01020408163265306,reddit
6,368,0.01020408163265306,reddit
6,325,0.01020408163265306,reddit
6,613,0.01011029411764706,gov
6,672,0.010018214936247724,gov
6,344,0.00975177304964539,reddit
6,1393,0.009554140127388535,news
6,404,0.009259259259259259,reddit
6,259,0.009259259259259259,reddit
6,157,0.009259259259259259,reddit
6,301,0.009259259259259259,reddit
6,295,0.009259259259259259,reddit
6,288,0.009259259259259259,reddit
6,87,0.009259259259259259,reddit
6,1233,0.009204275534441805,news
6,95,0.009105960264900664,reddit
6,372,0.009031198686371101,reddit
6,238,0.008675078864353314,reddit
6,264,0.00860719874804382,reddit
6,402,0.00847457627118644,reddit
6,63,0.00847457627118644,reddit
6,139,0.00847457627118644,reddit
6,225,0.00847457627118644,reddit
6,107,0.00847457627118644,reddit
6,101,0.00847457627118644,reddit
6,1066,0.008021390374331552,news
6,579,0.008014477766287487,gov
6,741,0.007982583454281567,gov
6,267,0.007982583454281567,reddit
6,396,0.0078125,reddit
6,308,0.0078125,reddit
6,406,0.0078125,reddit
6,790,0.007703081232492998,gov
6,1095,0.0076495132127955496,news
6,417,0.007246376811594203,reddit
6,292,0.007246376811594203,reddit
6,316,0.007246376811594203,reddit
6,392,0.007246376811594203,reddit
6,255,0.007246376811594203,reddit
6,702,0.007246376811594203,gov
6,202,0.007246376811594203,reddit
6,1255,0.007032667876588022,news
6,104,0.006756756756756757,reddit
6,176,0.006756756756756757,reddit
6,388,0.006756756756756757,reddit
6,2,0.006756756756756757,reddit
6,98,0.006756756756756757,reddit
6,1,0.006715506715506716,reddit
6,1428,0.006386861313868613,news
6,243,0.006329113924050633,reddit
6,97,0.006329113924050633,reddit
6,155,0.006329113924050633,reddit
6,1051,0.006161971830985916,news
6,1162,0.006090487238979118,news
6,1076,0.006072874493927126,news
6,8,0.005952380952380953,reddit
6,220,0.005952380952380952,reddit
6,387,0.005952380952380952,reddit
6,169,0.005952380952380952,reddit
6,947,0.005920344456404736,gov
6,1298,0.005836575875486381,news
6,133,0.0056179775280898875,reddit
6,74,0.0056179775280898875,reddit
6,347,0.0056179775280898875,reddit
6,79,0.0056179775280898875,reddit
6,707,0.005478087649402391,gov
6,1200,0.005397448478900883,news
6,228,0.005319148936170213,reddit
6,1131,0.005144995322731525,news
6,14,0.005050505050505051,reddit
6,1161,0.004915102770330653,news
6,167,0.004807692307692308,reddit
6,355,0.004807692307692308,reddit
6,282,0.004807692307692308,reddit
6,1467,0.0046452702702702705,news
6,376,0.0045871559633027525,reddit
6,105,0.0045871559633027525,reddit
6,989,0.004511894995898278,news
6,205,0.0043859649122807015,reddit
6,199,0.0043859649122807015,reddit
6,961,0.004234026173979985,news
6,246,0.004201680672268907,reddit
6,48,0.004201680672268907,reddit
6,61,0.004201680672268907,reddit
6,1394,0.004138449962377728,news
6,103,0.004032258064516129,reddit
6,1443,0.003917378917378918,news
6,279,0.003875968992248062,reddit
6,300,0.003875968992248062,reddit
6,1421,0.0038220986796386382,news
6,349,0.0037313432835820895,reddit
6,177,0.0037313432835820895,reddit
6,130,0.0035971223021582736,reddit
6,197,0.0035971223021582736,reddit
6,1122,0.0035737491877842757,news
6,9,0.0034722222222222225,reddit
6,324,0.0034722222222222225,reddit
6,343,0.0034722222222222225,reddit
6,1410,0.0033971587399629403,news
6,1439,0.0033052884615384615,news
6,266,0.003246753246753247,reddit
6,1317,0.0031627372052903968,news
6,1426,0.0031446540880503146,news
6,418,0.0031446540880503146,reddit
6,70,0.0031446540880503146,reddit
6,184,0.0031446540880503146,reddit
6,351,0.0031446540880503146,reddit
6,251,0.0031446540880503146,reddit
6,164,0.0030487804878048786,reddit
6,844,0.0030487804878048786,gov
6,835,0.0030487804878048786,gov
6,848,0.0030487804878048786,gov
6,320,0.002958579881656805,reddit
6,357,0.002958579881656805,reddit
6,117,0.002873563218390805,reddit
6,196,0.002873563218390805,reddit
6,847,0.0027932960893854754,gov
6,830,0.0027932960893854754,gov
6,836,0.0027932960893854754,gov
6,393,0.0027932960893854754,reddit
6,660,0.0027932960893854754,gov
6,828,0.0027932960893854754,gov
6,399,0.0027173913043478264,reddit
6,224,0.0027173913043478264,reddit
6,145,0.0027173913043478264,reddit
6,153,0.0027173913043478264,reddit
6,191,0.0027173913043478264,reddit
6,371,0.0027173913043478264,reddit
6,1219,0.0026777020447906526,news
6,252,0.002645502645502646,reddit
6,1295,0.002614068441064639,news
6,245,0.0025773195876288664,reddit
6,1144,0.002571294997662459,news
6,384,0.00246747420367878,reddit
6,782,0.002450980392156863,gov
6,41,0.0023364485981308414,reddit
6,1113,0.0023167649536647013,news
6,1283,0.0023167649536647013,news
6,1101,0.0022831050228310505,news
6,329,0.0022321428571428575,reddit
6,43,0.0022321428571428575,reddit
6,411,0.0022321428571428575,reddit
6,326,0.0021834061135371182,reddit
6,217,0.002136752136752137,reddit
6,786,0.002136752136752137,gov
6,1337,0.002128482972136223,news
6,1181,0.0020491803278688526,news
6,723,0.0020491803278688526,gov
6,51,0.0020080321285140565,reddit
6,52,0.0020080321285140565,reddit
6,414,0.0020080321285140565,reddit
6,466,0.0019685039370078744,gov
6,458,0.0019685039370078744,gov
6,1222,0.0018939393939393942,news
6,674,0.0018939393939393942,gov
6,318,0.001858736059479554,reddit
6,960,0.0018248175182481753,news
6,78,0.001792114695340502,reddit
6,270,0.001792114695340502,reddit
6,215,0.0017605633802816904,reddit
6,445,0.0017605633802816904,gov
6,192,0.0017605633802816904,reddit
6,1091,0.0017605633802816904,news
6,247,0.001730103806228374,reddit
6,1098,0.0016447368421052633,news
6,66,0.0016447368421052633,reddit
6,106,0.0016181229773462784,reddit
6,455,0.0016181229773462784,gov
6,668,0.0015923566878980893,gov
6,967,0.0015923566878980893,news
6,27,0.0015923566878980893,reddit
6,200,0.0015673981191222572,reddit
6,673,0.0015673981191222572,gov
6,231,0.0015673981191222572,reddit
6,86,0.0015673981191222572,reddit
6,183,0.00154320987654321,reddit
6,1001,0.00154320987654321,news
6,209,0.0014970059880239522,reddit
6,666,0.0014970059880239522,gov
6,277,0.0014749262536873158,reddit
6,180,0.0014534883720930235,reddit
6,5,0.0014326647564469916,reddit
6,311,0.0014124293785310737,reddit
6,289,0.0014124293785310737,reddit
6,807,0.0013736263736263737,gov
6,806,0.0013736263736263737,gov
6,812,0.0013550135501355016,gov
6,815,0.0013550135501355016,gov
6,809,0.0013550135501355016,gov
6,59,0.0013550135501355016,reddit
6,883,0.0013550135501355016,gov
6,463,0.0013368983957219253,gov
6,971,0.0013368983957219253,news
6,354,0.0013192612137203168,reddit
6,725,0.0013192612137203168,gov
6,1138,0.0013020833333333335,news
6,188,0.0013020833333333335,reddit
6,423,0.0013020833333333335,reddit
6,309,0.0013020833333333335,reddit
6,447,0.0013020833333333335,gov
6,1334,0.0012853470437017996,news
6,216,0.0012853470437017996,reddit
6,877,0.0012853470437017996,gov
6,210,0.001269035532994924,reddit
6,797,0.001269035532994924,gov
6,610,0.0012531328320802006,gov
6,425,0.0012376237623762376,reddit
6,328,0.0012224938875305626,reddit
6,378,0.001207729468599034,reddit
6,304,0.001207729468599034,reddit
6,256,0.0011933174224343676,reddit
6,222,0.0011933174224343676,reddit
6,185,0.0011655011655011655,reddit
6,126,0.0011389521640091118,reddit
6,400,0.0011389521640091118,reddit
6,1448,0.0011389521640091118,news
6,82,0.0011261261261261261,reddit
6,171,0.0011261261261261261,reddit
6,1097,0.0011261261261261261,news
6,336,0.0011261261261261261,reddit
6,1449,0.0011261261261261261,news
6,178,0.00111358574610245,reddit
6,45,0.00111358574610245,reddit
6,141,0.00111358574610245,reddit
6,331,0.0011013215859030838,reddit
6,227,0.0011013215859030838,reddit
6,163,0.0011013215859030838,reddit
6,190,0.0010893246187363835,reddit
6,124,0.0010893246187363835,reddit
6,405,0.0010893246187363835,reddit
6,677,0.0010775862068965517,gov
6,29,0.0010775862068965517,reddit
6,120,0.0010660980810234544,reddit
6,18,0.0010660980810234544,reddit
6,348,0.0010660980810234544,reddit
6,173,0.0010660980810234544,reddit
6,704,0.0010660980810234544,gov
6,1405,0.0010548523206751056,news
6,22,0.0010548523206751056,reddit
6,285,0.0010548523206751056,reddit
6,15,0.0010438413361169103,reddit
6,111,0.0010438413361169103,reddit
6,146,0.0010438413361169103,reddit
6,346,0.0010438413361169103,reddit
6,175,0.0010330578512396695,reddit
6,137,0.0010330578512396695,reddit
6,1035,0.0010330578512396695,news
6,6,0.0010330578512396695,reddit
6,801,0.0010224948875255625,gov
6,768,0.0010224948875255625,gov
6,99,0.0010224948875255625,reddit
6,57,0.0010224948875255625,reddit
6,181,0.0010121457489878543,reddit
6,158,0.0010121457489878543,reddit
6,385,0.0010121457489878543,reddit
6,408,0.0010121457489878543,reddit
6,614,0.0010121457489878543,gov
6,174,0.0010121457489878543,reddit
6,25,0.0010020040080160322,reddit
6,390,0.0010020040080160322,reddit
6,135,0.0010020040080160322,reddit
6,334,0.0009920634920634922,reddit
6,772,0.0009920634920634922,gov
6,886,0.0009920634920634922,gov
6,127,0.0009920634920634922,reddit
6,269,0.0009920634920634922,reddit
6,151,0.000982318271119843,reddit
6,250,0.000982318271119843,reddit
6,381,0.000982318271119843,reddit
6,283,0.000982318271119843,reddit
6,226,0.000982318271119843,reddit
6,389,0.000982318271119843,reddit
6,274,0.000982318271119843,reddit
6,379,0.000982318271119843,reddit
6,32,0.000972762645914397,reddit
6,218,0.000972762645914397,reddit
6,373,0.000972762645914397,reddit
6,230,0.000972762645914397,reddit
6,1414,0.000972762645914397,news
6,253,0.000972762645914397,reddit
6,305,0.000972762645914397,reddit
6,1039,0.000972762645914397,news
6,114,0.0009633911368015415,reddit
6,618,0.0009633911368015415,gov
6,1392,0.0009633911368015415,news
6,232,0.0009633911368015415,reddit
6,248,0.0009633911368015415,reddit
6,94,0.0009541984732824428,reddit
6,287,0.0009541984732824428,reddit
6,136,0.0009541984732824428,reddit
6,109,0.0009541984732824428,reddit
6,159,0.0009541984732824428,reddit
6,73,0.0009541984732824428,reddit
6,718,0.0009541984732824428,gov
6,307,0.000945179584120983,reddit
6,306,0.000945179584120983,reddit
6,110,0.000945179584120983,reddit
6,261,0.000945179584120983,reddit
6,189,0.000945179584120983,reddit
6,424,0.0009363295880149814,reddit
6,451,0.0009363295880149814,gov
6,419,0.0009363295880149814,reddit
6,273,0.0009363295880149814,reddit
6,284,0.0009363295880149814,reddit
6,412,0.0009363295880149814,reddit
6,1213,0.0009363295880149814,news
6,995,0.0009363295880149814,news
6,68,0.000927643784786642,reddit
6,149,0.000927643784786642,reddit
6,359,0.000927643784786642,reddit
6,42,0.000927643784786642,reddit
6,90,0.000927643784786642,reddit
6,239,0.000927643784786642,reddit
6,91,0.0009191176470588236,reddit
6,403,0.0009191176470588236,reddit
6,332,0.0009191176470588236,reddit
6,44,0.0009107468123861568,reddit
6,204,0.0009107468123861568,reddit
6,808,0.0009107468123861568,gov
6,263,0.0009025270758122744,reddit
6,352,0.0009025270758122744,reddit
6,468,0.0009025270758122744,gov
6,337,0.000894454382826476,reddit
6,1441,0.000894454382826476,news
6,83,0.000894454382826476,reddit
6,49,0.000894454382826476,reddit
6,161,0.000894454382826476,reddit
6,730,0.000894454382826476,gov
6,781,0.0008865248226950355,gov
6,310,0.0008865248226950355,reddit
6,889,0.0008865248226950355,gov
6,1005,0.0008865248226950355,news
6,165,0.0008865248226950355,reddit
6,186,0.0008787346221441125,reddit
6,272,0.0008787346221441125,reddit
6,60,0.0008787346221441125,reddit
6,265,0.0008787346221441125,reddit
6,804,0.0008787346221441125,gov
6,142,0.0008710801393728224,reddit
6,340,0.0008710801393728224,reddit
6,456,0.0008710801393728224,gov
6,147,0.0008710801393728224,reddit
6,1381,0.0008710801393728224,news
6,397,0.0008710801393728224,reddit
6,53,0.0008635578583765113,reddit
6,482,0.0008635578583765113,gov
6,28,0.0008635578583765113,reddit
6,293,0.0008635578583765113,reddit
6,69,0.0008561643835616439,reddit
6,365,0.0008561643835616439,reddit
6,764,0.0008561643835616439,gov
6,353,0.0008561643835616439,reddit
6,3,0.0008561643835616439,reddit
6,486,0.0008488964346349746,gov
6,335,0.0008488964346349746,reddit
6,23,0.0008417508417508418,reddit
6,409,0.0008417508417508418,reddit
6,291,0.0008417508417508418,reddit
6,873,0.0008417508417508418,gov
6,664,0.0008417508417508418,gov
6,276,0.0008417508417508418,reddit
6,31,0.0008417508417508418,reddit
6,19,0.0008417508417508418,reddit
6,144,0.0008417508417508418,reddit
6,1424,0.0008347245409015025,news
6,317,0.0008347245409015025,reddit
6,1014,0.000827814569536424,news
6,467,0.000827814569536424,gov
6,479,0.000827814569536424,gov
6,77,0.000827814569536424,reddit
6,187,0.000827814569536424,reddit
6,485,0.000827814569536424,gov
6,236,0.0008210180623973728,reddit
6,480,0.0008210180623973728,gov
6,345,0.0008143322475570033,reddit
6,612,0.0008077544426494346,gov
6,1367,0.0008077544426494346,news
6,819,0.0008077544426494346,gov
6,475,0.0008012820512820514,gov
6,628,0.0008012820512820514,gov
6,214,0.000794912559618442,reddit
6,469,0.000794912559618442,gov
6,122,0.0007886435331230285,reddit
6,788,0.0007886435331230285,gov
6,765,0.0007886435331230285,gov
6,140,0.0007886435331230285,reddit
6,470,0.000782472613458529,gov
6,616,0.000782472613458529,gov
6,827,0.000782472613458529,gov
6,395,0.000782472613458529,reddit
6,1450,0.000782472613458529,news
6,1415,0.0007763975155279503,news
6,278,0.0007704160246533128,reddit
6,678,0.0007645259938837921,gov
6,888,0.0007645259938837921,gov
6,872,0.0007587253414264037,gov
6,327,0.0007587253414264037,reddit
6,115,0.0007587253414264037,reddit
6,364,0.0007587253414264037,reddit
6,242,0.000753012048192771,reddit
6,281,0.000753012048192771,reddit
6,375,0.0007473841554559044,reddit
6,826,0.0007473841554559044,gov
6,1126,0.000741839762611276,news
6,821,0.000741839762611276,gov
6,398,0.000741839762611276,reddit
6,810,0.000741839762611276,gov
6,234,0.000741839762611276,reddit
6,609,0.0007363770250368188,gov
6,299,0.0007309941520467836,reddit
6,529,0.000725689404934688,gov
6,1460,0.000725689404934688,news
6,1003,0.000715307582260372,news
6,21,0.000715307582260372,reddit
6,522,0.000715307582260372,gov
6,112,0.0007102272727272727,reddit
6,350,0.0007102272727272727,reddit
6,96,0.0007002801120448179,reddit
6,134,0.0007002801120448179,reddit
6,298,0.0006906077348066298,reddit
6,1221,0.0006906077348066298,news
6,474,0.0006906077348066298,gov
6,46,0.0006906077348066298,reddit
6,24,0.0006858710562414266,reddit
6,472,0.0006858710562414266,gov
6,937,0.0006811989100817438,gov
6,752,0.0006765899864682002,gov
6,1042,0.0006765899864682002,news
6,1281,0.0006675567423230974,news
6,1038,0.0006675567423230974,news
6,766,0.0006675567423230974,gov
6,738,0.000663129973474801,gov
6,422,0.000663129973474801,reddit
6,12,0.000663129973474801,reddit
6,615,0.0006501950585175553,gov
6,714,0.0006297229219143577,gov
6,1375,0.0006297229219143577,news
6,944,0.0006257822277847309,gov
6,824,0.0006218905472636816,gov
6,880,0.0006180469715698393,gov
6,705,0.0006142506142506142,gov
6,716,0.0006105006105006105,gov
6,80,0.0006105006105006105,reddit
6,665,0.0006105006105006105,gov
6,1036,0.0006067961165048543,news
6,997,0.0005924170616113745,news
6,1409,0.0005924170616113745,news
6,719,0.000585480093676815,gov
6,825,0.0005787037037037037,gov
6,734,0.0005753739930955121,gov
6,1292,0.0005720823798627002,news
6,36,0.0005688282138794084,reddit
6,1022,0.0005656108597285067,news
6,626,0.000562429696287964,gov
6,818,0.0005470459518599562,gov
6,726,0.000544069640914037,gov
6,721,0.0005411255411255411,gov
6,1291,0.0005382131324004305,news
6,1100,0.0005382131324004305,news
6,608,0.0005382131324004305,gov
6,1211,0.0005324813631522897,news
6,1282,0.0005186721991701245,news
6,710,0.0005159958720330237,gov
6,1474,0.000513347022587269,news
6,980,0.000508130081300813,news
6,1075,0.00049800796812749,news
6,1370,0.0004955401387512388,news
6,1204,0.00048828125,news
6,1416,0.00048590864917395527,news
6,720,0.00048355899419729207,gov
6,1455,0.00048355899419729207,news
6,1121,0.0004743833017077799,news
6,1009,0.00046992481203007516,news
6,75,0.00046125461254612545,reddit
6,941,0.00046125461254612545,gov
6,518,0.0004528985507246377,gov
6,1271,0.0004508566275924256,news
6,152,0.0004488330341113106,reddit
6,1472,0.0004409171075837742,news
6,607,0.0004409171075837742,gov
6,1099,0.0004351610095735422,news
6,333,0.000427715996578272,reddit
6,1240,0.0004222972972972973,news
6,1002,0.0004222972972972973,news
6,1440,0.0004152823920265781,news
6,1280,0.00041017227235438887,news
6,1463,0.0004084967320261438,news
6,574,0.00040192926045016077,gov
6,994,0.00040192926045016077,news
6,573,0.0003940110323089047,gov
6,1395,0.0003924646781789639,news
6,1411,0.00039093041438623924,news
6,1125,0.0003863987635239567,news
6,1073,0.0003849114703618168,news
6,1380,0.0003834355828220859,news
6,1442,0.0003834355828220859,news
6,1242,0.0003834355828220859,news
6,565,0.000380517503805175,gov
6,1431,0.00037064492216456633,news
6,1446,0.00036927621861152144,news
6,563,0.000363901018922853,gov
6,984,0.00036258158085569254,news
6,577,0.000361271676300578,gov
6,568,0.00035739814152966406,gov
6,1462,0.00035486160397445,news
6,1041,0.0003536067892503536,news
6,1107,0.0003536067892503536,news
6,420,0.00035112359550561797,reddit
6,564,0.00034989503149055286,gov
6,575,0.0003486750348675035,gov
6,1305,0.00034746351633078526,news
6,1433,0.00034746351633078526,news
6,959,0.00034746351633078526,news
6,1261,0.000343878954607978,news
6,1089,0.000343878954607978,news
6,1116,0.0003403675970047652,news
6,558,0.0003380662609871535,gov
6,1207,0.000335795836131632,news
6,1465,0.00033355570380253505,news
6,338,0.0003324468085106383,reddit
6,1243,0.0003313452617627568,news
6,1248,0.0003259452411994785,news
6,576,0.0003259452411994785,gov
6,1327,0.0003248862897985705,news
6,1053,0.0003238341968911917,news
6,1274,0.0003238341968911917,news
6,1452,0.00032175032175032174,news
6,1120,0.00031969309462915604,news
6,1273,0.00031665611146295124,news
6,1180,0.00031466331025802394,news
6,570,0.00031466331025802394,gov
6,571,0.00031367628607277293,gov
6,1082,0.00031269543464665416,news
6,1137,0.0003097893432465923,news
6,1436,0.0003078817733990148,news
6,1169,0.0003078817733990148,news
6,1159,0.00030693677102516884,news
6,578,0.00030599755201958387,gov
6,1348,0.00030413625304136254,news
6,1046,0.00030413625304136254,news
6,1471,0.00030321406913280777,news
6,1015,0.0003013863773357444,news
6,1170,0.0002925687536571094,news
6,1134,0.0002917152858809802,news
6,1249,0.0002842524161455372,news
6,566,0.0002834467120181406,gov
6,1470,0.00028264556246466934,news
6,1216,0.0002756339581036384,news
6,1301,0.0002748763056624519,news
6,1058,0.00027188689505165854,news
6,1021,0.00027114967462039046,news
6,1319,0.0002696871628910464,news
6,1237,0.0002605523710265764,news
6,1308,0.00025265285497726126,news
6,1088,0.0002501250625312656,news
6,1182,0.0002501250625312656,news
6,1191,0.00024764735017335313,news
6,1148,0.0002464268112370626,news
6,1057,0.0002446183953033268,news
6,986,0.00024224806201550387,news
6,1079,0.00023820867079561698,news
6,1294,0.0002376425855513308,news
6,1230,0.0002305209774089442,news
6,1284,0.00022893772893772894,news
6,1339,0.00022281639928698754,news
6,1259,0.00021939447125932427,news
6,1314,0.00021240441801189465,news
6,1302,0.0002106149957877001,news
6,1252,0.00020008003201280514,news
6,1322,0.00019538882375928098,news
6,1256,0.0001946282600233554,news
6,1130,0.00019425019425019428,news
6,1361,0.00018525379770285293,news
6,1225,0.0001845699520118125,news
6,1377,0.0001758087201125176,news
6,1223,0.0001479727730097662,news
6,1346,0.00010528532322594231,news
7,292,0.9492753623188405,reddit
7,244,0.90748031496063,reddit
7,98,0.8851351351351351,reddit
7,67,0.8541666666666666,reddit
7,971,0.8302139037433156,news
7,325,0.8265306122448979,reddit
7,357,0.8017751479289942,reddit
7,133,0.7921348314606741,reddit
7,366,0.782051282051282,reddit
7,17,0.7797619047619047,reddit
7,1411,0.7744331508991399,news
7,208,0.7626262626262625,reddit
7,1101,0.7557077625570777,news
7,1100,0.7540365984930032,news
7,1436,0.7392241379310345,news
7,1078,0.7371299871299871,news
7,1425,0.7353706111833549,news
7,1417,0.7335692618806875,news
7,1302,0.72893850042123,news
7,1089,0.7259284731774415,news
7,1075,0.722609561752988,news
7,342,0.7197092084006462,reddit
7,1377,0.7174753867791843,news
7,1434,0.7091179385530227,news
7,1148,0.6976343026121242,news
7,1244,0.6973018549747049,news
7,1179,0.691860465116279,news
7,1415,0.6917701863354037,news
7,1424,0.6853088480801335,news
7,4,0.6830742659758203,reddit
7,371,0.6820652173913044,reddit
7,1051,0.6810446009389671,news
7,83,0.6806797853309481,reddit
7,1273,0.6779607346421785,news
7,974,0.6753371868978805,news
7,1121,0.6740986717267552,news
7,1091,0.670774647887324,news
7,1460,0.6683599419448475,news
7,423,0.6653645833333334,reddit
7,277,0.6651917404129793,reddit
7,978,0.6631139944392955,news
7,1149,0.6612106238418777,news
7,1074,0.6611611611611611,news
7,202,0.6594202898550724,reddit
7,1282,0.6592323651452281,news
7,379,0.6591355599214145,reddit
7,157,0.6574074074074073,reddit
7,1334,0.6568123393316195,news
7,197,0.6510791366906475,reddit
7,1422,0.6505633321952886,news
7,1066,0.6497326203208555,news
7,377,0.6495535714285715,reddit
7,1270,0.6479028697571744,news
7,1213,0.647003745318352,news
7,78,0.6469534050179212,reddit
7,1025,0.646602658788774,news
7,382,0.6458333333333334,reddit
7,164,0.6432926829268294,reddit
7,967,0.6385350318471338,news
7,1260,0.6373758136348066,news
7,72,0.6372334609075997,reddit
7,1397,0.6343700159489633,news
7,1385,0.6341059602649007,news
7,1088,0.6330665332666333,news
7,1008,0.6316355810616929,news
7,1337,0.630998452012384,news
7,355,0.6298076923076923,reddit
7,1049,0.6290922619047619,news
7,1144,0.6290322580645161,news
7,1342,0.62546992481203,news
7,1157,0.6248966087675765,news
7,27,0.6226114649681529,reddit
7,1151,0.622408293460925,news
7,1054,0.6172385620915032,news
7,1279,0.6159650516282763,news
7,1290,0.6141304347826086,news
7,1211,0.6128860489882854,news
7,1141,0.612558624283481,news
7,1073,0.6123941493456505,news
7,1349,0.6122397155916709,news
7,1365,0.6117356115107914,news
7,140,0.6080441640378549,reddit
7,1426,0.6063464837049742,news
7,196,0.6063218390804599,reddit
7,1077,0.6061811505507956,news
7,1314,0.6055649957519117,news
7,1467,0.6043074324324323,news
7,1462,0.6036195883605393,news
7,76,0.6035653650254669,reddit
7,1276,0.6035541904344011,news
7,984,0.6022480058013052,news
7,1230,0.6018902720147534,news
7,225,0.6016949152542372,reddit
7,1352,0.600030921459493,news
7,1269,0.5977045320776927,news
7,609,0.59720176730486,gov
7,1162,0.5948375870069605,news
7,1133,0.5947452229299363,news
7,1457,0.5946069469835465,news
7,1210,0.5944753946146705,news
7,1152,0.5934691431995206,news
7,122,0.5922712933753943,reddit
7,258,0.5914454277286136,reddit
7,1458,0.5914408866995073,news
7,175,0.5898760330578513,reddit
7,1222,0.5890151515151516,news
7,316,0.5869565217391304,reddit
7,1030,0.5855899419729207,news
7,1370,0.585232903865213,news
7,1193,0.5849331006399069,news
7,1259,0.5838086880210619,news
7,1146,0.5834926704907584,news
7,1399,0.5829741379310345,news
7,1220,0.5814859197124026,news
7,988,0.5808051341890315,news
7,986,0.5792151162790697,news
7,1122,0.578622482131254,news
7,1052,0.5785159620362381,news
7,1067,0.5780226325193567,news
7,1053,0.5767487046632124,news
7,1263,0.5765080922020598,news
7,1139,0.5750978473581213,news
7,1261,0.5746217331499311,news
7,1119,0.5737423780487806,news
7,1040,0.5731319554848966,news
7,841,0.5707720588235294,gov
7,1104,0.5705937353903693,news
7,1452,0.5698198198198198,news
7,1087,0.5693488618316569,news
7,1186,0.5682893847194049,news
7,1023,0.5680242634315424,news
7,1215,0.5676532769556025,news
7,1209,0.5668654173764905,news
7,1006,0.5661244695898161,news
7,1311,0.5645325203252032,news
7,229,0.5633946830265849,reddit
7,1234,0.5633022170361727,news
7,1016,0.5620117187499999,news
7,1116,0.5619469026548672,news
7,1469,0.5603323699421965,news
7,411,0.5602678571428572,reddit
7,1079,0.5600285850404955,news
7,1360,0.5591827148896195,news
7,1168,0.5581534772182254,news
7,178,0.5579064587973275,reddit
7,1238,0.557454185240218,news
7,1095,0.5570236439499304,news
7,203,0.5554245283018868,reddit
7,308,0.5546874999999999,reddit
7,1189,0.5544692737430167,news
7,1306,0.5541412692721407,news
7,1283,0.5541280539174389,news
7,1180,0.5541220893643801,news
7,162,0.5531697341513293,reddit
7,315,0.5526315789473685,reddit
7,1233,0.5525534441805225,news
7,1252,0.552420968387355,news
7,12,0.5510610079575596,reddit
7,1105,0.5501700680272108,news
7,231,0.5501567398119123,reddit
7,1058,0.5494834148994018,news
7,84,0.5492845786963434,reddit
7,960,0.5492700729927008,news
7,1277,0.5476069246435845,news
7,215,0.5475352112676057,reddit
7,1012,0.5468319559228649,news
7,1280,0.5459392945036915,news
7,412,0.5440074906367042,reddit
7,1346,0.5433775531690883,news
7,1265,0.5432063672541216,news
7,1407,0.5429880197322058,news
7,1056,0.5420367081113084,news
7,169,0.5416666666666666,reddit
7,65,0.5396975425330813,reddit
7,1309,0.5384114583333333,news
7,962,0.5383653044203502,news
7,1256,0.5373686259244843,news
7,1062,0.537350054525627,news
7,400,0.5364464692482916,reddit
7,217,0.5363247863247864,reddit
7,1437,0.5356731875719217,news
7,1453,0.5353915662650601,news
7,1232,0.5351250665247472,news
7,38,0.5344827586206897,reddit
7,165,0.5328014184397163,reddit
7,85,0.532719836400818,reddit
7,1445,0.5326472675656494,news
7,1050,0.5314542483660131,news
7,239,0.5296846011131726,reddit
7,1442,0.5295245398773005,news
7,1070,0.5295060936497754,news
7,150,0.5291323622545915,reddit
7,1214,0.5289990645463049,news
7,237,0.5286225402504473,reddit
7,1130,0.5285547785547786,news
7,1350,0.5276726584673604,news
7,1169,0.5267857142857143,news
7,1304,0.5266122766122767,news
7,1402,0.5262891809908998,news
7,1057,0.5261741682974559,news
7,1376,0.525112443778111,news
7,1374,0.5246090156393743,news
7,1420,0.524506466984343,news
7,1258,0.5243846855059252,news
7,340,0.5235191637630662,reddit
7,1300,0.5230099502487562,news
7,1099,0.5226283724978241,news
7,1408,0.5213940648723256,news
7,1473,0.5208944281524927,news
7,368,0.520408163265306,reddit
7,992,0.5203283815480844,news
7,1002,0.5198479729729729,news
7,1159,0.5190300798035604,news
7,1217,0.51880081300813,news
7,1015,0.5186859553948161,news
7,1239,0.5176991150442477,news
7,1396,0.5176991150442477,news
7,981,0.516872551973486,news
7,995,0.5159176029962547,news
7,1281,0.5146862483311081,news
7,1061,0.5140093395597064,news
7,280,0.512801204819277,reddit
7,1032,0.5126582278481012,news
7,1274,0.511981865284974,news
7,274,0.5117878192534382,reddit
7,1011,0.5103871576959396,news
7,1379,0.5101984564498346,news
7,1410,0.5098826436071648,news
7,550,0.5093896713615023,gov
7,1138,0.5091145833333334,news
7,1295,0.5087927756653993,news
7,1348,0.5082116788321167,news
7,1176,0.5080645161290323,news
7,82,0.507882882882883,reddit
7,1225,0.5077519379844962,news
7,1321,0.5072402044293015,news
7,6,0.5072314049586777,reddit
7,1329,0.5071942446043165,news
7,1387,0.5070558050032071,news
7,284,0.5065543071161049,reddit
7,291,0.505892255892256,reddit
7,1382,0.5044150110375275,news
7,1320,0.5042985541227042,news
7,1174,0.5039241334205362,news
7,1158,0.5034305317324185,news
7,1125,0.5027047913446676,news
7,1137,0.5021685254027262,news
7,1212,0.5018776824034334,news
7,1096,0.5006583278472679,news
7,1150,0.5004017677782242,news
7,1236,0.5003522367030645,news
7,1069,0.4991399082568807,news
7,965,0.4990409207161125,news
7,1112,0.4988670694864048,news
7,1084,0.4982837528604118,news
7,973,0.49607013301088265,news
7,1335,0.49578503688092723,news
7,1235,0.49574338704773496,news
7,991,0.49552957359009625,news
7,1142,0.49481658692185004,news
7,1228,0.49415722379603405,news
7,1450,0.4937402190923318,news
7,1246,0.4931302270011947,news
7,1278,0.4927758318739054,news
7,1059,0.4921414538310413,news
7,1393,0.4918107370336669,news
7,1170,0.4918080748976009,news
7,1380,0.491180981595092,news
7,1338,0.4911732254505334,news
7,1163,0.49077221952404076,news
7,1322,0.49062133645955447,news
7,1195,0.4902108433734939,news
7,1063,0.4898341359015516,news
7,219,0.488857938718663,reddit
7,116,0.4882964889466839,reddit
7,73,0.4875954198473283,reddit
7,64,0.4873540856031129,reddit
7,959,0.4867963863794301,news
7,961,0.48537336412625093,news
7,1466,0.484540276647681,news
7,1134,0.484539089848308,news
7,161,0.48389982110912344,reddit
7,1361,0.483697665802149,news
7,1021,0.48291757049891537,news
7,1027,0.48194130925507894,news
7,13,0.48186119873817035,reddit
7,1325,0.4815005138746147,news
7,1341,0.48112892451569816,news
7,1198,0.4809107635694572,news
7,1272,0.48009814612868046,news
7,1381,0.4799651567944251,news
7,1216,0.4798787210584344,news
7,963,0.47965440356744704,news
7,1448,0.479498861047836,news
7,1251,0.4787087912087912,news
7,909,0.47744360902255645,gov
7,236,0.4770114942528736,reddit
7,1197,0.4769658459094519,news
7,1249,0.47498578737919267,news
7,351,0.4748427672955975,reddit
7,1330,0.47409909909909914,news
7,1120,0.47346547314578,news
7,1390,0.47302784222737815,news
7,1046,0.47171532846715325,news
7,1076,0.47165991902834004,news
7,1432,0.47153465346534656,news
7,1264,0.47033685268979386,news
7,1284,0.46955128205128205,news
7,1305,0.4694232105628909,news
7,138,0.46700796359499425,reddit
7,1328,0.4667889160554197,news
7,1019,0.4641041931385006,news
7,966,0.46350226928895616,news
7,105,0.4633027522935779,reddit
7,1254,0.4629883481836874,news
7,972,0.4628532360984503,news
7,1303,0.46268315018315015,news
7,1475,0.4626777251184834,news
7,994,0.462620578778135,news
7,1127,0.46246390760346484,news
7,1098,0.462171052631579,news
7,1446,0.46196454948301324,news
7,170,0.4616416309012875,reddit
7,1123,0.46128021486123544,news
7,1429,0.4601081812035159,news
7,20,0.45817120622568097,reddit
7,1154,0.45791001451378804,news
7,968,0.45766129032258057,news
7,1461,0.4559984214680347,news
7,1287,0.4559559559559559,news
7,989,0.45570139458572595,news
7,1308,0.45502779181404746,news
7,9,0.4548611111111111,reddit
7,1353,0.45457244655581946,news
7,970,0.4545644018340975,news
7,114,0.45375722543352603,reddit
7,1345,0.4537166900420757,news
7,1418,0.45351609058402853,news
7,982,0.4533898305084746,news
7,1218,0.452634379989356,news
7,1103,0.4520921770770163,news
7,390,0.45190380761523047,reddit
7,1192,0.4510216346153846,news
7,1428,0.45042579075425787,news
7,1412,0.4503491078355314,news
7,1207,0.45030221625251843,news
7,1064,0.44997806055287404,news
7,1430,0.4499637418419144,news
7,1324,0.44970703124999994,news
7,1001,0.4490740740740741,news
7,1443,0.449074074074074,news
7,1355,0.4488559892328398,news
7,1188,0.44865100087032195,news
7,253,0.448443579766537,reddit
7,1102,0.44739292364990685,news
7,1255,0.44714156079854805,news
7,1339,0.445855614973262,news
7,1319,0.4452535059331176,news
7,1293,0.4450277949351451,news
7,1409,0.4449052132701421,news
7,1299,0.4441489361702127,news
7,248,0.44412331406551064,reddit
7,993,0.44264795607077484,news
7,1463,0.44158496732026137,news
7,1354,0.4412802419354838,news
7,538,0.4408926417370325,gov
7,1459,0.4399529042386185,news
7,1140,0.43834231805929913,news
7,30,0.4375,reddit
7,1471,0.43693147362037593,news
7,1171,0.4355568117580554,news
7,1243,0.4343936381709741,news
7,1312,0.43377798951881846,news
7,1205,0.4337197580645161,news
7,1182,0.4329664832416208,news
7,367,0.43264248704663216,reddit
7,1472,0.4325396825396825,news
7,1200,0.4322865554465161,news
7,985,0.4305792163543441,news
7,1237,0.4301719645648775,news
7,16,0.4300476947535771,reddit
7,356,0.4300476947535771,reddit
7,66,0.42927631578947373,reddit
7,338,0.429188829787234,reddit
7,1097,0.42905405405405406,news
7,1082,0.42870544090056284,news
7,405,0.42592592592592593,reddit
7,1177,0.4257322175732217,news
7,1055,0.4248652291105121,news
7,137,0.42458677685950413,reddit
7,1045,0.4245678365636459,news
7,1318,0.42319177173191774,news
7,424,0.4222846441947566,reddit
7,1068,0.4219739913304435,news
7,1394,0.42174567343867564,news
7,1474,0.4214579055441478,news
7,1347,0.4213557091148405,news
7,1167,0.42098512057465365,news
7,1301,0.4208356239692138,news
7,159,0.4208015267175573,reddit
7,919,0.42074592074592077,gov
7,1223,0.42039064812074584,news
7,69,0.42037671232876717,reddit
7,353,0.42037671232876717,reddit
7,240,0.42037671232876717,reddit
7,1271,0.41974752028854817,news
7,147,0.4189895470383275,reddit
7,1160,0.41865357643758766,news
7,188,0.41796875000000006,reddit
7,1456,0.41784338896020534,news
7,1083,0.41696009389671357,news
7,1183,0.41640502354788067,news
7,119,0.4160649819494585,reddit
7,1406,0.41490963855421686,news
7,1242,0.4144938650306748,news
7,1219,0.4140701071080818,news
7,1018,0.4134233518665607,news
7,1110,0.41265947006869474,news
7,1292,0.4124713958810068,news
7,1184,0.4121621621621621,news
7,1178,0.41178211959739486,news
7,1440,0.41154485049833883,news
7,1245,0.4115162294353046,news
7,1017,0.41133942161339415,news
7,93,0.41125954198473286,reddit
7,1267,0.4106848184818482,news
7,1383,0.4101344703181371,news
7,1372,0.4099517906336088,news
7,1375,0.4099496221662468,news
7,976,0.4097270818754373,news
7,1464,0.40970715835141,news
7,1317,0.4085681426106958,news
7,1266,0.4080800593031875,news
7,1289,0.40729225551158843,news
7,1128,0.4072715143428952,news
7,1147,0.407097288676236,news
7,1344,0.40666831928606845,news
7,1435,0.40623033354310883,news
7,1136,0.40595340811044,news
7,1155,0.40533794162826425,news
7,1364,0.40533794162826425,news
7,60,0.40509666080843587,reddit
7,1313,0.40471607314725694,news
7,1250,0.4041318477251625,news
7,1135,0.4036594473487677,news
7,414,0.4036144578313254,reddit
7,980,0.401930894308943,news
7,948,0.4015679442508711,gov
7,1047,0.4015311510031679,news
7,902,0.4013867488443759,gov
7,1126,0.40133531157270025,news
7,1327,0.39993502274204024,news
7,1107,0.3999292786421499,news
7,1373,0.3996815286624204,news
7,252,0.3994708994708995,reddit
7,1423,0.3985943775100401,news
7,1117,0.39849354375896695,news
7,1296,0.39833243679397523,news
7,95,0.3981788079470199,reddit
7,28,0.3981001727115717,reddit
7,53,0.3981001727115717,reddit
7,1333,0.39696071163825053,news
7,1367,0.3966074313408724,news
7,1108,0.396580483736447,news
7,174,0.39574898785425106,reddit
7,1253,0.3956109134045077,news
7,8,0.3955627705627705,reddit
7,1336,0.39435774309723887,news
7,1391,0.3942632170978627,news
7,393,0.39385474860335196,reddit
7,1044,0.39241293532338306,news
7,1427,0.392018779342723,news
7,1080,0.391858297078931,news
7,969,0.39132507149666346,news
7,1156,0.3909682668836452,news
7,1351,0.39026602176541714,news
7,29,0.3890086206896552,reddit
7,1389,0.38882992836296104,news
7,1185,0.3878856282919488,news
7,1124,0.38743093922651933,news
7,1401,0.3874045801526717,news
7,1298,0.386603668704836,news
7,1386,0.38619624613922554,news
7,365,0.3861301369863014,reddit
7,97,0.38607594936708856,reddit
7,1071,0.38566350710900466,news
7,181,0.3856275303643725,reddit
7,1085,0.3846918489065606,news
7,35,0.38355048859934854,reddit
7,1208,0.38321884200196266,news
7,1291,0.3826695371367061,news
7,94,0.38263358778625955,reddit
7,1403,0.38219026548672563,news
7,322,0.3820921985815603,reddit
7,1323,0.3816351433801098,news
7,1204,0.38134765624999994,news
7,1231,0.38120359515435714,news
7,1247,0.38065049614112456,news
7,1143,0.3804044630404463,news
7,1297,0.3801424050632911,news
7,1048,0.3797850906648757,news
7,1275,0.3794282162834058,news
7,189,0.3790170132325142,reddit
7,1201,0.3785332314744079,news
7,1034,0.3784364261168384,news
7,1315,0.37802114803625375,news
7,1226,0.37799600532623173,news
7,200,0.377742946708464,reddit
7,912,0.37701612903225806,gov
7,89,0.37691326530612246,reddit
7,1009,0.3764097744360902,news
7,1316,0.37586009174311924,news
7,451,0.3754681647940075,gov
7,1371,0.37448024948024944,news
7,1366,0.3744061757719715,news
7,1191,0.3741951461119366,news
7,1455,0.37282398452611215,news
7,870,0.37219343696027635,gov
7,1356,0.3716392020815265,news
7,415,0.37093862815884476,reddit
7,1378,0.3697061365600691,news
7,3,0.3690068493150685,reddit
7,1248,0.36864406779661013,news
7,1294,0.368583650190114,news
7,317,0.36811352253756263,reddit
7,1400,0.3668076109936575,news
7,1003,0.36552217453505004,news
7,1454,0.36507424144609424,news
7,364,0.36494688922610014,reddit
7,845,0.36491739552964036,gov
7,1036,0.36468446601941745,news
7,996,0.3636073932441045,news
7,290,0.3635578583765112,reddit
7,179,0.3635578583765112,reddit
7,276,0.36279461279461284,reddit
7,68,0.36270871985157704,reddit
7,1161,0.3623771224307417,news
7,949,0.3620689655172413,gov
7,263,0.36191335740072206,reddit
7,1086,0.361235119047619,news
7,305,0.3608949416342413,reddit
7,1224,0.3603395061728395,news
7,1416,0.3600583090379008,news
7,701,0.35937500000000006,gov
7,1444,0.35844229675952244,news
7,1421,0.35823488533703957,news
7,134,0.35784313725490197,reddit
7,335,0.3573853989813243,reddit
7,1194,0.35703592814371254,news
7,1438,0.35693359374999994,news
7,1000,0.3567314614830813,news
7,1081,0.356042654028436,news
7,1165,0.3554025423728813,news
7,80,0.35470085470085466,reddit
7,1153,0.35371376811594196,news
7,1395,0.3536106750392464,news
7,120,0.35287846481876334,reddit
7,1111,0.3521220159151193,news
7,1094,0.3514931396287328,news
7,1414,0.3511673151750973,news
7,1029,0.351063829787234,news
7,955,0.35065645514223187,gov
7,975,0.3480926430517711,news
7,1392,0.34778420038535646,news
7,213,0.34745762711864403,reddit
7,1037,0.34670608108108103,news
7,1007,0.34670608108108103,news
7,1331,0.34641428131732843,news
7,1357,0.3463921282798834,news
7,555,0.34564860426929395,gov
7,1326,0.3449902407286923,news
7,388,0.34459459459459457,reddit
7,354,0.34432717678100266,reddit
7,1332,0.3440347970173985,news
7,1358,0.34273182957393483,news
7,47,0.34096858638743455,reddit
7,1433,0.3408617095205003,news
7,1033,0.3406725380304243,news
7,1419,0.34048877146631434,news
7,22,0.3386075949367089,reddit
7,99,0.33844580777096117,reddit
7,1173,0.33815958815958813,news
7,1005,0.33776595744680854,news
7,144,0.3375420875420876,reddit
7,1043,0.33732057416267947,news
7,96,0.3368347338935574,reddit
7,1285,0.33654519971969166,news
7,160,0.3344686648501362,reddit
7,1340,0.3340461933276304,news
7,1131,0.33255378858746487,news
7,1369,0.3320117806977798,news
7,332,0.33180147058823534,reddit
7,1227,0.3315288003464703,news
7,247,0.33044982698961944,reddit
7,736,0.3302919708029198,gov
7,204,0.32877959927140255,reddit
7,1113,0.3287700084245998,news
7,1359,0.3286429018136335,news
7,1109,0.32848067760719957,news
7,1106,0.3272766139375801,news
7,1363,0.3270932607215793,news
7,103,0.32661290322580644,reddit
7,1343,0.32638362395754356,news
7,1310,0.3261950815142305,news
7,361,0.325147347740668,reddit
7,408,0.32489878542510126,reddit
7,743,0.32420318725099595,gov
7,77,0.32367549668874174,reddit
7,187,0.32367549668874174,reddit
7,52,0.3232931726907631,reddit
7,556,0.3228980322003578,gov
7,49,0.3228980322003578,reddit
7,979,0.32185491276400363,news
7,223,0.32164328657314634,reddit
7,453,0.3203125,gov
7,406,0.32031249999999994,reddit
7,1013,0.31986143187066973,news
7,1129,0.31926203877423387,news
7,36,0.3191126279863481,reddit
7,1041,0.3185997171145686,news
7,318,0.31784386617100374,reddit
7,1405,0.31751054852320676,news
7,313,0.31692913385826776,reddit
7,55,0.3166409861325115,reddit
7,5,0.31661891117478513,reddit
7,1004,0.3156028368794326,news
7,297,0.3153973509933775,reddit
7,1199,0.3149010477299185,news
7,111,0.31419624217119,reddit
7,907,0.31314878892733566,gov
7,429,0.3126603934987168,gov
7,1413,0.3124235006119951,news
7,998,0.3117036337895233,news
7,1132,0.3115183246073298,news
7,1257,0.3103061986557132,news
7,348,0.3102345415778252,reddit
7,227,0.30947136563876654,reddit
7,744,0.30901015228426393,gov
7,1384,0.30829978321461754,news
7,285,0.3069620253164557,reddit
7,1468,0.30672993960310607,news
7,180,0.30668604651162795,reddit
7,1114,0.3064516129032258,news
7,112,0.30610795454545453,reddit
7,142,0.30574912891986067,reddit
7,363,0.30550098231827116,reddit
7,990,0.3052775250227479,news
7,198,0.30475998386446146,reddit
7,1221,0.30455801104972374,news
7,1020,0.3042949756888168,news
7,195,0.30357142857142855,reddit
7,964,0.303388090349076,news
7,51,0.3032128514056225,reddit
7,987,0.3031599736668861,news
7,1286,0.3025498528931023,news
7,218,0.30252918287937747,reddit
7,224,0.3016304347826087,reddit
7,1206,0.30114822546972864,news
7,21,0.3011444921316166,reddit
7,128,0.300561797752809,reddit
7,932,0.30032119914346894,gov
7,166,0.2995735607675906,reddit
7,442,0.2990867579908676,gov
7,127,0.29861111111111116,reddit
7,549,0.2981811145510836,gov
7,997,0.29680094786729855,news
7,287,0.2967557251908397,reddit
7,523,0.2962101063829787,gov
7,910,0.29545454545454547,gov
7,158,0.2945344129554656,reddit
7,1470,0.2942340305257207,news
7,1026,0.29406364749082003,news
7,110,0.29395085066162574,reddit
7,857,0.29314720812182743,gov
7,238,0.29258675078864355,reddit
7,745,0.29219030520646316,gov
7,350,0.29190340909090906,reddit
7,394,0.2908767772511848,reddit
7,265,0.29086115992970124,reddit
7,559,0.2900593471810089,gov
7,1362,0.2897178916109874,news
7,1241,0.28947368421052627,news
7,268,0.28926282051282054,reddit
7,723,0.2889344262295082,gov
7,271,0.2884972170686457,reddit
7,1451,0.28762755102040816,news
7,87,0.28703703703703703,reddit
7,894,0.28608247422680416,gov
7,296,0.28585461689587427,reddit
7,1060,0.2848952155001977,news
7,385,0.2844129554655871,reddit
7,118,0.28374455732946297,reddit
7,1115,0.28325554259043173,news
7,273,0.2818352059925094,reddit
7,129,0.281563126252505,reddit
7,1028,0.28129048976418763,news
7,1038,0.281041388518024,news
7,900,0.27994428969359336,gov
7,397,0.279616724738676,reddit
7,312,0.279616724738676,reddit
7,1010,0.2781339031339031,news
7,1175,0.27774314214463836,news
7,1072,0.27772556390977443,news
7,7,0.27669902912621364,reddit
7,156,0.2760989010989011,reddit
7,172,0.2756563245823389,reddit
7,643,0.27522255192878337,gov
7,261,0.27504725897920607,reddit
7,1465,0.2738492328218812,news
7,542,0.2738095238095238,gov
7,1092,0.27340297308155886,news
7,636,0.27319587628865977,gov
7,512,0.2728215767634855,gov
7,1368,0.2726490825688073,news
7,1065,0.2716606498194946,news
7,135,0.27154308617234474,reddit
7,1447,0.27134986225895313,news
7,1145,0.271243842364532,news
7,232,0.27071290944123316,reddit
7,1166,0.2706489675516224,news
7,999,0.2699711260827719,news
7,527,0.2699483352468427,gov
7,746,0.26955424726661054,gov
7,923,0.2692307692307693,gov
7,444,0.2690156599552573,gov
7,598,0.2678041543026706,gov
7,1022,0.2664027149321267,news
7,275,0.26626712328767127,reddit
7,1398,0.2660878447395301,news
7,306,0.26559546313799626,reddit
7,1288,0.26313755795981447,news
7,419,0.26310861423220977,reddit
7,139,0.2627118644067796,reddit
7,1240,0.2622466216216216,news
7,23,0.2617845117845118,reddit
7,25,0.2615230460921844,reddit
7,1441,0.2602862254025045,news
7,336,0.26013513513513514,reddit
7,33,0.2579787234042553,reddit
7,1229,0.2570011668611435,news
7,262,0.2569296375266525,reddit
7,242,0.2567771084337349,reddit
7,1431,0.25611564121571534,news
7,824,0.2555970149253731,gov
7,905,0.25533661740558294,gov
7,214,0.2551669316375199,reddit
7,1268,0.2541682822799535,news
7,1039,0.25389105058365763,news
7,10,0.2536101083032491,reddit
7,896,0.2523510971786834,gov
7,395,0.2511737089201878,reddit
7,514,0.25098328416912485,gov
7,420,0.24964887640449435,reddit
7,1202,0.24963343108504396,news
7,183,0.2484567901234568,reddit
7,1404,0.24781659388646285,news
7,267,0.24746008708272857,reddit
7,854,0.2473035439137134,gov
7,484,0.24602122015915118,gov
7,1164,0.24543189368770763,news
7,711,0.24416342412451364,gov
7,387,0.244047619047619,reddit
7,201,0.24348132487667368,reddit
7,569,0.24298711144806667,gov
7,882,0.2424071991001125,gov
7,42,0.24211502782931357,reddit
7,1262,0.24055158324821246,news
7,1031,0.2399103139013453,news
7,403,0.23988970588235295,reddit
7,610,0.2393483709273183,gov
7,334,0.2390873015873016,reddit
7,547,0.2387057387057387,gov
7,594,0.2381370826010545,gov
7,250,0.23673870333988214,reddit
7,1172,0.23443579766536968,news
7,1190,0.2341867469879518,news
7,149,0.23283858998144713,reddit
7,56,0.2327586206896552,reddit
7,401,0.23217726396917152,reddit
7,59,0.23170731707317077,reddit
7,884,0.23146292585170342,gov
7,384,0.23126962763571107,reddit
7,304,0.23067632850241548,reddit
7,109,0.2299618320610687,reddit
7,1187,0.2293868921775898,news
7,951,0.22929542645241038,gov
7,520,0.22901325478645065,gov
7,1439,0.22866586538461536,news
7,194,0.22858472998137802,reddit
7,918,0.22769953051643194,gov
7,789,0.22759022118742722,gov
7,1181,0.22745901639344263,news
7,1093,0.22440585009140768,news
7,1014,0.22433774834437087,news
7,813,0.22431957857769974,gov
7,953,0.2239512855209743,gov
7,775,0.2239292364990689,gov
7,11,0.22337042925278222,reddit
7,234,0.22329376854599406,reddit
7,720,0.22292069632495165,gov
7,298,0.22168508287292818,reddit
7,345,0.2206840390879479,reddit
7,703,0.2204198473282443,gov
7,1090,0.2204116638078902,news
7,254,0.21948998178506376,reddit
7,957,0.2190533980582524,gov
7,790,0.21778711484593838,gov
7,126,0.21753986332574035,reddit
7,389,0.21709233791748528,reddit
7,92,0.21709233791748528,reddit
7,210,0.217005076142132,reddit
7,256,0.21599045346062054,reddit
7,865,0.2154605263157895,gov
7,1196,0.21361794951698349,news
7,548,0.2132768361581921,gov
7,115,0.2132018209408194,reddit
7,477,0.21271929824561403,gov
7,455,0.21197411003236247,gov
7,1042,0.21041948579161027,news
7,681,0.2103825136612022,gov
7,2,0.20945945945945946,reddit
7,328,0.20904645476772618,reddit
7,903,0.20741758241758243,gov
7,901,0.2069672131147541,gov
7,88,0.20692883895131087,reddit
7,553,0.20633561643835618,gov
7,890,0.20521861777150915,gov
7,310,0.2047872340425532,reddit
7,518,0.20425724637681159,gov
7,531,0.20316186880604056,gov
7,341,0.20286195286195288,reddit
7,795,0.20228494623655913,gov
7,897,0.2020057306590258,gov
7,431,0.20068359375,gov
7,742,0.19962686567164178,gov
7,422,0.19960212201591512,reddit
7,913,0.19960212201591512,gov
7,131,0.1994818652849741,reddit
7,346,0.19937369519832987,reddit
7,163,0.19933920704845817,reddit
7,311,0.19915254237288135,reddit
7,327,0.19802731411229135,reddit
7,54,0.19794952681388014,reddit
7,62,0.1955252918287938,reddit
7,404,0.19444444444444445,reddit
7,301,0.19444444444444445,reddit
7,526,0.19431608133086875,gov
7,947,0.19429494079655543,gov
7,418,0.19182389937106917,reddit
7,747,0.19129916567342073,gov
7,146,0.18893528183716077,reddit
7,540,0.1879391100702576,gov
7,602,0.1879391100702576,gov
7,226,0.18762278978389,reddit
7,375,0.187593423019432,reddit
7,1307,0.18754499640028796,news
7,915,0.1864754098360656,gov
7,57,0.1850715746421268,reddit
7,898,0.18225190839694658,gov
7,624,0.18150208623087621,gov
7,321,0.18140794223826717,reddit
7,827,0.18075117370892022,gov
7,294,0.1795634920634921,reddit
7,1388,0.17885117493472585,news
7,612,0.17851373182552505,gov
7,15,0.17849686847599167,reddit
7,593,0.17779960707269157,gov
7,517,0.17508499271491013,gov
7,859,0.174373795761079,gov
7,647,0.17208904109589043,gov
7,713,0.17136498516320475,gov
7,937,0.1709809264305177,gov
7,641,0.1706281833616299,gov
7,796,0.17013129102844637,gov
7,269,0.16964285714285715,reddit
7,922,0.16814595660749507,gov
7,931,0.16772655007949128,gov
7,471,0.16707844348363188,gov
7,456,0.16637630662020908,gov
7,1035,0.1663223140495868,news
7,136,0.16316793893129772,reddit
7,718,0.16316793893129772,gov
7,333,0.16295979469632163,reddit
7,667,0.1618464961067853,gov
7,18,0.16098081023454158,reddit
7,762,0.1609513274336283,gov
7,409,0.1607744107744108,reddit
7,595,0.16046099290780144,gov
7,344,0.16046099290780144,reddit
7,260,0.1602112676056338,reddit
7,893,0.1602112676056338,gov
7,537,0.16016624040920716,gov
7,872,0.16009104704097116,gov
7,607,0.1591710758377425,gov
7,834,0.1589366515837104,gov
7,943,0.1586270871985158,gov
7,86,0.15830721003134796,reddit
7,820,0.15727699530516434,gov
7,862,0.1568144499178982,gov
7,326,0.15502183406113537,reddit
7,148,0.15439672801635992,reddit
7,521,0.15290178571428573,gov
7,19,0.15235690235690239,reddit
7,303,0.15217391304347827,reddit
7,416,0.1517094017094017,reddit
7,889,0.15159574468085107,gov
7,651,0.15140845070422534,gov
7,281,0.15135542168674698,reddit
7,814,0.14874884151992585,gov
7,818,0.14824945295404815,gov
7,916,0.14683663833805477,gov
7,44,0.14663023679417123,reddit
7,141,0.14587973273942093,reddit
7,270,0.14516129032258066,reddit
7,24,0.144718792866941,reddit
7,760,0.14463350785340315,gov
7,309,0.14453125,reddit
7,331,0.14427312775330398,reddit
7,430,0.14275037369207771,gov
7,781,0.14273049645390073,gov
7,536,0.14271255060728744,gov
7,739,0.14271255060728744,gov
7,343,0.1423611111111111,reddit
7,669,0.14086294416243655,gov
7,851,0.1396588486140725,gov
7,816,0.1394675925925926,gov
7,381,0.13850687622789784,reddit
7,283,0.13850687622789784,reddit
7,454,0.1382415254237288,gov
7,842,0.13808900523560208,gov
7,32,0.13715953307392997,reddit
7,495,0.13626126126126126,gov
7,58,0.13596491228070176,reddit
7,511,0.13596491228070176,gov
7,719,0.13524590163934427,gov
7,152,0.13509874326750448,reddit
7,496,0.13498738435660218,gov
7,653,0.13474387527839643,gov
7,755,0.13469675599435826,gov
7,207,0.13454198473282442,reddit
7,307,0.1332703213610586,reddit
7,725,0.13324538258575197,gov
7,439,0.13144329896907217,gov
7,528,0.13128003494975973,gov
7,535,0.13038793103448276,gov
7,706,0.12996031746031747,gov
7,772,0.12996031746031747,gov
7,75,0.12961254612546125,reddit
7,712,0.1292808219178082,gov
7,491,0.12915282392026578,gov
7,358,0.12899786780383796,reddit
7,708,0.1260129659643436,gov
7,264,0.12597809076682318,reddit
7,670,0.125,gov
7,817,0.12448304383788254,gov
7,121,0.12338501291989665,reddit
7,888,0.12308868501529052,gov
7,530,0.12298256939961265,gov
7,1,0.1227106227106227,reddit
7,481,0.12268346923647146,gov
7,320,0.12130177514792899,reddit
7,211,0.12091503267973856,reddit
7,871,0.12091503267973856,gov
7,39,0.12003179650238474,reddit
7,823,0.1200177147918512,gov
7,800,0.11894510226049515,gov
7,1024,0.11850802644003777,news
7,460,0.1180939226519337,gov
7,619,0.11799327354260089,gov
7,592,0.11692506459948321,gov
7,798,0.11631944444444445,gov
7,561,0.11591103507271172,gov
7,513,0.11566319601629697,gov
7,678,0.11544342507645258,gov
7,106,0.11488673139158576,reddit
7,892,0.11482084690553745,gov
7,732,0.11415220293724966,gov
7,710,0.11403508771929825,gov
7,43,0.11383928571428571,reddit
7,1449,0.11373873873873874,news
7,944,0.1132665832290363,gov
7,191,0.11141304347826086,reddit
7,534,0.10975609756097561,gov
7,741,0.10957910014513787,gov
7,173,0.10767590618336886,reddit
7,843,0.10667752442996743,gov
7,933,0.10606060606060606,gov
7,551,0.10491493383742911,gov
7,533,0.10425953442298168,gov
7,299,0.10307017543859648,reddit
7,91,0.10202205882352941,reddit
7,873,0.10185185185185185,gov
7,785,0.1015850144092219,gov
7,510,0.10041407867494824,gov
7,458,0.10039370078740158,gov
7,634,0.1000996015936255,gov
7,565,0.09931506849315068,gov
7,337,0.09928443649373882,reddit
7,124,0.09912854030501089,reddit
7,758,0.0988219895287958,gov
7,737,0.098644578313253,gov
7,376,0.0963302752293578,reddit
7,729,0.095088161209068,gov
7,432,0.09451219512195123,gov
7,590,0.09371362048894064,gov
7,101,0.09322033898305085,reddit
7,516,0.09199555308504725,gov
7,672,0.09198542805100182,gov
7,805,0.09188741721854304,gov
7,123,0.09188741721854304,reddit
7,186,0.08875219683655536,reddit
7,515,0.08798999165971644,gov
7,852,0.08753943217665615,gov
7,936,0.08744993324432576,gov
7,704,0.08635394456289978,gov
7,648,0.08601134215500945,gov
7,100,0.0859375,reddit
7,977,0.08577405857740586,news
7,794,0.08577405857740586,gov
7,942,0.0852059925093633,gov
7,787,0.08472553699284009,gov
7,90,0.08441558441558442,reddit
7,359,0.08441558441558442,reddit
7,319,0.08372641509433962,reddit
7,383,0.08363970588235294,reddit
7,509,0.0835635359116022,gov
7,646,0.08348708487084872,gov
7,625,0.08319039451114923,gov
7,774,0.08282208588957055,gov
7,754,0.08260393873085338,gov
7,557,0.08159722222222221,gov
7,929,0.08139534883720931,gov
7,766,0.08077436582109479,gov
7,837,0.07997557997557997,gov
7,920,0.07996485061511424,gov
7,151,0.07956777996070727,reddit
7,373,0.07879377431906615,reddit
7,600,0.07841614906832298,gov
7,464,0.07669789227166275,gov
7,606,0.07650862068965517,gov
7,506,0.07537553648068669,gov
7,887,0.07510148849797023,gov
7,939,0.07492581602373886,gov
7,926,0.07412790697674418,gov
7,360,0.07367149758454106,reddit
7,638,0.07275541795665634,gov
7,633,0.07275541795665634,gov
7,445,0.0721830985915493,gov
7,579,0.07006204756980351,gov
7,784,0.06947608200455581,gov
7,649,0.0676126878130217,gov
7,645,0.0676126878130217,gov
7,398,0.0675074183976261,reddit
7,722,0.06743421052631579,gov
7,220,0.06547619047619048,reddit
7,639,0.06491575817641228,gov
7,212,0.06485355648535565,reddit
7,875,0.0642361111111111,gov
7,46,0.06284530386740331,reddit
7,347,0.06179775280898877,reddit
7,539,0.06174089068825911,gov
7,716,0.06166056166056166,gov
7,802,0.060538116591928245,gov
7,941,0.06042435424354243,gov
7,566,0.059807256235827666,gov
7,478,0.05948174322732626,gov
7,185,0.05944055944055944,reddit
7,519,0.058807876530069185,gov
7,622,0.058785529715762265,gov
7,597,0.05793991416309012,gov
7,644,0.05752840909090908,gov
7,369,0.05689102564102564,reddit
7,617,0.05658627087198516,gov
7,788,0.055993690851735015,gov
7,585,0.055862831858407076,gov
7,753,0.0548854041013269,gov
7,752,0.05480378890392421,gov
7,608,0.054359526372443484,gov
7,793,0.0530642750373692,gov
7,934,0.052030456852791875,gov
7,31,0.05134680134680134,reddit
7,426,0.05115273775216138,reddit
7,480,0.05008210180623974,gov
7,715,0.05008210180623974,gov
7,222,0.048926014319809065,reddit
7,589,0.048037889039242214,gov
7,452,0.04773082942097026,gov
7,709,0.04695562435500516,gov
7,874,0.04669703872437357,gov
7,927,0.04663608562691131,gov
7,473,0.0464824120603015,gov
7,587,0.04530201342281879,gov
7,869,0.04442508710801393,gov
7,880,0.04388133498145859,gov
7,883,0.04200542005420054,gov
7,780,0.04159802306425041,gov
7,628,0.040865384615384616,gov
7,544,0.03984575835475579,gov
7,839,0.03977272727272728,gov
7,108,0.03926991150442478,reddit
7,700,0.03886438809261301,gov
7,449,0.03869499241274658,gov
7,613,0.03768382352941176,gov
7,378,0.03743961352657005,reddit
7,838,0.03700361010830325,gov
7,580,0.036556603773584904,gov
7,459,0.03571428571428571,gov
7,554,0.03292046936114733,gov
7,71,0.03254437869822486,reddit
7,543,0.03240740740740741,gov
7,552,0.032081377151799685,gov
7,778,0.031716417910447756,gov
7,801,0.03169734151329243,gov
7,946,0.03158705701078582,gov
7,476,0.030642750373692074,gov
7,286,0.03052325581395349,reddit
7,302,0.030085959885386822,reddit
7,630,0.027728085867620753,gov
7,1118,0.026960784313725495,news
7,448,0.025244299674267102,gov
7,840,0.024068322981366456,gov
7,734,0.023590333716915993,gov
7,756,0.02352048558421851,gov
7,786,0.023504273504273508,gov
7,440,0.023504273504273508,gov
7,767,0.023455377574370707,gov
7,726,0.022306855277475515,gov
7,257,0.022151898734177215,reddit
7,855,0.01966292134831461,gov
7,876,0.019301470588235295,gov
7,925,0.019301470588235295,gov
7,571,0.019134253450439145,gov
7,757,0.01912568306010929,gov
7,525,0.01856884057971014,gov
7,272,0.018453427065026364,reddit
7,761,0.01643192488262911,gov
7,707,0.015438247011952191,gov
7,427,0.015129682997118156,gov
7,815,0.014905149051490516,gov
7,34,0.014138817480719795,reddit
7,928,0.012899262899262898,gov
7,370,0.012820512820512822,reddit
7,249,0.012820512820512822,reddit
7,748,0.012514898688915374,gov
7,652,0.01238738738738739,gov
7,825,0.012152777777777778,gov
7,856,0.011727078891257996,gov
7,362,0.011363636363636364,reddit
7,235,0.011363636363636364,reddit
7,102,0.011363636363636364,reddit
7,582,0.011133603238866398,gov
7,601,0.010912698412698414,gov
7,822,0.010700389105058368,gov
7,682,0.010204081632653062,gov
7,421,0.01020408163265306,reddit
7,352,0.009927797833935019,reddit
7,776,0.009838998211091235,gov
7,640,0.00975177304964539,gov
7,804,0.009666080843585239,gov
7,659,0.009666080843585239,gov
7,833,0.009499136442141624,gov
7,664,0.00925925925925926,gov
7,259,0.009259259259259259,reddit
7,295,0.009259259259259259,reddit
7,50,0.009259259259259259,reddit
7,288,0.009259259259259259,reddit
7,803,0.009105960264900664,gov
7,107,0.00847457627118644,reddit
7,81,0.00847457627118644,reddit
7,63,0.00847457627118644,reddit
7,503,0.00847457627118644,gov
7,402,0.00847457627118644,reddit
7,950,0.00834597875569044,gov
7,750,0.007982583454281567,gov
7,396,0.0078125,reddit
7,770,0.007757404795486601,gov
7,680,0.007703081232492998,gov
7,472,0.0075445816186556925,gov
7,255,0.007246376811594203,reddit
7,392,0.007246376811594203,reddit
7,417,0.007246376811594203,reddit
7,637,0.00697084917617237,gov
7,714,0.0069269521410579345,gov
7,176,0.006756756756756757,reddit
7,104,0.006756756756756757,reddit
7,323,0.006329113924050633,reddit
7,155,0.006329113924050633,reddit
7,243,0.006329113924050633,reddit
7,113,0.005952380952380952,reddit
7,26,0.005952380952380952,reddit
7,696,0.005735140771637122,gov
7,79,0.0056179775280898875,reddit
7,911,0.0056179775280898875,gov
7,74,0.0056179775280898875,reddit
7,0,0.0056179775280898875,reddit
7,228,0.005319148936170213,reddit
7,14,0.005050505050505051,reddit
7,167,0.004807692307692308,reddit
7,282,0.004807692307692308,reddit
7,532,0.004745470232959448,gov
7,899,0.0045871559633027525,gov
7,380,0.0045871559633027525,reddit
7,490,0.0043859649122807015,gov
7,494,0.0043859649122807015,gov
7,497,0.0043859649122807015,gov
7,199,0.0043859649122807015,reddit
7,504,0.0043859649122807015,gov
7,205,0.0043859649122807015,reddit
7,507,0.0043859649122807015,gov
7,508,0.0043859649122807015,gov
7,233,0.0043859649122807015,reddit
7,505,0.0043859649122807015,gov
7,48,0.004201680672268907,reddit
7,221,0.004201680672268907,reddit
7,61,0.004201680672268907,reddit
7,241,0.004201680672268907,reddit
7,246,0.004201680672268907,reddit
7,279,0.003875968992248062,reddit
7,300,0.003875968992248062,reddit
7,575,0.0038354253835425384,gov
7,446,0.0037313432835820895,gov
7,177,0.0037313432835820895,reddit
7,349,0.0037313432835820895,reddit
7,130,0.0035971223021582736,reddit
7,777,0.0034722222222222225,gov
7,410,0.0034722222222222225,reddit
7,324,0.0034722222222222225,reddit
7,731,0.0034722222222222225,gov
7,906,0.003355704697986577,gov
7,266,0.003246753246753247,reddit
7,184,0.0031446540880503146,reddit
7,143,0.0031446540880503146,reddit
7,70,0.0031446540880503146,reddit
7,251,0.0031446540880503146,reddit
7,391,0.0031446540880503146,reddit
7,895,0.0030487804878048786,gov
7,844,0.0030487804878048786,gov
7,848,0.0030487804878048786,gov
7,835,0.0030487804878048786,gov
7,693,0.002958579881656805,gov
7,117,0.002873563218390805,reddit
7,830,0.0027932960893854754,gov
7,828,0.0027932960893854754,gov
7,832,0.0027932960893854754,gov
7,836,0.0027932960893854754,gov
7,438,0.0027932960893854754,gov
7,660,0.0027932960893854754,gov
7,847,0.0027932960893854754,gov
7,125,0.0027932960893854754,reddit
7,145,0.0027173913043478264,reddit
7,399,0.0027173913043478264,reddit
7,153,0.0027173913043478264,reddit
7,407,0.002645502645502646,reddit
7,428,0.002645502645502646,gov
7,581,0.0025773195876288664,gov
7,783,0.0025773195876288664,gov
7,245,0.0025773195876288664,reddit
7,724,0.0025125628140703522,gov
7,733,0.0025125628140703522,gov
7,782,0.002450980392156863,gov
7,779,0.002450980392156863,gov
7,386,0.002450980392156863,reddit
7,679,0.002392344497607656,gov
7,694,0.002392344497607656,gov
7,41,0.0023364485981308414,reddit
7,330,0.0023364485981308414,reddit
7,457,0.0022831050228310505,gov
7,329,0.0022321428571428575,reddit
7,698,0.0020080321285140565,gov
7,687,0.0020080321285140565,gov
7,466,0.0019685039370078744,gov
7,674,0.0018939393939393942,gov
7,904,0.0018939393939393942,gov
7,983,0.0018248175182481753,news
7,891,0.001792114695340502,gov
7,192,0.0017605633802816904,reddit
7,502,0.001730103806228374,gov
7,727,0.001730103806228374,gov
7,1203,0.0017006802721088437,news
7,689,0.0017006802721088437,gov
7,182,0.0016722408026755855,reddit
7,676,0.0016722408026755855,gov
7,193,0.0016447368421052633,reddit
7,668,0.0015923566878980893,gov
7,673,0.0015673981191222572,gov
7,773,0.00154320987654321,gov
7,662,0.00154320987654321,gov
7,728,0.0015197568389057753,gov
7,339,0.0015197568389057753,reddit
7,666,0.0014970059880239522,gov
7,658,0.0014970059880239522,gov
7,209,0.0014970059880239522,reddit
7,740,0.0014326647564469916,gov
7,289,0.0014124293785310737,reddit
7,461,0.0013927576601671311,gov
7,806,0.0013736263736263737,gov
7,807,0.0013736263736263737,gov
7,952,0.0013736263736263737,gov
7,812,0.0013550135501355016,gov
7,809,0.0013550135501355016,gov
7,656,0.0013550135501355016,gov
7,463,0.0013368983957219253,gov
7,586,0.0013192612137203168,gov
7,908,0.0013020833333333335,gov
7,447,0.0013020833333333335,gov
7,216,0.0012853470437017996,reddit
7,877,0.0012853470437017996,gov
7,866,0.0012853470437017996,gov
7,797,0.001269035532994924,gov
7,562,0.0012531328320802006,gov
7,661,0.0012531328320802006,gov
7,425,0.0012376237623762376,reddit
7,560,0.0012376237623762376,gov
7,499,0.0012376237623762376,gov
7,441,0.0012224938875305626,gov
7,413,0.001207729468599034,reddit
7,596,0.001207729468599034,gov
7,917,0.001207729468599034,gov
7,956,0.0011933174224343676,gov
7,493,0.0011933174224343676,gov
7,450,0.001179245283018868,gov
7,691,0.0011655011655011655,gov
7,846,0.001152073732718894,gov
7,878,0.0011389521640091118,gov
7,831,0.0011261261261261261,gov
7,171,0.0011261261261261261,reddit
7,863,0.00111358574610245,gov
7,671,0.00111358574610245,gov
7,45,0.00111358574610245,reddit
7,945,0.00111358574610245,gov
7,791,0.0011013215859030838,gov
7,132,0.0010893246187363835,reddit
7,190,0.0010893246187363835,reddit
7,677,0.0010775862068965517,gov
7,465,0.0010775862068965517,gov
7,501,0.0010775862068965517,gov
7,642,0.0010660980810234544,gov
7,861,0.0010548523206751056,gov
7,958,0.0010330578512396695,gov
7,768,0.0010224948875255625,gov
7,584,0.0010121457489878543,gov
7,614,0.0010121457489878543,gov
7,868,0.0010121457489878543,gov
7,686,0.0010020040080160322,gov
7,692,0.0010020040080160322,gov
7,886,0.0009920634920634922,gov
7,924,0.0009920634920634922,gov
7,40,0.000982318271119843,reddit
7,849,0.000982318271119843,gov
7,37,0.000972762645914397,reddit
7,230,0.000972762645914397,reddit
7,618,0.0009633911368015415,gov
7,663,0.0009633911368015415,gov
7,154,0.0009541984732824428,reddit
7,541,0.0009541984732824428,gov
7,591,0.000945179584120983,gov
7,206,0.0009363295880149814,reddit
7,799,0.0009363295880149814,gov
7,688,0.000927643784786642,gov
7,881,0.0009191176470588236,gov
7,599,0.0009191176470588236,gov
7,808,0.0009107468123861568,gov
7,468,0.0009025270758122744,gov
7,684,0.0009025270758122744,gov
7,685,0.0009025270758122744,gov
7,730,0.000894454382826476,gov
7,954,0.0008787346221441125,gov
7,921,0.0008710801393728224,gov
7,482,0.0008635578583765113,gov
7,293,0.0008635578583765113,reddit
7,764,0.0008561643835616439,gov
7,853,0.0008488964346349746,gov
7,486,0.0008488964346349746,gov
7,717,0.0008488964346349746,gov
7,879,0.0008417508417508418,gov
7,635,0.0008347245409015025,gov
7,479,0.000827814569536424,gov
7,485,0.000827814569536424,gov
7,467,0.000827814569536424,gov
7,699,0.0008210180623973728,gov
7,372,0.0008210180623973728,reddit
7,885,0.0008143322475570033,gov
7,374,0.0008143322475570033,reddit
7,850,0.0008143322475570033,gov
7,819,0.0008077544426494346,gov
7,475,0.0008012820512820514,gov
7,483,0.0008012820512820514,gov
7,469,0.000794912559618442,gov
7,763,0.0007886435331230285,gov
7,583,0.0007886435331230285,gov
7,546,0.0007886435331230285,gov
7,765,0.0007886435331230285,gov
7,697,0.0007886435331230285,gov
7,657,0.000782472613458529,gov
7,470,0.000782472613458529,gov
7,605,0.000782472613458529,gov
7,616,0.000782472613458529,gov
7,631,0.0007763975155279503,gov
7,314,0.0007763975155279503,reddit
7,278,0.0007704160246533128,reddit
7,769,0.0007645259938837921,gov
7,655,0.0007645259938837921,gov
7,867,0.000753012048192771,gov
7,826,0.0007473841554559044,gov
7,545,0.000741839762611276,gov
7,821,0.000741839762611276,gov
7,810,0.000741839762611276,gov
7,168,0.000741839762611276,reddit
7,654,0.0007363770250368188,gov
7,930,0.0007363770250368188,gov
7,792,0.0007309941520467836,gov
7,860,0.0007309941520467836,gov
7,627,0.000725689404934688,gov
7,695,0.000725689404934688,gov
7,675,0.000725689404934688,gov
7,529,0.000725689404934688,gov
7,522,0.000715307582260372,gov
7,604,0.000715307582260372,gov
7,629,0.000715307582260372,gov
7,940,0.0007102272727272727,gov
7,829,0.0007102272727272727,gov
7,690,0.0006954102920723226,gov
7,683,0.0006954102920723226,gov
7,474,0.0006906077348066298,gov
7,811,0.0006906077348066298,gov
7,771,0.0006858710562414266,gov
7,434,0.0006811989100817438,gov
7,462,0.0006811989100817438,gov
7,914,0.0006720430107526881,gov
7,738,0.000663129973474801,gov
7,632,0.000663129973474801,gov
7,702,0.0006587615283267457,gov
7,489,0.0006587615283267457,gov
7,751,0.0006544502617801048,gov
7,615,0.0006501950585175553,gov
7,435,0.0006459948320413437,gov
7,437,0.0006377551020408163,gov
7,938,0.0006377551020408163,gov
7,588,0.0006337135614702154,gov
7,443,0.0006180469715698393,gov
7,705,0.0006142506142506142,gov
7,665,0.0006105006105006105,gov
7,749,0.0006105006105006105,gov
7,621,0.0006105006105006105,gov
7,436,0.0006031363088057901,gov
7,935,0.0005959475566150178,gov
7,433,0.0005787037037037037,gov
7,626,0.000562429696287964,gov
7,603,0.0005561735261401557,gov
7,721,0.0005411255411255411,gov
7,759,0.0005107252298263534,gov
7,735,0.0005055611729019212,gov
7,650,0.00048828125,gov
7,611,0.00045495905368516835,gov
7,488,0.0004332755632582322,gov
7,487,0.00042408821034775233,gov
7,492,0.0004187604690117253,gov
7,858,0.0004035512510088781,gov
7,574,0.00040192926045016077,gov
7,864,0.00039556962025316455,gov
7,573,0.0003940110323089047,gov
7,567,0.00037064492216456633,gov
7,524,0.0003679175864606328,gov
7,563,0.000363901018922853,gov
7,498,0.00036258158085569254,gov
7,577,0.000361271676300578,gov
7,568,0.00035739814152966406,gov
7,564,0.00034989503149055286,gov
7,558,0.0003380662609871535,gov
7,500,0.00033467202141900936,gov
7,572,0.0003270111183780249,gov
7,576,0.0003259452411994785,gov
7,570,0.00031466331025802394,gov
7,578,0.00030599755201958387,gov
7,623,0.00024764735017335313,gov
7,620,0.00024764735017335313,gov
